name,category,subcategory,brand,description,image_url,tags,status
"BLF3100 – Ndricues LED per rruge 100W, kundraujit, me panel, 6500K 2800Lm",Elektrik,Ndriçim LED,,,,elektrik,active
"BLF3600 – Ndricues LED per rruge 300W, kundraujit, me panel, 6500K 1000Lm",Elektrik,Ndriçim LED,,,,elektrik,active
"Shirit LED me prerje cdo 5cm/120LED/meter , 220V, 6500K, 100M/TOP",Elektrik,Ndriçim LED,,,,elektrik,active
"Shirit LED me prerje cdo 5cm/120LED/meter , 220V, 4000K, 100M/TOP",Elektrik,Ndriçim LED,,,,elektrik,active
"BLF1040 – Ndricues kantieri LED kundraujit, 300W 4000K 24000Lm 120°",Elektrik,Ndriçim LED,,,,elektrik,active
"ED-500 – Kabull interneti CAT6 UTP,",Elektrik,,,,,elektrik,active
"BLF3550 – Ndricues LED per rruge 150W, kundraujit, me panel, 6500K 750Lm",Elektrik,Ndriçim LED,,,,elektrik,active
601108-Baladeze metalike me 4 priza 40m 3×2.5mm,Elektrik,Çelësa & Prize,,,,elektrik,active
5910041 – Baladeze me 4 priza 40m 3×2.5mm kabull i zi me mbrojtje termale IP20 pa kapak,Elektrik,Çelësa & Prize,,,,elektrik,active
5940041 – Baladeze me 4 priza 40m 3×2.5mm i zi me mbrojtje termale dhe kapak izolimi nga lageshtia IP44,Elektrik,Çelësa & Prize,,,,elektrik,active
Baladeze metalike me 4 priza 40m 3×1.5mm – 601209,Elektrik,Çelësa & Prize,,,,elektrik,active
"ED-150 – Prozhektor 300W, 6500 K",Elektrik,Spot & Lustër,,,,elektrik,active
5940040 – Baladeze me 4 priza 40m 3×1.5mm i zi me mbrojtje termale dhe kapak izolimi nga lageshtia IP44,Elektrik,Çelësa & Prize,,,,elektrik,active
"BMI1010 – Inverter 12V-220V 1000W , me porte USB 2.1 te perfshire",Elektrik,,,,,elektrik,active
5910031 – Baladeze me 4 priza 30m 3×2.5mm kabull i zi me mbrojtje termale IP20 pa kapak,Elektrik,Çelësa & Prize,,,,elektrik,active
5940031 – Baladeze me 4 priza 30m 3×2.5mm i zi me mbrojtje termale dhe kapak izolimi nga lageshtia IP44,Elektrik,Çelësa & Prize,,,,elektrik,active
"Baladeze me 4 priza me kapak 25m 3×2.5mm i gomuar, IP44 – 601245",Elektrik,Çelësa & Prize,,,,elektrik,active
601083 – Baladeze me 4 priza 50m 3×1.5,Elektrik,Çelësa & Prize,,,,elektrik,active
5910040 – Baladeze me 4 priza 40m 3×1.5mm kabull i zi me mbrojtje termale IP20 pa kapak,Elektrik,Çelësa & Prize,,,,elektrik,active
"Baladeze metalik me 4 priza me kapak 20m 3×2.5mm i gomuar, IP44 – 601248",Elektrik,Çelësa & Prize,,,,elektrik,active
"657800-1 – Ndricues Linear LED me varje 90cm, 36W, 4000K, 4800Lm",Elektrik,Ndriçim LED,,,,elektrik,active
"BLF4100 – Ndricues kopeshti me panel, 13x78cm, 200Lm, IP65",Elektrik,,,,,elektrik,active
Baladeze me 4 priza 25m 3×2.5mm plastike – 601202,Elektrik,Çelësa & Prize,,,,elektrik,active
5940030 – Baladeze me 4 priza 30m 3×1.5mm i zi me mbrojtje termale dhe kapak izolimi nga lageshtia IP44,Elektrik,Çelësa & Prize,,,,elektrik,active
5910030 – Baladeze me 4 priza 30m 3×1.5mm kabull i zi me mbrojtje termale IP20 pa kapak,Elektrik,Çelësa & Prize,,,,elektrik,active
Baladeze me 4 priza 20m 3×2.5mm i zi me mbrojtje termale dhe kapak izolimi nga lageshtia IP44,Elektrik,Çelësa & Prize,,,,elektrik,active
"ED-145 – Prozhektor 200W, 6500 K",Elektrik,Spot & Lustër,,,,elektrik,active
5910021 – Baladeze me 4 priza 20m 3×2.5mm kabull i zi me mbrojtje termale IP20 pa kapak,Elektrik,Çelësa & Prize,,,,elektrik,active
"Baladeze metalik me 4 priza me kapak 20m 3×1.5mm i gomuar, IP44 – 601252",Elektrik,Çelësa & Prize,,,,elektrik,active
YT-818291 – Prozhektor kantieri led me sensor 50W,Elektrik,Ndriçim LED,,,,elektrik,active
"Baladeze me 4 priza me kapak 25m 3×1.5mm i gomuar, IP44 – 601242",Elektrik,Çelësa & Prize,,,,elektrik,active
"Prozhekor LED SMD, 200 W",Elektrik,Ndriçim LED,,,,elektrik,active
5940020 – Baladeze me 4 priza 20m 3×1.5mm portokalli,Elektrik,Çelësa & Prize,,,,elektrik,active
"BLF4110 – Ndricues kopeshti dysh me panel, 15x18x36cm, 120Lm, IP44",Elektrik,,,,,elektrik,active
5910020 – Baladeze me 4 priza 20m 3×1.5mm kabull portokalli me mbrojtje termale IP20 pa kapak,Elektrik,Çelësa & Prize,,,,elektrik,active
Prozhektor led 200W 6000K 18000Lm,Elektrik,Ndriçim LED,,,,elektrik,active
601082 – Baladeze me 4 priza 25m 3×1.5,Elektrik,Çelësa & Prize,,,,elektrik,active
"ED-140 – Prozhektor 150W, 6500 K",Elektrik,Spot & Lustër,,,,elektrik,active
Baladeze metalike me 4 priza 20m 3×1.5mm – 601207,Elektrik,Çelësa & Prize,,,,elektrik,active
Prozhektor LED me sensor PIR 150W 6000K 13500Lm,Elektrik,Ndriçim LED,,,,elektrik,active
"Prozhekor LED SMD, 150 W",Elektrik,Ndriçim LED,,,,elektrik,active
"Pllafon LED LIGHTPRO fuqia 32 W, 220 – 240 V, 3400 lm",Elektrik,Ndriçim LED,,,,elektrik,active
"ED-2125 – Ndricues pasqyre krom 6W, 6500K Gold",Elektrik,,,,,elektrik,active
"ED-2130 – Ndricues pasqyre e zeze 6W, 6500K",Elektrik,,,,,elektrik,active
YT-81828 – Prozhektor LED 30W 3000LM me sensor,Elektrik,Ndriçim LED,,,,elektrik,active
Ndricues magazine led 150cm 90W 6500K 9350Lm,Elektrik,Ndriçim LED,,,,elektrik,active
"Ndricues pasqyre krom 6W, 6500K (20 Pcs/CRT)",Elektrik,,,,,elektrik,active
Prozhektor led 150W 6000K 13500Lm,Elektrik,Ndriçim LED,,,,elektrik,active
"Zgjatues 10m me 5 priza dhe celes 3.1.5mm i gomuar, I zi, me kapak me suste, IP44 – 601226",Elektrik,Çelësa & Prize,,,,elektrik,active
"Ndricues magazine led 120cm 72W 6500K 7850Lm, (10cope)",Elektrik,Ndriçim LED,,,,elektrik,active
Prozhektor LED me sensor PIR 100W 6000K 9000Lm,Elektrik,Ndriçim LED,,,,elektrik,active
Baladez portabel 15m 3×1.5mm – 601200,Elektrik,,,,,elektrik,active
"Ndricues magazine LED 48W, 6500K, 150CM – UTP4865",Elektrik,Ndriçim LED,,,,elektrik,active
"Prozhektor 100W, 6500 K(10Pcs/CRT)",Elektrik,Spot & Lustër,,,,elektrik,active
"Zgjatues 10m me 3 priza dhe celes 3.1.5mm i gomuar, I zi, me kapak me suste, IP44 – 601223",Elektrik,Çelësa & Prize,,,,elektrik,active
"Spot inkaso LED WELLMAX fuqia 48 W, 176 – 264 V, 6500 K, 4800 lm",Elektrik,Ndriçim LED,,,,elektrik,active
"Prozhektor LED SMD, 100 W 6500K (10 cope)",Elektrik,Ndriçim LED,,,,elektrik,active
"Shirit LED, 24V, 20W/m, 240 led, 4000 K, 5 Meter – SL242440",Elektrik,Ndriçim LED,,,,elektrik,active
"Spot inkaso LED LIGHTPRO fuqia 60 W, 220 – 240 V, 4000 K, 5400 lm",Elektrik,Ndriçim LED,,,,elektrik,active
"Spot inkaso LED LIGHTPRO fuqia 60 W, 220 – 240 V, 6500 K, 5400 lm",Elektrik,Ndriçim LED,,,,elektrik,active
5940000 – Baladeze bosh per 50m kabull me 4 priza me mbrojtje termale dhe kapak izolimi nga lageshtia IP44,Elektrik,Çelësa & Prize,,,,elektrik,active
ED-7035 – Ndricues kopshti katror me 3 ndarje E27,Elektrik,,,,,elektrik,active
"ED-1564 – Transformator Led RGB, 12-24 V, 24A, 576W",Elektrik,Ndriçim LED,,,,elektrik,active
"Prozhekor LED SMD me sensor, 50 W",Elektrik,Ndriçim LED,,,,elektrik,active
"Shirit LED WELLMAX fuqia 14.5 W / m, 24 V, 6500 K, 1500 lm",Elektrik,Ndriçim LED,,,,elektrik,active
"Shirit LED WELLMAX fuqia 14.5 W / m, 24 V, 4000 K, 1500 lm",Elektrik,Ndriçim LED,,,,elektrik,active
"Shirit LED WELLMAX fuqia 14.5 W / m, 12 V, 6500 K, 1500 lm",Elektrik,Ndriçim LED,,,,elektrik,active
"Shirit LED, 12V, 14.5W/5m, 240 led, 4000 K (10 cope) (500 cope)",Elektrik,Ndriçim LED,,,,elektrik,active
"Baladez me 4 priza bosh per 50m kabell, metalik – 601241",Elektrik,Çelësa & Prize,,,,elektrik,active
Prozhektor led 100W 6000K 9000Lm,Elektrik,Ndriçim LED,,,,elektrik,active
"ED-1186 – Spot rrethor jashte muri me sensor 18W,6500 K",Elektrik,Spot & Lustër,,,,elektrik,active
ED-7030 – Ndricues kopshti katror E27,Elektrik,,,,,elektrik,active
"Zgjatues 5m me 5 priza dhe celes 3.1.5mm i gomuar, I zi, me kapak me suste, IP44 – 601225",Elektrik,Çelësa & Prize,,,,elektrik,active
"Spot inkaso LED LIGHTPRO fuqia 48 W, 220 – 240 V, 4000 K, 4320 lm",Elektrik,Ndriçim LED,,,,elektrik,active
"Spot inkaso LED LIGHTPRO fuqia 48 W, 220 – 240 V, 6500 K, 4320 lm",Elektrik,Ndriçim LED,,,,elektrik,active
Prozhektor LED me sensor PIR 50W 6000K 4500Lm,Elektrik,Ndriçim LED,,,,elektrik,active
657755 – Ndricues mural ovale me sensor 3CCT 200mm 15W 4000K 1350Lm,Elektrik,Sistem Alarmi,,,,elektrik,active
"Spot inkaso LED ED-SON fuqia 40 W, 220 V, 6500 K, 3200 lm",Elektrik,Ndriçim LED,,,,elektrik,active
5910000 – Baladeze bosh per 50m kabull me 4 priza dhe mbrojtje termale IP20 pa kapak,Elektrik,Çelësa & Prize,,,,elektrik,active
YT-81826 – Prozhektor LED 10W 900LM me sensor,Elektrik,Ndriçim LED,,,,elektrik,active
ED-4115 – Sahat elektronik,Elektrik,,,,,elektrik,active
"Pllafon LED ED-SON fuqia 24 W, 220 V, 6500 K, 1800 lm",Elektrik,Ndriçim LED,,,,elektrik,active
"ED-4020 – Ndricues jashte muri me sensor 18W , 6500K",Elektrik,Sistem Alarmi,,,,elektrik,active
"ED-1655 – Ndricues magazine 72W, 6500K, 120 c",Elektrik,,,,,elektrik,active
"Ndricues rrethor jashte muri Alumin 24W, 6500K (10 cope)",Elektrik,,,,,elektrik,active
"Zgjatues 5m me 2+2 priza dhe celes 3.1.5mm I gomuar, I zi, me kapak me suste,IP44 – 601227",Elektrik,Çelësa & Prize,,,,elektrik,active
"Ndricues rrethor inkaso kase plastike 30W, 6500K – UDR3065",Elektrik,,,,,elektrik,active
"230601051 – Zgjatues kabelli me Celes e Zeze me 6 priza 5m kabell 3×1.5mm, me mbrojte femijesh",Elektrik,Çelësa & Prize,,,,elektrik,active
"AU-1554 – Transformator Led, 12 V,21A,250W",Elektrik,Ndriçim LED,,,,elektrik,active
"Prozhekor LED SMD me sensor, 30 W",Elektrik,Ndriçim LED,,,,elektrik,active
Baladeze portabel 10m 3×1.5mm,Elektrik,,,,,elektrik,active
Prozhektor led 70W 6000K 6300Lm,Elektrik,Ndriçim LED,,,,elektrik,active
"Baladez me 4 priza bosh per 50m kabell, plastik – 601240",Elektrik,Çelësa & Prize,,,,elektrik,active
"Zgjatues 5m me 3 priza dhe celes 3.1.5mm i gomuar, I zi, me kapak me suste, IP44 – 601222",Elektrik,Çelësa & Prize,,,,elektrik,active
"Ndricues tavanor LED me kend 36 grade ,30W,4000K ngjyre e bardhe",Elektrik,Ndriçim LED,,,,elektrik,active
"Prozhektor LED me sensor PIR 30W 6000K 2700Lm, (60cope)",Elektrik,Ndriçim LED,,,,elektrik,active
"ED-2026 – Shirit Led RGB, 12V, 50 LED 5 M",Elektrik,Ndriçim LED,,,,elektrik,active
"ED-6061 – Ndricues muri i bardhe me 3 pika 6W, 3000K",Elektrik,,,,,elektrik,active
"Spot inkaso LED ED-SON fuqia 24 W, 220 V, 6500 K, 1800 lm",Elektrik,Ndriçim LED,,,,elektrik,active
"ED-125 – Prozhektor 50W, 6500 K",Elektrik,Spot & Lustër,,,,elektrik,active
"ED-6051 – Ndricues muri e zeze me 3 pika 6W, 3000K",Elektrik,,,,,elektrik,active
"230301051 – Zgjatues kabelli me Celes e Zeze me 3 priza 5m kabell 3×1.5mm, me mbrojte femijesh",Elektrik,Çelësa & Prize,,,,elektrik,active
Ndricues magazine led 60cm 36W 6500K 3850Lm,Elektrik,Ndriçim LED,,,,elektrik,active
"Shirit LED WELLMAX fuqia 8 W / m, 24 V, 6500 K, 1000 lm",Elektrik,Ndriçim LED,,,,elektrik,active
"Shirit LED WELLMAX fuqia 8 W / m, 24 V, 4000 K, 1000 lm",Elektrik,Ndriçim LED,,,,elektrik,active
"Shirit LED WELLMAX fuqia 8 W / m, 12 V, 6500 K, 1000 lm",Elektrik,Ndriçim LED,,,,elektrik,active
"Shirit LED WELLMAX fuqia 8 W / m, 12 V, 4000 K, 1000 lm",Elektrik,Ndriçim LED,,,,elektrik,active
"230601031 – Zgjatues kabelli me Celes e Zeze me 6 priza 3m kabell 3×1.5mm, me mbrojte femijesh",Elektrik,Çelësa & Prize,3M,,,elektrik,active
"Prozhekor LED SMD, 50 W",Elektrik,Ndriçim LED,,,,elektrik,active
9195 – Komplet bashkues telash,Elektrik,,,,,elektrik,active
"Llambe LED LIGHTPRO ”Smart” fuqia 9 W, 220 – 240 V, 6500 K, 806 lm portollamba E27",Elektrik,Ndriçim LED,,,,elektrik,active
ED-4000 – Ndricues jashte muri me sensor,Elektrik,Sistem Alarmi,,,,elektrik,active
"Pllafon LED ED-SON fuqia 18 W, 220 V, 6500 K, 1350 lm",Elektrik,Ndriçim LED,,,,elektrik,active
ED-3310 – Sensor Levizje 1200W,Elektrik,Sistem Alarmi,,,,elektrik,active
"230401031 – Zgjatues kabelli me Celes e Zeze me 4 priza 3m kabell 3×1.5mm, me mbrojte femijesh",Elektrik,Çelësa & Prize,3M,,,elektrik,active
Prozhektor led 50W 6000K 4500Lm,Elektrik,Ndriçim LED,,,,elektrik,active
"AU-1550 – Transformator Led, 12 V,16.5A, 200W",Elektrik,Ndriçim LED,,,,elektrik,active
"ED-115 – Prozhektor 20W, 6500 K",Elektrik,Spot & Lustër,,,,elektrik,active
"Prozhekor LED SMD, 30 W",Elektrik,Ndriçim LED,,,,elektrik,active
"Pllafon LED WELLMAX fuqia 12 W, 176 – 264 V, 6500 K, 720 lm",Elektrik,Ndriçim LED,,,,elektrik,active
"230400031 – Zgjatues kabelli e Zeze me 4 priza 3m kabell 3×1.5mm, me mbrojte femijesh",Elektrik,Çelësa & Prize,3M,,,elektrik,active
"220400031 – Zgjatues kabelli e Bardhe me 4 priza 3m kabell 3×1.5mm, me mbrojte femijesh",Elektrik,Çelësa & Prize,3M,,,elektrik,active
"230301031 – Zgjatues kabelli me Celes e Zeze me 3 priza 3m kabell 3×1.5mm, me mbrojte femijesh",Elektrik,Çelësa & Prize,3M,,,elektrik,active
"AU-1543 – Transformator Led, 12 V, 10A,120W",Elektrik,Ndriçim LED,,,,elektrik,active
"Pllafon LED WELLMAX fuqia 18 W, 176 – 264 V, 6500 K, 1250 lm",Elektrik,Ndriçim LED,,,,elektrik,active
"Spot inkaso LED WELLMAX fuqia 18 W, 176 – 264 V, 6500 K, 1250 lm",Elektrik,Ndriçim LED,,,,elektrik,active
"Llambe LED WELLMAX ”Eco Lite” fuqia 45 W, 176 – 264 V, 6500 K, 5000 lm portollamba E27",Elektrik,Ndriçim LED,,,,elektrik,active
5710000 – Prize industriale trefazore ajrore IP44 / 16a 3p+N+E TS40 5X16A 50/60Hz 6h/380/415V,Elektrik,Çelësa & Prize,,,,elektrik,active
"230300031 – Zgjatues kabelli e Zeze me 3 priza 3m kabell 3×1.5mm, me mbrojte femijesh",Elektrik,Çelësa & Prize,3M,,,elektrik,active
601107 – Zgjatues 5m me 5 priza dhe celes 3×1.5mm e bardhe,Elektrik,Çelësa & Prize,,,,elektrik,active
Zgjatues 5m me 4 priza dhe celes 3×1.5mm e bardhe – 601220,Elektrik,Çelësa & Prize,,,,elektrik,active
"Llambe LED LIGHTPRO fuqia 50 W, 220 – 240 V, 6500 K, 5400 lm portollamba E27",Elektrik,Ndriçim LED,,,,elektrik,active
ED-8100 – Ndricues kopshti me mbrojtese lart e zeze,Elektrik,,,,,elektrik,active
ED-8105 – Ndricues kopshti me mbrojtese lart e zeze,Elektrik,,,,,elektrik,active
Zgjatues 5m me 3 priza dhe celes 3×1.5mm e bardhe – 601105,Elektrik,Çelësa & Prize,,,,elektrik,active
Zgjatues 5m me 5 priza 3×1.5mm e bardhe – 601103,Elektrik,Çelësa & Prize,,,,elektrik,active
"Pllafon LED LIGHTPRO fuqia 24 W, 220 – 240 V, 6500 K, 1600 lm",Elektrik,Ndriçim LED,,,,elektrik,active
"ED-110 – Prozhektor 10W, 6500 K",Elektrik,Spot & Lustër,,,,elektrik,active
"Llambe LED WELLMAX ”Eco Lite” fuqia 38 W, 176 – 264 V, 6500 K, 4050 lm portollamba E27",Elektrik,Ndriçim LED,,,,elektrik,active
Zgjatues 5m me 4 priza 3×1.5mm e bardhe – 601216,Elektrik,Çelësa & Prize,,,,elektrik,active
"Llambe LED LIGHTPRO fuqia 42 W, 220 – 240 V, 6500 K, 4500 lm portollamba E27",Elektrik,Ndriçim LED,,,,elektrik,active
"Spot inkaso LED ED-SON fuqia 18 W, 220 V, 6500 K, 1350 lm",Elektrik,Ndriçim LED,,,,elektrik,active
"Spot LED 2 ne 1 WELLMAX fuqia 24 W, 176 – 264 V, 6500 K, 2500 lm",Elektrik,Ndriçim LED,,,,elektrik,active
5540000 – Prizë Murale me 4 Vënde e Gomuar e Zezë,Elektrik,,,,,elektrik,active
HESST30002 – Tester per priza > 30mA,Elektrik,Çelësa & Prize,,,,elektrik,active
"Llambe LED ED-SON fuqia 40 W, 220 V, 6500 K, 3600 lm portollamba E27",Elektrik,Ndriçim LED,,,,elektrik,active
Zgjatues 5m me 3 priza 3×1.5mm e bardhe – 601100,Elektrik,Çelësa & Prize,,,,elektrik,active
"Spot inkaso rrethor 24W, 6500K, diameter 293mm, (20cope)",Elektrik,Spot & Lustër,3M,,,elektrik,active
"ED-1640 – Ndricues magazine 36W, 6500K, 120 cm",Elektrik,,,,,elektrik,active
"Spot inkaso LED WELLMAX fuqia 9 W, 176 – 264 V, 6500 K, 540 lm",Elektrik,Ndriçim LED,,,,elektrik,active
Zgjatues 3m me 5 priza dhe celes 3×1.5mm e bardhe – 601106,Elektrik,Çelësa & Prize,3M,,,elektrik,active
Prozhektor led 30W 6000K 2700Lm,Elektrik,Ndriçim LED,,,,elektrik,active
"Prozhekor LED SMD, 10 W",Elektrik,Ndriçim LED,,,,elektrik,active
"Spot LED 2 ne 1 WELLMAX fuqia 18 W, 176 – 264 V, 6500 K, 1850 lm",Elektrik,Ndriçim LED,,,,elektrik,active
Zgjatues 3m me 4 priza dhe celes 3×1.5mm e bardhe – 601219,Elektrik,Çelësa & Prize,3M,,,elektrik,active
Ndricues mural ovale 200mm 15W 4000K 1521Lm,Elektrik,,,,,elektrik,active
Zgjatues 3m me 3 priza dhe celes 3×1.5mm e bardhe – 601104,Elektrik,Çelësa & Prize,3M,,,elektrik,active
Zgjatues 3m me 5 priza 3×1.5mm e bardhe – 601102,Elektrik,Çelësa & Prize,3M,,,elektrik,active
"Llambe LED LIGHTPRO fuqia 33 W, 220 – 240 V, 6500 K, 3600 lm portollamba E27",Elektrik,Ndriçim LED,,,,elektrik,active
ED-633-2 – Ndricues muri gri me 2 ane,Elektrik,,,,,elektrik,active
ED-633-1 – Ndricues muri e bardhe me 2 ane,Elektrik,,,,,elektrik,active
"Llambe LED WELLMAX fuqia 9 W, 176 – 264 V, 6500 K, 810 lm portollamba E27",Elektrik,Ndriçim LED,,,,elektrik,active
"Llambe LED WELLMAX ”Eco Lite” fuqia 28 W, 176 – 264 V, 6500 K, 3000 lm portollamba E27",Elektrik,Ndriçim LED,,,,elektrik,active
"BHT7812 – Sonde elektrike najloni ,10m",Elektrik,,,,,elektrik,active
"Spot inkaso LED ED-SON fuqia 12 W, 220 V, 6500 K, 960 lm",Elektrik,Ndriçim LED,,,,elektrik,active
Zgjatues 3m me 4 priza 3×1.5mm e bardhe – 601215,Elektrik,Çelësa & Prize,3M,,,elektrik,active
"Pllafon LED LIGHTPRO fuqia 18 W, 220 – 240 V, 6500 K, 1400 lm",Elektrik,Ndriçim LED,,,,elektrik,active
Zgjatues 3m me 3 priza 3×1.5mm e bardhe – 601099,Elektrik,Çelësa & Prize,3M,,,elektrik,active
"BHT7813 – Sonde elektrike metalike ,10m",Elektrik,,,,,elektrik,active
Zgjatues 2m me 4 priza dhe celes 3×1.5mm e bardhe – 601218,Elektrik,Çelësa & Prize,,,,elektrik,active
"Spot inkaso LED ED-SON fuqia 9 W, 220 V, 6500 K, 675 lm",Elektrik,Ndriçim LED,,,,elektrik,active
"ED-1630 – Ndricues magazine 18W, 6500K, 60 cm",Elektrik,,,,,elektrik,active
Zgjatues 2m me 3 priza dhe celes 3×1.5mm e bardhe – 601217,Elektrik,Çelësa & Prize,,,,elektrik,active
Zgjatues 2m me 5 priza 3×1.5mm e bardhe – 601101,Elektrik,Çelësa & Prize,,,,elektrik,active
"Llambe LED tub 22W ,140lm/W ,150cm",Elektrik,Ndriçim LED,,,,elektrik,active
44060401 – Kanalinë 60×40 me Ngjitje ( 2m ),Elektrik,,,,,elektrik,active
7713400 – Adaptor i Tokëzuar me 3 Vënde,Elektrik,,,,,elektrik,active
"Spot inkaso LED LIGHTPRO fuqia 18 W, 220 – 240 V, 6500 K, 1400 lm",Elektrik,Ndriçim LED,,,,elektrik,active
Prozhektor led 10W 6000K 900Lm,Elektrik,Ndriçim LED,,,,elektrik,active
"Llambe LED ED-SON fuqia 30 W, 220 V, 6500 K, 2300 lm portollamba E27",Elektrik,Ndriçim LED,,,,elektrik,active
ED-3600 – Kase e jashte per spot katror 60x60cm,Elektrik,Spot & Lustër,,,,elektrik,active
Zgjatues 2m me 3 priza 3×1.5mm e bardhe,Elektrik,Çelësa & Prize,,,,elektrik,active
"BCR5126 – Fiksuese kabulli e bardhe me gozhde, 22/45 50 cope",Elektrik,,,,,elektrik,active
5530000 – Prizë Murale me 3 Vënde e Gomuar e Zezë,Elektrik,,,,,elektrik,active
5520000 – Prizë Murale me 2 Vënde e Gomuar e Zezë,Elektrik,,,,,elektrik,active
Kanaline me ngjitje 60x40mm PVC(20 cope) – 625010,Elektrik,,,,,elektrik,active
"Pllafon LED LIGHTPRO fuqia 12 W, 220 – 240 V, 6500 K, 800 lm",Elektrik,Ndriçim LED,,,,elektrik,active
Zgjatues 2m me 4 priza 3×1.5mm e bardhe – 601214,Elektrik,Çelësa & Prize,,,,elektrik,active
"Spot inkaso LED ED-SON fuqia 6 W, 220 V, 6500 K, 450 lm",Elektrik,Ndriçim LED,,,,elektrik,active
"Spot inkaso LED LIGHTPRO fuqia 12 W, 220 – 240 V, 6500 K, 800 lm",Elektrik,Ndriçim LED,,,,elektrik,active
ED-2152 – Kase spoti katrore alumini silver,Elektrik,Spot & Lustër,,,,elektrik,active
ED-2153 – Kase spoti katrore alumini e zeze,Elektrik,Spot & Lustër,,,,elektrik,active
ED-2150 – Kase spoti katrore alumini gold,Elektrik,Spot & Lustër,,,,elektrik,active
ED-2151 – Kase spoti katrore alumini rose gold,Elektrik,Spot & Lustër,,,,elektrik,active
ED-2154 – Kase spoti katrore alumini e bardhe,Elektrik,Spot & Lustër,,,,elektrik,active
"Llambe LED tub 18W ,140lm/W ,120cm (25 cope)",Elektrik,Ndriçim LED,,,,elektrik,active
"BCR5124 – Fiksuese kabulli e bardhe me gozhde, 520/40 50 cope",Elektrik,,,,,elektrik,active
Kanalinë 40×40 me Ngjitje ( 2m ),Elektrik,,,,,elektrik,active
7713000 – Adaptor i Tokëzuar me 3 Vënde Trekëndësh,Elektrik,,,,,elektrik,active
7712000 – Adaptor  i Tokëzuar me 2 Vënde,Elektrik,,,,,elektrik,active
"Llambe LED tub 18W ,100lm/W ,120cm",Elektrik,Ndriçim LED,,,,elektrik,active
"Llambe LED ED-SON fuqia 6 W, 220 V, 2700 K, 450 lm portollamba E27",Elektrik,Ndriçim LED,,,,elektrik,active
"BCR5122 – Fiksuese kabulli e bardhe me gozhde, 18/40 50 cope",Elektrik,,,,,elektrik,active
Kanalinë 40×25 me Ngjitje ( 2m ),Elektrik,,,,,elektrik,active
Kanaline me ngjitje 40x40mm PVC (40 cope) – 625009,Elektrik,,,,,elektrik,active
"Llambe LED LIGHTPRO fuqia 9 W, 220 – 240 V, 6500 K, 806 lm portollamba E27",Elektrik,Ndriçim LED,,,,elektrik,active
"Spot inkaso LED ED-SON fuqia 3 W, 220 V, 6500 K, 225 lm",Elektrik,Ndriçim LED,,,,elektrik,active
"ED-2060 – Shirit led kundra ujit 6500K ,120Led, 100 m",Elektrik,Ndriçim LED,,,,elektrik,active
"ED-2062 – Shirit led kundra ujit 4000K ,120Led, 100 m",Elektrik,Ndriçim LED,,,,elektrik,active
"Llambe spoti LED e dimeruseshme 7W, GU10, 4000K (10cope)(100 cope)",Elektrik,Ndriçim LED,,,,elektrik,active
"Llambe LED WELLMAX ”Pro-Series” fuqia 15 W, 176 – 264 V, 6500 K, 1521 lm portollamba E27",Elektrik,Ndriçim LED,,,,elektrik,active
"BCR5120 – Fiksuese kabulli e bardhe me gozhde, 16/35 50 cope",Elektrik,,,,,elektrik,active
"BCR5116 – Fiksuese kabulli e bardhe me gozhde, 12/25 100 cope",Elektrik,,,,,elektrik,active
5510000 – Prizë Murale me 1 Vënd e Gomuar e Zezë,Elektrik,,,,,elektrik,active
44040161 – Kanalinë 40×16 me Ngjitje ( 2m ),Elektrik,,,,,elektrik,active
"Spot inkaso LED LIGHTPRO fuqia 6 W, 220 – 240 V, 6500 K, 400 lm",Elektrik,Ndriçim LED,,,,elektrik,active
Kanaline me ngjitje 40x25mm PVC (40cope) – 625008,Elektrik,,,,,elektrik,active
ED-2144 – Kase spoti rrethore alumini e bardhe,Elektrik,Spot & Lustër,,,,elektrik,active
ED-2142 – Kase spoti rrethore alumini silver,Elektrik,Spot & Lustër,,,,elektrik,active
ED-2148 – Kase spoti rrethore alumini e zeze,Elektrik,Spot & Lustër,,,,elektrik,active
"Llambe LED ED-SON fuqia 5 W, 220 V, 3000 K,  portollamba E27",Elektrik,Ndriçim LED,,,,elektrik,active
ED-2149 – Kase spoti rrethore alumini e bardhe,Elektrik,Spot & Lustër,,,,elektrik,active
ED-2141 – Kase spoti rrethore alumini rose gold,Elektrik,Spot & Lustër,,,,elektrik,active
ED-2140 – Kase spoti rrethore alumini gold,Elektrik,Spot & Lustër,,,,elektrik,active
ED-8400 – Ndricues muri plastike gjysem-rreth E27,Elektrik,,,,,elektrik,active
ED-2147 – Kase spoti rrethore alumini silver,Elektrik,Spot & Lustër,,,,elektrik,active
ED-2146 – Kase spoti rrethore alumini rose gold,Elektrik,Spot & Lustër,,,,elektrik,active
ED-2145 – Kase spoti rrethore alumini gold,Elektrik,Spot & Lustër,,,,elektrik,active
ED-2143 – Kase spoti rrethore alumini e zeze,Elektrik,Spot & Lustër,,,,elektrik,active
"Llambe LED WELLMAX fuqia 9 W, 176 – 264 V, 3000 K / 4000 K / 6500 K, 810 lm portollamba E27",Elektrik,Ndriçim LED,,,,elektrik,active
"Llambe LED WELLMAX ”Pro-Series” fuqia 12 W, 176 – 264 V, 6500 K, 1160 lm portollamba E27",Elektrik,Ndriçim LED,,,,elektrik,active
"BCR5118 – Fiksuese kabulli e bardhe me gozhde, 14/30 50 cope",Elektrik,,,,,elektrik,active
Kanaline me ngjitje 40x16mm PVC (50 cope) – 625007,Elektrik,,,,,elektrik,active
"Llambe LED LIGHTPRO fuqia 9 W, 220 – 240 V, 3000 K / 4000 K / 6500 K, 806 lm portollamba E27",Elektrik,Ndriçim LED,,,,elektrik,active
"Llambe spoti LED WELLMAX fuqia 7 W, 176 – 264 V, 4000 K, 630 lm portollamba GU10",Elektrik,Ndriçim LED,,,,elektrik,active
"Llambe spoti LED WELLMAX fuqia 7 W, 176 – 264 V, 6500 K, 595 lm portollamba GU10",Elektrik,Ndriçim LED,,,,elektrik,active
5511700 – Prize shuko femer e gomuar e zezë,Elektrik,Çelësa & Prize,,,,elektrik,active
"Llambe LED ED-SON fuqia 15 W, 220 V, 3000 K, 1350 lm portollamba E27",Elektrik,Ndriçim LED,,,,elektrik,active
"Llambe LED ED-SON fuqia 15 W, 220 V, 4000 K, 1350 lm portollamba E27",Elektrik,Ndriçim LED,,,,elektrik,active
"Llambe LED ED-SON fuqia 15 W, 220 V, 6500 K, 1350 lm portollamba E27",Elektrik,Ndriçim LED,,,,elektrik,active
44025161 – Kanalinë 25×16 me Ngjitje ( 2m ),Elektrik,,,,,elektrik,active
Kanaline me ngjitje 25x25mm PVC (50 cope) – 625006,Elektrik,,,,,elektrik,active
"BCR5114 – Fiksuese kabulli e bardhe me gozhde, 10/25 100 cope",Elektrik,,,,,elektrik,active
"Llambe spoti LED WELLMAX fuqia 4W, 176 – 264 V, 4000 K, 360 lm portollamba GU10",Elektrik,Ndriçim LED,,,,elektrik,active
"Llambe spoti LED WELLMAX fuqia 4 W, 176 – 264 V, 6500 K, 340 lm portollamba GU10",Elektrik,Ndriçim LED,,,,elektrik,active
72401 – Adaptor me 3 priza 2.5A/230V,Elektrik,Çelësa & Prize,,,,elektrik,active
Spinë shuko mashkull e gomuar e zezë,Elektrik,,,,,elektrik,active
"Llambe Spoti GU10 Led 8W ,3000K , 600Lm",Elektrik,Ndriçim LED,,,,elektrik,active
"Llambe Spoti GU10 Led 8W ,4000K , 600Lm",Elektrik,Ndriçim LED,,,,elektrik,active
"Llambe Spoti GU10 Led 8W ,6500K , 600Lm",Elektrik,Ndriçim LED,,,,elektrik,active
"Llambe spoti LED ED-SON fuqia 7 W, 220 V, 3000 K, 420 lm portollamba GU10",Elektrik,Ndriçim LED,,,,elektrik,active
"Llambe spoti LED ED-SON fuqia 7 W, 220 V, 6500 K, 420 lm portollamba GU10",Elektrik,Ndriçim LED,,,,elektrik,active
7714200 – Adaptor shuko sistem Anglez/Amerikan I bardhe,Elektrik,,,,,elektrik,active
"Llambe LED LIGHTPRO fuqia 15 W, 220 – 240 V, 4000 K, 1521 lm portollamba E27",Elektrik,Ndriçim LED,,,,elektrik,active
"Llambe LED LIGHTPRO fuqia 15 W, 220 – 240 V, 6500 K, 1521 lm portollamba E27",Elektrik,Ndriçim LED,,,,elektrik,active
Kanaline me ngjitje 25x16mm PVC (80 cope) – 625005,Elektrik,,,,,elektrik,active
"BCR5112 – Fiksuese kabulli e bardhe me gozhde, 8/20 100 cope",Elektrik,,,,,elektrik,active
"Llambe LED LIGHTPRO fuqia 12 W, 220 – 240 V, 4000 K, 1251 lm portollamba E27",Elektrik,Ndriçim LED,,,,elektrik,active
"Llambe LED LIGHTPRO fuqia 12 W, 220 – 240 V, 6500 K, 1251 lm portollamba E27",Elektrik,Ndriçim LED,,,,elektrik,active
"Llambe LED WELLMAX ”Pro-Series” fuqia 9 W, 176 – 264 V, 4000 K, 810 lm portollamba E27",Elektrik,Ndriçim LED,,,,elektrik,active
7913500 – Spinë e Drejtë shuko mashkull e zeze,Elektrik,,,,,elektrik,active
7714300 – Prize shuko Femer me 5 vende e bardhe,Elektrik,Çelësa & Prize,,,,elektrik,active
44020101 – Kanalinë 20×10 me Ngjitje ( 2m ),Elektrik,,,,,elektrik,active
"BCR5110 – Fiksuese kabulli e bardhe me gozhde, 7/20 100 cope",Elektrik,,,,,elektrik,active
7911700 – Prize shuko femer e drejte e zeze,Elektrik,Çelësa & Prize,,,,elektrik,active
"BCR5108 – Fiksuese kabulli e bardhe me gozhde, 6/20 100 cope",Elektrik,,,,,elektrik,active
"Llambe Spoti GU10 Led 5W ,3000K , 400Lm",Elektrik,Ndriçim LED,,,,elektrik,active
"Llambe Spoti GU10 Led 5W ,4000K , 400Lm",Elektrik,Ndriçim LED,,,,elektrik,active
"Llambe Spoti GU10 Led 5W ,6500K , 470Lm",Elektrik,Ndriçim LED,,,,elektrik,active
"Llambe LED LIGHTPRO fuqia 5 W, 220 – 240 V, 3000 K, 470 lm portollamba E14",Elektrik,Ndriçim LED,,,,elektrik,active
"Llambe LED LIGHTPRO fuqia 5 W, 220 – 240 V, 4000 K, 470 lm portollamba E14",Elektrik,Ndriçim LED,,,,elektrik,active
"Llambe LED LIGHTPRO fuqia 5 W, 220 – 240 V, 6500 K, 470 lm portollamba E14",Elektrik,Ndriçim LED,,,,elektrik,active
44016161 – Kanalinë 16×16 me Ngjitje ( 2m ),Elektrik,,,,,elektrik,active
7714100 – Adaptor prize Sistem Anglez,Elektrik,Çelësa & Prize,,,,elektrik,active
Kanaline me ngjitje 20x10mm PVC (99 cope) – 625004,Elektrik,,,,,elektrik,active
"BCR5106 – Fiksuese kabulli e bardhe me gozhde, 5/15 100 cope",Elektrik,,,,,elektrik,active
7711600 – Spinë e 90° shuko mashkull e kuqe,Elektrik,,,,,elektrik,active
7911000 – Spike e thjeshte shuko mashkull e zeze,Elektrik,,,,,elektrik,active
"Llambe LED LIGHTPRO fuqia 9 W, 220 – 240 V, 3000 K, 806 lm portollamba E27",Elektrik,Ndriçim LED,,,,elektrik,active
"Llambe LED LIGHTPRO fuqia 9 W, 220 – 240 V, 4000 K, 806 lm portollamba E27",Elektrik,Ndriçim LED,,,,elektrik,active
"Llambe LED ED-SON fuqia 9 W, 220 V, 4000 K, 810 lm portollamba E27",Elektrik,Ndriçim LED,,,,elektrik,active
"Llambe LED ED-SON fuqia 9 W, 220 V, 3000 K, 810 lm portollamba E27",Elektrik,Ndriçim LED,,,,elektrik,active
"Llambe LED ED-SON fuqia 9 W, 220 V, 6500 K, 810 lm portollamba E27",Elektrik,Ndriçim LED,,,,elektrik,active
7711500 – Spinë e Drejtë shuko mashkull e kuqe,Elektrik,,,,,elektrik,active
44015101 – Kanalinë 15×10 me Ngjitje ( 2m ),Elektrik,,,,,elektrik,active
Kanaline me ngjitje 16x16mm PVC (120 cope) – 625003,Elektrik,,,,,elektrik,active
"Llambe LED 9W, E27, 6500K (10cope)(100 cope)",Elektrik,Ndriçim LED,,,,elektrik,active
"BCR5104 – Fiksuese kabulli e bardhe me gozhde, 4/15 100 cope",Elektrik,,,,,elektrik,active
"BCR5102 – Fiksuese kabulli e bardhe me gozhde, 3,5/15 100 cope",Elektrik,,,,,elektrik,active
"BCR5100 – Fiksuese kabulli e bardhe me gozhde, 3/15 100 cope",Elektrik,,,,,elektrik,active
"Llambe LED LIGHTPRO fuqia 7 W, 220 – 240 V, 6500 K, 470 lm portollamba E27",Elektrik,Ndriçim LED,,,,elektrik,active
44012121 – Kanalinë 12×12 me Ngjitje ( 2m ),Elektrik,,,,,elektrik,active
Kanaline me ngjitje 15x10mm PVC (132 cope) – 625002,Elektrik,,,,,elektrik,active
Kanaline me ngjitje 12x12mm PVC (135 cope) – 625001,Elektrik,,,,,elektrik,active
ED-770 – Portollambe GU10,Elektrik,,,,,elektrik,active
Portollambe GU10,Elektrik,,,,,elektrik,active
108025RU – Trapan magnetik RU25 1200W 230 V,Elektrik,,,,,elektrik,active
534489 – Zmeriluese muresh GE 6 R-EC karbon 500W/225mm/1100-1680rpm set me cante dhe 24 letra zmerilimi 225mm,Elektrik,,,,,elektrik,active
ComboKit me 3 bateri 18V/5.0 Ah  ( DS18DE +  DH18DBL +  WH18DC  + G18DBL),Elektrik,,,,,elektrik,active
"Matrapik per thyerje H65SB3-WT 42J, 30 mm,1340 W",Elektrik,,,,,elektrik,active
DH36DMA-WAZ – Matrapik SDS-Max 7.1J me 2 bateri 36 V/4.0-8.0Ah,Elektrik,,,,,elektrik,active
"108010A – Trapan magnetik A10 230 V me thellesi shpimi deri ne 35,0 mm",Elektrik,,,,,elektrik,active
"329673 – Hapese Kanali MS 1706 RF SET 1400 Watt, Ø140 mm",Elektrik,,,,,elektrik,active
"Matrapik SDS-Max 13.4J ,1.500W ,45 mm me motor pa karboncina",Elektrik,,,,,elektrik,active
"DP3211005 – Trapan Kollone 1500W, kapaciteti max i shpimit 32mm",Elektrik,,,,,elektrik,active
494631 – Gure fleksibel per hapje kanale me adaptor pluhuri L 26-6 230 2600 W/230mm + disk diamanti 230 mm,Elektrik,,,,,elektrik,active
"Karikues dhe starter Dynamic 520, 12-24V, 1.6-10Kw, 1000Ah",Elektrik,,,,,elektrik,active
Zmeriluese muresh GE 5 ECO / Giraffe 500 W / 225 mm +  Adaptor r SAD-C D36/27 AS/NL (405884)+(408360,Elektrik,,,,,elektrik,active
"Vidiator gipsi 1/4” me 2 bateri 18V/4.0Ah + koke automatike me vida, 0-5000 rpm+valixhe",Elektrik,Siguresa Automatike,,,,elektrik,active
"W18DB-WCZ – Vidiator gipsi me bateri 18V, 1/4’’(vetem trup)",Elektrik,,,,,elektrik,active
DH18DPC-WUZ – Matrapik SDS-Plus me 2 bateri 18V/5.0 Ah 3.2 J,Elektrik,,,,,elektrik,active
"Karikues dhe starter Dynamic 420, 12-24V, 1.6-10Kw, 1000Ah",Elektrik,,,,,elektrik,active
"DH36DMA-W2Z – Matrapik SDS-Max me bateri 36V , 7.1 J , 40 mm, motor pa karboncina (vetem trup)",Elektrik,,,,,elektrik,active
"WR36DE-WRZ – Pistolete dadicekesh 1/2”me 2 bateri 36 V/2.5AH, force shtrengimi 770 Nm",Elektrik,,,,,elektrik,active
"RH1700558 – Matrapik SDS-Max 1700W me motorr vertikal ,19 J",Elektrik,,,,,elektrik,active
373680 – Poliatrice elektrike PE 14-2 150 -1400W / tampon 150 mm 2600 rpm/min,Elektrik,,,,,elektrik,active
"42.507.15 – Trapan Bango TE-BD 750 E, 750 W, mandrino Ø16 lartesia 320 mm",Elektrik,,,,,elektrik,active
Set zmeriluese muri Giraffe GE MH 18.0-EC/5.0 Set+MH-R me 2 bateri 18V/5.0 Ah + karikues,Elektrik,,,,,elektrik,active
Gure fleksibel me bateri 36V/230 mm (vetem trup),Elektrik,,,,,elektrik,active
"Matrapik SDS-Max 10.5J ,1100W, 40 mm, 7.1 kg",Elektrik,,,,,elektrik,active
"Karikues dhe starter Dynamic 320, 12-24V, 1-6.4Kw, 700Ah",Elektrik,,,,,elektrik,active
PDB22001 – Matrapik per thyerje 2200W 75J,Elektrik,,,,,elektrik,active
"DDM38001 – Trapan kollone 3800W, diametri max I shpimit 230mm",Elektrik,,,,,elektrik,active
"WR36DF-W2Z – Pistolete dadickesh me bateri 36V , 3/4″, 1900 Nm- 2400 Nm, per  M10-M36, motor pa karbo (vetem trup)",Elektrik,,,,,elektrik,active
"Tronkatrice me syprine 1800W, Disk ?305×30.0mm",Elektrik,,,,,elektrik,active
"CCNLI9008 – Pistolete Gozhdesh Betoni me bateri 20V/4.0 Ah, per gozhde 15 – 40 mm(1000 gozhde ne paketim)",Elektrik,,,,,elektrik,active
"Pistolete dadicekesh 3/4” 1750Nm, 2 bateri 20V/8.0 Ah, motor pa karboncina + 3 koka kriketi 30/32/34mm – CIWLI20175",Elektrik,,,,,elektrik,active
"TP15003 – Sharre plani 1500 Watt, thellesia max e prerjes 153mm",Elektrik,,3M,,,elektrik,active
"Tronkatrice me shine 2400W, Disk Ø305×30.0mm",Elektrik,,,,,elektrik,active
461229 – Set poliatrice me 2 bateri 18V / 5.0Ah PE 150 18 EC / tampon 150 mm + paste lucidimi,Elektrik,,,,,elektrik,active
497312 – Perzjerese Kolli Elektrike me 2 marshe 1600W / MXE 1602 + Shufer WR2 160×600 M 14,Elektrik,,,,,elektrik,active
41.391.30 – Matrapik Hexagon per thyerje TE-DH50 me aks 30 mm/ 1700 W / 50 J,Elektrik,,,,,elektrik,active
507482 Zmeriluese Rrethore motor pa karboncina FLEX,Elektrik,,,,,elektrik,active
Pistolete Dadiçekesh me bateri 36V / 18V 3/4” 1800 Nm (vetem trup),Elektrik,,,,,elektrik,active
Pistolete Dadiçekesh elektrike 1/2″ 370 W / 360 Nm,Elektrik,,,,,elektrik,active
Vibrator betoni me bateri 36V / 28 mm (vetem trup),Elektrik,,,,,elektrik,active
Matrapik SDS-Plus 3.2J me bateri 36 V(vetem trup),Elektrik,,,,,elektrik,active
TS26005 – Sharre ndertimi portative 2600W,Elektrik,,,,,elektrik,active
"DV36DC-W2Z – Trapan me goditje me bateri 36V, 155 Nm, motor pa karboncina (vetem trup)",Elektrik,,,,,elektrik,active
Set HIKOKI KC18DD-WAZ Vidiator me bateri DS18DD (55Nm) + Vidiator me goditje140 Nm me 2 bateri,Elektrik,,,,,elektrik,active
Gure fleksibel 2600W/ Ø230 mm / L 26-6 230 TK-S (perfshire 1 disk diamanti) (455954)+(349054)+253049,Elektrik,,,,,elektrik,active
"447706 – Zmeriluese Rrethore me motor pa karboncina ORE 5-150 EC, 400 wat, tamponi 150 mm oshilimi 5 mm",Elektrik,,,,,elektrik,active
"447684 – Zmeriluese Rrethore me motor pa karboncina ORE 3-150 EC, 400 wat, tamponi 150 mm oshilimi 3 mm",Elektrik,,,,,elektrik,active
Gure Fleksibel 2200 W Ø 230 mm me motor pa karboncina dhe çeles sigurie,Elektrik,,,,,elektrik,active
"DP207505 – Trapan Kollone 750W, kapaciteti max i shpimit 20mm",Elektrik,,,,,elektrik,active
Gershere llamarine me bateri 14.4 V – 18 V / 1.6 mm (vetem trup),Elektrik,,,,,elektrik,active
"Pistolete boje elektrike per bojra uji 1010 Watt, 1,5Lt/min",Elektrik,,,,,elektrik,active
Combo Kit 3Ne1 me 2 Bateri 20V/5.0Ah (Zmeriluese dore DWS10508 + Zmeriluese Rrethore CROSLI2002 + Pi,Elektrik,,,,,elektrik,active
Combo Kit 3Ne1 me 2 Bateri 20V/2.0Ah (Trapan me goditje CIDLI209681 + Matrapik CRHLI20288 + Pistolet – COSLI250281,Elektrik,,,,,elektrik,active
Zmeriluese muri me motor pa karboncina 400W 900-2100rpm (me shirit LED),Elektrik,Ndriçim LED,,,,elektrik,active
505943 – Vidiator Gipsi me bateri DW 45 18.0-EC C + Set me 2 bateri 18V/2.5 Ah dhe karikues,Elektrik,,,,,elektrik,active
Combo Kit 5Ne1 me 2 bateri 20V/4.0 Ah (Trapan me goditje 66Nm CIDLI206681 + Matrapik CRHLI20228 + Gure fleksibel CAGLI27153 + P.Dadicekesh CIWLI20501 + Ndricues CWLI2038+ aksesore) – CKLI2059,Elektrik,,,,,elektrik,active
"Pistolete dadicekesh 3/4” 1350Nm, 2 bateri 20V/5.0 Ah, motor pa karboncina + 3 koka kriketi 27/30/3",Elektrik,,,,,elektrik,active
"Vidiator me 2 bateri 18V/5.0AH, 70Nm, pa karboncina 2000rpm me valixhe – DS18DE-WJZ",Elektrik,,,,,elektrik,active
"Sharre hekuri me bateri 18V SBE 64 18-EC, pa karboncina lama 835mm (vetem trup)",Elektrik,,,,,elektrik,active
"DV18DC-W2Z – Trapan me goditje me bateri 18V, 140 Nm, motor pa karboncina (vetem trup)",Elektrik,,,,,elektrik,active
"JAP15001 – Sharre Plani 1500W, thika 210mmx16.5mm",Elektrik,,,,,elektrik,active
406546 – Gure fleksibel me reostat per Inox 1400 W Ø125 mm / LE 14-7 125 INOX,Elektrik,,,,,elektrik,active
"Freze vertikale me bateri 36V, me motor pa karboncina (vetem trup)",Elektrik,,,,,elektrik,active
"Freze dore me bateri 18V, me motor pa karboncina (vetem trup)",Elektrik,,,,,elektrik,active
DDM28001 – Trapan Kollone 2800 Watt,Elektrik,,,,,elektrik,active
"Karikues baterie & boost Alpine 30, 12-24V, 0.8Kw, 30-400-12/24V",Elektrik,,,,,elektrik,active
Matrapik SDS-Plus 1.3J me bateri 18V (vetem trup),Elektrik,,,,,elektrik,active
"DS18DC-W2Z – Vidiator me bateri 18V, 140Nm(vetem trup)",Elektrik,,,,,elektrik,active
"41.390.99 – Matrapik SDS-Max TE-DH 32 per thyerje, 1500W/32 J",Elektrik,,,,,elektrik,active
"UC18YSL3-WHZ – Set me karikues dhe 2 bateri MultiVolt 18-36V, 2.5Ah/5.0Ah",Elektrik,,,,,elektrik,active
"43.405.10 – Sharre ndertimi TC-TS 254 2200W, Ø254 x ø30 mm 45-90°",Elektrik,,,,,elektrik,active
WR36DE-W2Z – Pistolete Dadiçekesh me bateri 36V / 18V 1/2” 1050 Nm (vetem trup),Elektrik,,,,,elektrik,active
41.390.87 – Matrapik per thyerje TC-DH43 me aks 30mm/1600W/43J,Elektrik,,,,,elektrik,active
"Vidiator me goditje WH18DD-WPZ ,1/4″ me 2 bateri 18 V / 5.0 Ah",Elektrik,,,,,elektrik,active
"9704489-01 – Bateri Li-Ion BLI200X, 36V/5.2 Ah",Elektrik,,,,,elektrik,active
G3613DE-W2Z – Gure fleksibel me bateri motor pa karboncina 36 V/125 mm (vetem trup),Elektrik,,,,,elektrik,active
"520756 – Vidiator me goditje me bateri 18V, motor pa karboncina (vetem trup)",Elektrik,,,,,elektrik,active
Sharre shirit 1100w thika 1140×12.7×0.6mm 3m kabell,Elektrik,Aksesorë Elektrik,3M,,,elektrik,active
491268 – Pistolete dadicekesh me bateri IW 1/2″ 18.0-EC C (vetem trup),Elektrik,,,,,elektrik,active
"Pistolete dadicekesh 18V, IW 3/4 pa karboncinca 1060nM ( vetem trup ) – 492612",Elektrik,,,,,elektrik,active
"G1813DVE-W2Z – Gure fleksibel me reostat dhe bateri 18V/125 mm, 3,200-8,000 rpm (vetem trup)",Elektrik,,,,,elektrik,active
RH1200428 – Matrapik SDS-Max 1200 W me motorr vertikal,Elektrik,,,,,elektrik,active
491314 – Matrapik me bateri CHE2-26 18V(vetem trup),Elektrik,,,,,elektrik,active
"43.404.90 – Sharre portative TC-TS 2025/2 U, 1800 W, disku 250×30 mm",Elektrik,,,,,elektrik,active
FBCLI20245 – Set me 4 bateri 20V/5.0 Ah + karikues dopio I shpejte + valixhe plastike,Elektrik,,,,,elektrik,active
"PDB15006 – Matrapik SDS-Max per thyerje me motorr vertikal 1500 W, 5-25 J",Elektrik,,,,,elektrik,active
"Trapan me goditje me bateri 18V PD 2G 18-EC HD2 C 170Nm, pa karboncina (vetem trup) – 535162",Elektrik,,,,,elektrik,active
"YT-81811 – Ndricues kantienri me stativ portabel 5000LM,50W I karikueshem",Elektrik,,,,,elektrik,active
Pistolete dadicekesh me bateri 18V IW 1/2″ 950nM 18.0-EC C (Vetem trup),Elektrik,,,,,elektrik,active
"WR36DG-W2Z – Pistolete dadickesh me bateri 36V , 1/2″",Elektrik,,,,,elektrik,active
531035 – Perzjerese kolli MXE 1010W + shufer perzjerese 120mm,Elektrik,,,,,elektrik,active
"WH36DC-W4Z – Vidiator me goditje 1/4′ me bateri 36V, moment rrotullimi 215Nm (vetem trup)",Elektrik,,,,,elektrik,active
"42.599.60 – Zmeriluese muri TE-DW 225 X, 750 W / 225 mm",Elektrik,,,,,elektrik,active
"Sharre me lama horizontale me bateri me motor pa karboncina (kapaciteti prerjes 120,130,19MM) (vetem",Elektrik,,,,,elektrik,active
Sharre hekuri me bateri 18 V / 5.0 Ah me motor pa karboncina (vetem trup),Elektrik,,,,,elektrik,active
"PTC8001 – Prerese pllakash 800 W, disku 200 x 25.4 mm",Elektrik,,,,,elektrik,active
Combo Kit (Pistolete Dadicekesh 850Nm TIWLI20851 +TAGLI21154 +TVLI201261) me 2 bateri 20V/5.0Ah + ak,Elektrik,,,,,elektrik,active
Combo Kit 4Ne1 me 2 bateri 20V/4.0 Ah (Trapan me goditje 96Nm CIDLI209681 + Gure fleksibel CAGLI2715,Elektrik,,,,,elektrik,active
Combo Kit 4Ne1 me 2 bateri 20V/4.0 Ah (Trapan me goditje 96Nm CIDLI209681 + Gure fleksibel CAGLI2715 – COSLI241292,Elektrik,,,,,elektrik,active
Combo kit 4Ne1 me 2 bateri 20V/4.0 Ah (Trapan me goditje 96NmCIDLI209681 + Vidiator me goditje 285Nm CIRLI20281 + Sharre rrethoreCSLI1851 + Ndricues kantieri 2000LMN CWLI2088) – COSLI241297,Elektrik,,,,,elektrik,active
"Combo Kit 4Ne1 me 2 bateri 20V/4.0Ah (Motosharre CGSLI20128, Motokose CGTLI20018, Krasitese ligustrash CHTLI20018, Fryrese gjethesh CABLI20428) – COSLI250496",Elektrik,,,,,elektrik,active
Set me 2 bateri 18V/5.0Ah dhe karikues  P55 R,Elektrik,,,,,elektrik,active
"499285 – Gure fleksibel me bateri LBE 125 18.0-EC C, me reostat dhe frene sigurie (vetem trup)",Elektrik,,,,,elektrik,active
"Trapan/Vidiator me bateri 18V DD 2G 18-EC HD2 C 170Nm, pa karboncina (vetem trup) – 535165",Elektrik,,,,,elektrik,active
"532028 – Matrapik SDS-Plus CHE2-28 800W, 2.7 Jaul + adaptor per thithjen e pluhurit",Elektrik,,,,,elektrik,active
"CJ18DB-W2Z – Sharre me lama vertikale me bateri 18V, 135 mm (vetem trup)",Elektrik,,,,,elektrik,active
277014008/ST1 – E 440 Batteri,Elektrik,,,,,elektrik,active
"Sharre Shirit Bango 350W, thellesia prerjes 80mm, gjeresia prerjes 230mm + Syze mbrojtese me xham  te verdhe Polikarbonat (YT-7362)",Elektrik,Aksesorë Elektrik,,,,elektrik,active
"BDX2150 – Tronkatrice me syprine, 1200W, Φ210mm, 5300rpm, 0/90°, 45°/0°, 45°/45°",Elektrik,,,,,elektrik,active
"CCSNLI6008 – Pistolete Majash U me bateri 20V/2.0Ah, motor pa karboncina, per maja U K10~K40",Elektrik,,,,,elektrik,active
491241 – Vidiator me goditje me bateri 18V ID 1/4” (vetem trup),Elektrik,,,,,elektrik,active
491276 – Vidiator gipsi me bateri 18V DW 45 18.0-EC C 1/4” (vetem trup) + 2 bateri 18V/2.5Ah,Elektrik,,,,,elektrik,active
Matrapik SDS-Plus CHE 2-28 800W me valixhe plastike – 533851,Elektrik,,,,,elektrik,active
"TS150078 – Sharre Ndertimi Portative 1500W, Disk Ø254x16mm",Elektrik,,,,,elektrik,active
"DS18DD-WPZ – Vidiator me 2 bateri 18V 5.0Ah, 55Nm,1700rpm",Elektrik,,,,,elektrik,active
"BM2S180017 – Tronkatrice me shine 1800 Watt, 255",Elektrik,,,,,elektrik,active
491292 – Trapan me 4 marshe DD 4G me bateri 18 V ( vetem trup),Elektrik,,,,,elektrik,active
WLC30001 – Hapese kanali 3000 W 130 mm,Elektrik,,,,,elektrik,active
8284 – Ajerngrohese Industriale 2200 W / 80-650°C / HG 2420 E,Elektrik,,Grohe,,,elektrik,active
"ING-CB70035 – Karikues baterie makinash 12 – 24 V / 160-1200 Ah, starti max 450 Ah",Elektrik,,,,,elektrik,active
"Trapan me goditje me bateri 18VPD 2G 18-EC MD DC C 115Nm, pa karboncina (vetem trup) – 534903",Elektrik,,,,,elektrik,active
Combo Kit 3Ne1 me 2 bateri 16V/2.0Ah (Trapan me goditje 60Nm  + Nivelues me lazer 3D 0-35m – TOSLI250101,Elektrik,,,,,elektrik,active
"Matrapik SDS-Plus me 3 funksione, 2 bateri 20V/5.0 Ah, 4.5 J/28mm, motor pa karboncina + 3 punto / 1",Elektrik,,,,,elektrik,active
Combo Kit 3Ne1 me 2 bateri 20V/4.0 Ah (Trapan me goditje 66Nm CIDLI206681 + Gure fleksibel CAGLI2715 – COSLI241198,Elektrik,,,,,elektrik,active
"COSLI241081 – Combo Kit me 2 bateri 20V/2.0Ah/4.0 Ah dhe 5 makineri + aksesore (CSLI1402, CIDLI206681, CIRLI20281,CSHSLI2014,CWLI2038)",Elektrik,,,,,elektrik,active
COSLI241181 – Combo Kit me 2 bateri 20V/5.0 Ah (Pistolete Dadicekesh 850Nm CIWLI20851 + Ndricues CWLI2088) + aksesore,Elektrik,,,,,elektrik,active
"HKTHP31521 – Set me 152 Vegla, Pistolete Dadicekesh me bateri 20V/4.0Ah, 500Nm + aksesore",Elektrik,,,,,elektrik,active
WAY1A10 – PISTOLETE BOJE PROFESIONALE ME SISTEM AUTOMATIK LUBRIFIKIMI,Elektrik,Siguresa Automatike,,,,elektrik,active
Trapan bango TC-BD 500 / 500 W mandrino Ø13 lartesia 630 mm – 45.205.93,Elektrik,,,,,elektrik,active
"42.579.59 – Matrapik SDS-Max 1050W 9J, 38mm me 3 funksione me valixhe dhe aksesore",Elektrik,,,,,elektrik,active
"Perzjerese kolli 1600W me shufer 160mm , 5.7kg ,150-650 rpm",Elektrik,,,,,elektrik,active
WH18DC-W2Z – Vidiator me goditje me bateri 18V/210Nm (vetem trup),Elektrik,,,,,elektrik,active
"DV18DE-W2Z – Trapan me goditje me bateri 18V, 70 Nm, motor pa karboncina (vetem trup)",Elektrik,,,,,elektrik,active
G1813DA-W2Z – Gure fleksibel me bateri motor pa karboncina 18V / 125 mm (vetem trup),Elektrik,,,,,elektrik,active
Sharre me lama horizontale RS 11-28 / 1100 Watt – 432776,Elektrik,,,,,elektrik,active
Vidiator Gipsi 600 W elektronik 0-6000 rpm,Elektrik,,,,,elektrik,active
417939 – Sharre Rrethore me bateri 18V / CS 62 18.0-EC (vetem trup),Elektrik,,,,,elektrik,active
485403 – Sharre me lama vertikale me bateri 18 V (vetem trup) JS 18,Elektrik,,,,,elektrik,active
43.121.10 – Torno Druri TC-WW 1000/1 / 400 W / 1000 mm,Elektrik,,,,,elektrik,active
"43.405.05 – Sharre ndertimi TC-TS 254 eco 1800 W, disku 254×30 mm",Elektrik,,,,,elektrik,active
45.139.50 – Matrapik SDS-Plus me bateri Herocco36/28,Elektrik,,,,,elektrik,active
42.599.30 – Zmeriluese muresh TC-DW 225 / 600 W / 225 mm,Elektrik,,,,,elektrik,active
Zdrukth me bateri 18V / 82 mm (vetem trup),Elektrik,,,,,elektrik,active
Sharre me lama vertikale me bateri 18 V (vetem trup),Elektrik,,,,,elektrik,active
"Matrapik SDS-Max per thyerje me hexagon 1700 W, 45 J, 16kg + 2 dalta",Elektrik,,,,,elektrik,active
Tronkatrice me disk 1800W Ø255×30 mm,Elektrik,,,,,elektrik,active
CBSLI20127 – Sharre shirit metali me bateri 20V (vetem trup),Elektrik,Aksesorë Elektrik,,,,elektrik,active
"BMS18007 – Tronkatrice me disk 1800 W, 255 mm",Elektrik,,,,,elektrik,active
"Trapan/Vidiator me bateri 18V DD 2G 18-EC MD DC C 115Nm, pa karboncina (vetem trup) – 534901",Elektrik,,,,,elektrik,active
"PDB170068 – Matrapik SDS-Max per thyerje me hexagon 1700 W, 50 J, 14 kg + 1 dalte",Elektrik,,,,,elektrik,active
"Karikues baterie inverter 12/24V, 300A",Elektrik,,,,,elektrik,active
FBCLI20244 – Set me 4 bateri 20V/4.0 Ah + karikues dopio I shpejte + valixhe plastike,Elektrik,,,,,elektrik,active
"CRHLI202882 – Matrapik SDS-Plus me 2 bateri 20V, 4.0Ah pa karboncina, 4.5J/28 mm",Elektrik,,,,,elektrik,active
"CACLI2003 – Kompresor me bateri 40V(20V*2), depozite 6",Elektrik,,,,,elektrik,active
"DH26PC2-WSZ – Matrapik SDS-Plus 830 W, 2.9 J me dalte",Elektrik,,,,,elektrik,active
ING-CD2201 – Karikues Baterie 70-300(AH),Elektrik,,,,,elektrik,active
"Sharre hekuri 2300W, Φ355*3*25.4mm, 3800rpm",Elektrik,,,,,elektrik,active
"9704572-01 – Bateri Li-Ion 40-B140, 36V/4.0 Ah",Elektrik,,,,,elektrik,active
492280 – Gure fleksibel 2200W/ Ø230 mm /L 2200 230,Elektrik,,,,,elektrik,active
Combo Kit me 2 bateri 20V/4.0 Ah (Poliatrice APLI2018 + Poliatrice APLI2015) – COSLI241191,Elektrik,,,,,elektrik,active
Pistolete Gozhdesh me bateri 20V/2.0Ah CBNLI2005 + Nivelus me lazer me 2 vija jeshile 0-35m,Elektrik,,,,,elektrik,active
491233 – Trapan me goditje 2 marshe PD2G 18.0-EC me bateri 18 V (vetem trup),Elektrik,,,,,elektrik,active
"C1806DA-W4Z – Sharre rrethore me bateri 18V, 165 mm (vetem trup) 3800rpm, thellesi 57mm",Elektrik,,,,,elektrik,active
512818 – Gure fleksibel me reostat LE9-11125,Elektrik,,,,,elektrik,active
7386 – Ajerngrohese 2300 W / 80 – 650°C / HG 2320 E LCD,Elektrik,,Grohe,,,elektrik,active
"WH18DA-WCZ – Vidiator me goditje 1/4” me 2 bateri 18V/2.0 Ah, moment rrotullimi 140 Nm",Elektrik,,,,,elektrik,active
"Trapan Bango TC-BD 450, 450 W, mandrino Ø13 lartesia 104 cm",Elektrik,,,,,elektrik,active
"Matrapik SDS-Plus me 3 funksione 2.7J ,730W",Elektrik,,,,,elektrik,active
Pistolete Gozhdesh pa koke me bateri 20V/2.0 Ah per gozhde pa koke 10-35mm,Elektrik,,,,,elektrik,active
351700 – Ajerngrohese Horizontale 2200 W / 80-630°C / HG 2220 E,Elektrik,,Grohe,,,elektrik,active
45.139.00 – Matrapik SDS-Plus me bateri Herocco18/20,Elektrik,,,,,elektrik,active
"Karikues baterie & boost Alpine 18, 12-24V, 0.2Kw, 14-185/12V, 6-90/24V",Elektrik,,,,,elektrik,active
COSLI230701E – Set me 6 bateri 20V (2x 2.0 ah dhe 2x 4.0 Ah) + karikues dopio I shpejte + valixhe plastike,Elektrik,,,,,elektrik,active
45.121.12 – Set me 2 bateri 18V /4.0 Ah( me karikues),Elektrik,,,,,elektrik,active
491225 – Trapan me 2 marshe DD 2G me bateri 18 V (vetem trup),Elektrik,,,,,elektrik,active
Matrapik SDS-Plus me 3 funksione 2.7J/ 2 mandrino Quick 730 W – DH24PMH-WSZ,Elektrik,,,,,elektrik,active
"COSLI241298 – Combo Kit me 2 bateri 20V/4.0 Ah (Trapan me goditje CIDLI209681 96Nm + Gure fleksibel CIDLI209681 + 9 Punto, 2 Maja, 10 disqe)",Elektrik,,,,,elektrik,active
CBNLI3508 – Pistolete Gozhdesh me bateri 20V/2.0 Ah perfshire 1000 gozhde 35mm,Elektrik,,,,,elektrik,active
"Matrapik SDS-Plus me 4 funksione, 2 bateri 20V/4.0 Ah, 2.0 J/26mm, motor pa karboncina, 2 mandrino +",Elektrik,,,,,elektrik,active
277012008/ST1 – E 420 Batteri,Elektrik,,,,,elektrik,active
Kapese Gozhdesh me bateri 20V/2.0 Ah per gozhde F15~F35 – CBNLI2008,Elektrik,,,,,elektrik,active
"492329 – Gure fleksibel 1400W  / Ø125mm L 1400 125 230/CE, 11500rpm, me ndezje te bute",Elektrik,,,,,elektrik,active
COSLI241193 – Combo Kit 3Ne1 me 2 bateri 20V/1×4.0Ah 1×2.0Ah (Trapan 66Nm CIDLI206618 + Zmeriluese CSHSLI2014 + Sharre rrethore CSLI1402),Elektrik,,,,,elektrik,active
"Ferkuese dore per fino 710W, Φ390mm, 60-110rpm",Elektrik,,,,,elektrik,active
"807544-Karikues baterie Alpine 15, 12-24V, 0.1Kw, 9-115/12V, 4.5-40/24V",Elektrik,,,,,elektrik,active
RH1600388 – Matrapik SDS-Max 1800W me motorr vertikal,Elektrik,,,,,elektrik,active
"Trapan me goditje me bateri 18V, 55 Nm (vetem trup)",Elektrik,,,,,elektrik,active
"Zmeriluese Muri 1050 W, Tampon 225mm(12 Letra zmerilimi) – DWS10501",Elektrik,,,,,elektrik,active
"Sharre Rrethore me bateri 20V/5.0 Ah, disk 185mm, motor pa karboncina",Elektrik,,,,,elektrik,active
"Pistolete Dadicekesh 1/2″ me 2 bateri 42V/2.0Ah, force shtrengimi 600Nm, motor pa karboncina + 7 aks",Elektrik,,,,,elektrik,active
"Matrapik SDS-Plus me 4 funksione, 2 bateri 20V/4.0 Ah, 2.5J/26mm, motor pa karboncina  + 3 punto / 1",Elektrik,,,,,elektrik,active
"CIDLI429982 – Trapan me goditje/Vidiator me 2 Bateri 42V/2.0Ah, force shtrengimi 99Nm,motor pa karboncina",Elektrik,,,,,elektrik,active
"Matrapik SDS-Plus me 4 funksione, 2 bateri 20V/4.0 Ah, 2.5J/26mm, motor pa karboncina  + 3 punto / 1 – CRHLI202682",Elektrik,,,,,elektrik,active
"Trapan me Goditje/Vidiator  me 2 bateri 20V/4.0 Ah, force shtrengimi 96Nm, motor pa karboncina, mand",Elektrik,,,,,elektrik,active
Pistolete Gozhdesh me bateri 10V/2.0 Ah F15~F35 perfshire 1000gozhde 35mm – CBNLI2038,Elektrik,,,,,elektrik,active
42.599.90 – Zmeriluese muri me bateri TE-DW 18/25 LI – SOLO +  aksesore (vetem trup),Elektrik,,,,,elektrik,active
"Sharre me maje vertikale 705W, 90 mm ne valixhe plastike",Elektrik,,,,,elektrik,active
MX218008 – Perzjerese Kolli me 2 shufra 1800 W,Elektrik,,,,,elektrik,active
"PBS12001 – Zmeriluese tank 1200 W, 610×100 mm",Elektrik,,,,,elektrik,active
"Combo Kit 3Ne1 me 2 bateri 20V/2.0Ah (Trapan me goditje 76Nm CIDLI207681, Vidiator me goditje CIRLI20281, Fryrese gjethesh CABLI20028) – COSLI250182",Elektrik,,,,,elektrik,active
42.585.55 – Perzjerese kolli TE-MX 1600-2 CE / 1600 W 210 mm,Elektrik,,,,,elektrik,active
Combo Kit me 2 Bateri 20V/2.0 Ah( motokose me bateri + krasitese ligustrash me bateri),Elektrik,,,,,elektrik,active
"Gure Fleksibel me 2 bateri 20V/4.0 Ah, disk 115mm, motor pa karboncina, nr.rrot 3000/9000 rpm + 10 disqe – TAGLI271532",Elektrik,,,,,elektrik,active
"CAGLI271532 – Gure Fleksibel me 2 bateri 20V/4.0 Ah, disk 115mm",Elektrik,,,,,elektrik,active
CKLI20273 – Combo Kit me 2 bateri 20V/4.0 Ah (Trapan me goditje CIDLI20602 + Gure fleksibel CAGLI21154),Elektrik,,,,,elektrik,active
"APLI20151 – Poliatrice me bateri 20V/4.0 Ah, Tampon 150 mm, motor pa karboncina + cante",Elektrik,,,,,elektrik,active
"CSLI18511 – Sharre Rrethore me bateri 20V/4.0 Ah, disk 185mm, motor pa karboncina",Elektrik,,,,,elektrik,active
"CIWLI2085 – Pistolete dadicekesh 1/2” 850Nm, 2 bateri 20V/4.0 Ah, motor pa karboncina + 3 koka kriketi 22/24/27mm",Elektrik,,,,,elektrik,active
COS243558 – Tronkatrice metali 2400 Watt me disk 355mmx25.4mmx3mm,Elektrik,,3M,,,elektrik,active
CS2358 – Sharre rrethore 2200 W me disk 230 mm 60 dhembe,Elektrik,,,,,elektrik,active
Combo Kit 3Ne1 me 2 Bateri 20V/2.0Ah (Zmeriluese Muri Dore DWS10508 + Zmeriluese Rrethore CROSLI2002 – COSLI250282,Elektrik,,,,,elektrik,active
Trapan/Vidiator me goditje me 2 bateri 20V/2.0 dhe 4.0 Ah | 86Nm | Motor pa karboncina | Mandrino metalike 13mm | – CIDLI20868,Elektrik,,3M,,,elektrik,active
"Matrapik SDS-Max 1600W, force goditese 10J, shpimi max ne beton/me gote 40/100 mm",Elektrik,,,,,elektrik,active
SN008192 – Ajerngrohese 2200 W / 50 – 630 °C / HL 2020 E,Elektrik,,Grohe,,,elektrik,active
445894 – Bateri Lithium Flex 18V/5.0 Ah,Elektrik,,,,,elektrik,active
Gure Fleksibel 2200W Ø 230mm me ndezje te bute,Elektrik,,,,,elektrik,active
Karikues makine 12/24 V-40 A,Elektrik,,,,,elektrik,active
"DP133505 – Trapan Bango 350 W, 13 mm",Elektrik,,,,,elektrik,active
RT22008 – Freze Vertikale 2200 Watt,Elektrik,,,,,elektrik,active
Combo Kt me 2 bateri 20V/2.0 Ah (P.dadicekesh 400Nm CIWLI20401 + Ndricues CWLI2088 + Blender CHB037T,Elektrik,,,,,elektrik,active
Combo Kit me 2 bateri 20V/2.0Ah (Trapan me goditje CIDLI206681 66Nm + Pistolete Dadicekesh CIWLI2040,Elektrik,,,,,elektrik,active
CKLI20277 – Combo Kit me 2 bateri 20V/2.0Ah (Trapan me goditje CIDLI206681 66Nm + Vidiator me goditje CIRLI20281 285Nm),Elektrik,,,,,elektrik,active
"APLI20181 – Poliatrice me bateri 20V/4.0 Ah, Tampon 180 mm, motor pa karboncina + cante",Elektrik,,,,,elektrik,active
COSLI240966-Vidiator me goditje me bateri 20V/4.0 Ah+Set 31 Maja,Elektrik,,,,,elektrik,active
Combo Kit me 2 bateri 20V/2.0 / 4.0 Ah (Ajerngrohese HGLI20025 + M. Multifunksionale CMLI2022) + aks,Elektrik,,Grohe,,,elektrik,active
"CIWLI2050 – Pistolete dadicekesh 1/2” 500Nm, me 2 bateri 20V/4.0 Ah, me motor pa karboncina + 3 koka kriketi 21",Elektrik,,,,,elektrik,active
SS852 – Sharre shirit 85W,Elektrik,Aksesorë Elektrik,,,,elektrik,active
42.584.78 – Matrapik SDS-Plus TH-RH1600 /1600W/4.0 J me motorr vertikal,Elektrik,,,,,elektrik,active
Sharre rrethore 1090 W / 190 mm,Elektrik,,,,,elektrik,active
"BEM1800 – Perzjerese kolli 1800W, me 2 nivele shpejtesie, shufer M14 – 140 mm",Elektrik,,,,,elektrik,active
Set me 1 bateri 18V/5.0Ah + karikues te shpejte  – UC18YFSL-WAZ,Elektrik,,,,,elektrik,active
"Pistolete Dadicekesh 1/2” me 2 bateri 20V/4.0 Ah, force shtrengimi 780Nm, me motor pa karboncina",Elektrik,,,,,elektrik,active
"9679701-01 – Karikues i shpejte 36V, QC250 EU",Elektrik,,,,,elektrik,active
Freze  biskotash 760W Φ mm: 100,Elektrik,,,,,elektrik,active
FBCPK2425 – Set me 2 bateri 20V/5.0 Ah,Elektrik,,,,,elektrik,active
Matrapik SDS-Plus me bateri 20V 2.0J me motor pa karboncina+ 3 punto / 1 dalte,Elektrik,,,,,elektrik,active
43.002.95 – Tronkatrice 1600w TC-MS 2112 me disk 210mm,Elektrik,,,,,elektrik,active
45.114.89 – Set me 2 bateri 18V /4.0 Ah( pa karikues),Elektrik,,,,,elektrik,active
43.011.85 – Prerese pllakash me uje TC-TC 800 / 800W,Elektrik,,,,,elektrik,active
Perzjerese kolli TC-MX 1400-2 E / 1400 W 210 mm,Elektrik,,,,,elektrik,active
"Hapese Kanali 1500W, gjeresi prerje 8-30mm + 4 disqe preres 125mm + Disk Preres Diamanti per Hapese Kanali WLC15001, 125×22.2mm",Elektrik,,,,,elektrik,active
AG26008 – Gure Fleksibel 2600 W  230 mm,Elektrik,,,,,elektrik,active
"Trapan me Goditje/Vidiator  me 2 bateri 20V/2.0 Ah, force shtrengimi 76Nm, motor pa karboncina, mand – TIDLI20768",Elektrik,,,,,elektrik,active
"CIDLI20768 – Trapan/Vidiator me goditje me 2 bateri 20V/2.0 Ah, force shtrengimi 76Nm, motor pa karboncina, mandr",Elektrik,,,,,elektrik,active
Gure fleksibel 1100W / Ø125mm L 1100 125 230/CEE /12000 rpm,Elektrik,,,,,elektrik,active
"Pistolete dadicekesh 1/2” 850Nm, me bateri 20V, me motor pa karboncina + 3 koka kriketi 22/24/27 mm (vetem trup)",Elektrik,,,,,elektrik,active
COS223558 – Tronkatrice metali 2200 Watt me disk 355mmx25.4mmx3mm,Elektrik,,3M,,,elektrik,active
44.661.54 – Zmeriluese Bango TC-US 350 nga 2 ane(1 ane me leter) 350 W – Ø150 mm,Elektrik,,,,,elektrik,active
RH18008 – Matrapik SDS-Plus 7J 1800W me motorr vertikal,Elektrik,,,,,elektrik,active
"APLI2002 – Poliatrice me bateri 20, motor pa karboncina (vetem trup)",Elektrik,,,,,elektrik,active
Zdrukth elektrik Hikoki 620W me gjeresi prerje 82mm me valixhe plastike – P20SF-NXZ,Elektrik,,,,,elektrik,active
Gure fleksibel 1400 Watt Ø 125mm – G13SB4-YGZ,Elektrik,,,,,elektrik,active
Pistolete Gozhdesh me bateri 20V/2.0 Ah per gozhde F15~F35 (perfshire 1000 gozhde 35mm) – WBJ1308,Elektrik,,,,,elektrik,active
Gure fleksibel 2200W  Ø 230mm 6600rpm,Elektrik,,,,,elektrik,active
"SG11008 – Zmeriluese e Drejte 1100W, Disk Ø150mm + 1 pale doreza",Elektrik,,,,,elektrik,active
"CSLI14021 – Sharre Rrethore me bateri 20V/4.0 Ah, disk 140mm, motor pa karboncina",Elektrik,,,,,elektrik,active
"CIWLI20236 – Pistolete dadicekesh 1/2″& 1/4″ me 2 bateri 20V/2.0 Ah, force shtrengimi 230Nm, motor pa karboncina",Elektrik,,,,,elektrik,active
"Combo Kit me 2 bateri 16V/2.0 Ah, Trapan me goditje 60Nm CDLI16681 + Vidiator me goditje 170Nm CIRLI",Elektrik,,,,,elektrik,active
"CS23522 – Sharre rrethore 2200 Watt, 235×25.4mm",Elektrik,,,,,elektrik,active
"PDB130018 – Matrapik per thyerje me hexagon 1300W, 20 J",Elektrik,,,,,elektrik,active
CAGLI2111561 – Gure fleksibel me bateri 20V/2.0 Ah + 10 disqe preres 115mm,Elektrik,,,,,elektrik,active
45.121.14 – Set me 1 bateri 5.2Ah dhe karikues 4A te shpejte,Elektrik,,,,,elektrik,active
42.577.90 – Kapese per maja dhe gozhde me bateri 18V TE-CN 18 Li -16 – 22 mm / 15 – 32 mm  Vetem trup,Elektrik,,,,,elektrik,active
"45.143.10 – Trapan me goditje 18V TP-CD 18/120 Li-i BL, 120Nm, pa karboncina (vetem trup)",Elektrik,,,,,elektrik,active
RS12001 – Sharre ma lama Horizontale 1200 Watt me kontroll shpejtesie variabel dhe 2 lama perfshire,Elektrik,,,,,elektrik,active
MFS1251 – Sharre multifunksionale 750 W / 125 mm (perfshire 1 disk druri + 1 disk diamati),Elektrik,,,,,elektrik,active
"BMS14007 – Tronkatrice me disk 1400 W, Ø210 x 25.4 mm",Elektrik,,,,,elektrik,active
"AP140028 – Poliatrice 1400 W / 180 mm, 600-3200 rpm",Elektrik,,,,,elektrik,active
"Matrapik SDS-Plus me 4 funksione, bateri 20V/2.0 J/26mm, motor pa karboncina + 3 punto/1 dalte  (vet",Elektrik,,,,,elektrik,active
"472921 – Ndricues kantieri me bateri 18V, CL 2000 18.0 (vetem trup)",Elektrik,,,,,elektrik,active
"45.138.20 – Trapan me 2 bateri 18V/1.3 Ah TC-CD 18-2 Li, forca shtrenguese 38 Nm",Elektrik,,,,,elektrik,active
20.932.64 – Poliatrice CC-PO 1100/1E-RED/ 180 mm 1100 W,Elektrik,,,,,elektrik,active
Gure Fleksibel 2000 W Ø 230 mm,Elektrik,,,,,elektrik,active
"Trapan per metal 450 W, shpimi ne celik/dru 10/25 mm",Elektrik,,,,,elektrik,active
AG24008 – Gure Fleksibel 2400 W  230 mm,Elektrik,,,,,elektrik,active
"RH15008 – Matrapik SDS-Plus me motorr vertikal 1500 W, 5 J",Elektrik,,,,,elektrik,active
IW10508 – Pistolete DadiCekesh 1/2″ 550 Nm,Elektrik,,,,,elektrik,active
"CRHLI2201 – Matrapik SDS-Plus me bateri 20V, 1.5 J me motor pa karboncina (vetem trup)",Elektrik,,,,,elektrik,active
"Trapan me goditje/Vidiator me Bateri 42V/2.0Ah, force shtrengimi 69Nm,motor pa karboncina",Elektrik,,,,,elektrik,active
"Jump starter me bateri 12V, 12000 mAh – WLY1512",Elektrik,,,,,elektrik,active
9706009-01 – Bateri Li-Ion 18V/4 Ah Aspire,Elektrik,,,,,elektrik,active
"Perzjerese Kolli 1400 Watt, M14 + shufer perzjerese",Elektrik,,,,,elektrik,active
Combo Kit me 2 Bateri 20V/2.0Ah (Trapan me goditje/Vidiator 62Nm + Pistolete Dadicekesh 330Nm) – WCK20275,Elektrik,,,,,elektrik,active
Set me 2 bateri 20V/5.0 Ah (me varje) – COSLI240464,Elektrik,,,,,elektrik,active
533120 – Gure fleksibel L850 125 230/CEE 850 W /125mm,Elektrik,,,,,elektrik,active
Perzierse kolli 1400 W / me kapje M14,Elektrik,,,,,elektrik,active
"Trapan bango 350W, mandrino 13mm, lartesia 570mm",Elektrik,,3M,,,elektrik,active
"Vidiator me goditje me 2 bateri 20V/2.0 Ah, force shtrengimi 230 Nm, motor pa karboncina",Elektrik,,,,,elektrik,active
FBCPK1424 – Set me 2 bateri 20V/4.0Ah + karikues FCLI20411E,Elektrik,,,,,elektrik,active
"CRHLI20208 – Matrapik SDS-Plus me bateri 20V me motor pa karboncina, 2.0 Jaul + 3 punto / 1 dalte (vetem trup)",Elektrik,,,,,elektrik,active
"Pistolete dadicekesh 1/2” 400Nm, 2 bateri 20V/2.0 Ah, motor pa karboncina + 3 koka kriketi 17/19/21",Elektrik,,,,,elektrik,active
"45.222.50 – Pistolete silikoni me bateri 18V, TE-SG 18/10 Li (vetem trup)",Elektrik,,,,,elektrik,active
42.585.45 – Perzjerese kolli TC-MX 1200 E / 1200 W 194 mm,Elektrik,,,,,elektrik,active
42.582.37 – Matrapik SDS-Plus TH-RH900 / 900 W – 3.0 J me motorr vertikal,Elektrik,,,,,elektrik,active
RT160028 – Freze Vertikale 1600 W,Elektrik,,,,,elektrik,active
FBLI2075 – Bateri 20 V / 7.5 Ah,Elektrik,,,,,elektrik,active
"MX214008 – Perzjerese Kolli 1400 Watt, M14 + shufer perzjerese",Elektrik,,,,,elektrik,active
"PL10508 – Zdrukth 1050 W, 82 x 3 mm",Elektrik,,,,,elektrik,active
AG220018 – Gure Fleksibel 2200 W  230 mm,Elektrik,,,,,elektrik,active
RH150028 – Matrapik SDS-Plus industrial me motor vertikal 1500 W / 5.5 J,Elektrik,,,,,elektrik,active
"Perzjerese Kolli me bateri 20V, Kapje M14 + shufer perzjerese (vetem trup)",Elektrik,,,,,elektrik,active
"Gure Fleksibel 1500W, Disk Ø 125mm, Nr rrot bosh: 9000 rpm",Elektrik,,,,,elektrik,active
Zmeriluese Rrethore me bateri 20V/2.0 Ah + 5 letra zmerilimi – CROSLI20021,Elektrik,,,,,elektrik,active
"Zmeriluese Muri Dore 850W, Tampon 180mm + 8 Letra zmerilimi",Elektrik,,,,,elektrik,active
"Poliatrice me bateri 20V/4.0 Ah, Tampon 150 mm, motor pa karboncina + cante – WHL2B151",Elektrik,,,,,elektrik,active
YT-818171 – Ndricues kantieri dysh me tripod *30W 5700LM 6500 K,Elektrik,,,,,elektrik,active
"RH10506 – Matrapik Super Select SDS-plus 1050W, 4.5J",Elektrik,,,,,elektrik,active
CMGLI20011 – Pirograf me bateri 20V/2.0 Ah +,Elektrik,,,,,elektrik,active
"43.310.50 – Sharre rrethore 1400W, disku 190 x 30mm",Elektrik,,,,,elektrik,active
"45.100.40 – Pistolete dadicekesh me bateri (vetem trup) TE-CW 18 Li BL Solo / 18 V,215Nm",Elektrik,,,,,elektrik,active
CS18568 – Sharre rrethore 1600 Watt 185×20 mm,Elektrik,,,,,elektrik,active
PDB22001-S – Mbajetese per matrapik,Elektrik,,,,,elektrik,active
Zmeriluese rrethore 450W me 2 tampone 125+150mm,Elektrik,,,,,elektrik,active
"Gure fleksibel 900W, 125mm me celes anesor – G13SN2-YGZ",Elektrik,,,,,elektrik,active
"Poliatrice me bateri 20V/4.0 Ah, Tampon 180 mm, motor pa karboncina + cante – WHL1B181",Elektrik,,,,,elektrik,active
"WWAL151401 – Hapese Kanali 1400W, disk 159mm, thellesi prerje 44mm",Elektrik,,,,,elektrik,active
"CDLI20668 – Trapan/Vidiator me 2 bateri 20V force shtrengimi 66Nm, motor pa karboncina, mandrino metalike 0.8-10mm",Elektrik,,,,,elektrik,active
"Gure fleksibel me bateri 20V/3.0 Ah, disk Ø115mm, me motor pa karboncina (perfshire 5 disqe preres a",Elektrik,,,,,elektrik,active
"45.143.05 – Trapan me goditje 18V TP-CD 18/80 Li-i BL , 80Nm, pa karboncina (vetem trup)",Elektrik,,,,,elektrik,active
UC18YKSL-W0Z – Karikues baterie Lithium 18V,Elektrik,,,,,elektrik,active
"Vidiator Gipsi 1/4” Hex me bateri 20V/2.0Ah, force shtrengimi 30Nm",Elektrik,,,,,elektrik,active
CKLI1203 – Combo Kit 12V (Vidiator CDLI12208 +,Elektrik,,,,,elektrik,active
277020008/ST1 – EC 415 S Karikues baterie,Elektrik,,,,,elektrik,active
"CCVLI202301 – Vibrator betoni me bateri 20V, F35x120mm(vetem trup)",Elektrik,,,,,elektrik,active
44.606.20 – Zmeriluese drejtekendeshe TE-OS2520E-RED / 250 W me tampon 230 x 115 mm,Elektrik,,,,,elektrik,active
"20.483.04 – Pistolete dadicekesh elektrike CC-IW 450, 1/2” 300 Nm",Elektrik,,,,,elektrik,active
45.138.12 – Matrapik me bateri TE-HD18Li-Solo 1.2 Jaul(vetem trup),Elektrik,,,,,elektrik,active
CCGLI2001 – Pistolete silikoni me bateri 20 V,Elektrik,,,,,elektrik,active
Kompresor  me bateri 20V/160 PSI ose me fishe karikimi + 3 adaptore (vetem trup),Elektrik,,,,,elektrik,active
"BG83502 – Zmeriluese Bango 350 W, 200 mm",Elektrik,,,,,elektrik,active
"Zdrukth me bateri 20V, bazament 82x2mm (vetem trup) – CRLI20401",Elektrik,,,,,elektrik,active
"CAGLI261523 – Gure Fleksibel me bateri 20V/4.0 Ah, disk 115mm, motor pa karboncina, nr.rrot 3000/9000 rpm + 5 disq – CAGLI261521",Elektrik,,,,,elektrik,active
"Jump starter me bateri 12V, 8000 mAh – WLY1508",Elektrik,,,,,elektrik,active
CIRLI2028 – Vidiator me goditje 1/4″ me 2 bateri 20V/2.0 Ah,Elektrik,,,,,elektrik,active
"CIDLI20668 – Trapan/Vidiator me goditje 66Nm me 2 bateri 20V/2.0 Ah, motor pa karboncina, mandrino metalike 13mm",Elektrik,,3M,,,elektrik,active
"Trapan/Vidiator 55Nm me 2 bateri 20V/2.0Ah, motor pa karboncina",Elektrik,,,,,elektrik,active
"AP140016 – Poliatrice 1400 W / 180 mm, 1500-3600 rpm",Elektrik,,,,,elektrik,active
"CSLI1851 – Sharre rrethore me bateri 20V, me motor pa karboncina, disk 185 mm (vetem trup)",Elektrik,,,,,elektrik,active
"45.139.42 – Trapan me goditje 18V TP-CD 18/50 Li-i BL , 50Nm, pa karboncina (vetem trup)",Elektrik,,,,,elektrik,active
Elektrik dore Led dhe llampe 530Lm 3 ne 1 me karikim 3.7V dhe 12V,Elektrik,Ndriçim LED,,,,elektrik,active
CDRLI206015 – Celes kriket me bateri 20V,Elektrik,,,,,elektrik,active
033316 – Ajerngrohese 1800 W / 50 – 600 °C / HL 1820 S,Elektrik,,Grohe,,,elektrik,active
"42.599.80 – Vidiator gipsi TE-DY18, 0-4000 RPM (vetem trup)",Elektrik,,,,,elektrik,active
43.311.00 – Sharre rrethore mini me bateri 18V TE-CS 18/89 Li – Solo (vetem trup),Elektrik,,,,,elektrik,active
43.211.40 – Sharre me lama vertikale TH-JS85-RED / 620 W me valixhe,Elektrik,,,,,elektrik,active
"44.193.30 – Set Zmeriluese me bateri + aksesore TE-MT 7.2 Li, 5.500  26.000 rpm",Elektrik,,,,,elektrik,active
45.120.42 – Set me bateri 18V / 4.0Ah PXC Starter Kit & karikues,Elektrik,,,,,elektrik,active
"Matrapik SDS-Plus 950W, force goditese 2.5 J, shpimi ne beton 28mm + 3punto/2dalta",Elektrik,,,,,elektrik,active
"Vibrator Pllakash me bateri 20V/2.0 Ah, force ngjeshese 60 kg + gjunjeza, shpatull, valixhe plastike – CTVLI20015",Elektrik,,,,,elektrik,active
42.599.05 – Vidiator gipsi elektrik TH-DY500E / 500 W,Elektrik,,,,,elektrik,active
"Karikues baterie 12/24V, 20A",Elektrik,,,,,elektrik,active
COSLI240312 – Set me 2 Bateri 20V/4.0 Ah,Elektrik,,,,,elektrik,active
BRT6500 – Freze vertikale dore 550W 230V/50Hz 30000rpm,Elektrik,,,,,elektrik,active
MX11008 – Perzjerese Kolli 1100W,Elektrik,,,,,elektrik,active
44.126.32 – Zmeriluese bango TC-BAG 150 / 150 W – Ø150 mm,Elektrik,,,,,elektrik,active
44.191.69 – Freze e drejte TH-MG135E-RED / 135 W me 189 aksesore,Elektrik,,,,,elektrik,active
FBLI2060 – Bateri 20 V / 6.0 Ah,Elektrik,,,,,elektrik,active
"CS18538 – Sharre rrethore 1400 W, 185 mm SUPER SELECT",Elektrik,,,,,elektrik,active
"Sharre Vertikale me lama 800W, shpimi dru/celik: 135/10mm + 5 lama",Elektrik,,,,,elektrik,active
RS8008 – Sharre ma lama Horizontale 800 Watt,Elektrik,,,,,elektrik,active
"Pistolete dadicekesh 1/2″& 1/4″ me 2 bateri 20V/2.0 Ah, force 
shtrengimi 210Nm, motor pa karboncina – WCD3B21",Elektrik,,,,,elektrik,active
9706008-01 – Bateri Li-Ion 18V/2.5 Ah Aspire,Elektrik,,,,,elektrik,active
"PTWT215002 – Ngjitese per tuba plastike 800 W, 22,25,32,40,50,63 mm",Elektrik,,,,,elektrik,active
RGH9028 – Matrapik SDS-Plus 800W 2.5J me motorr horizontal,Elektrik,,,,,elektrik,active
FBLI2003 – Bateri 20 V / 5.0 Ah,Elektrik,,,,,elektrik,active
ING-CB1601 – Karikues baterie makinash 12 – 24 V / 16 A,Elektrik,,,,,elektrik,active
CWLI20258 – Ndricues kantieri LED me bateri 20V,Elektrik,Ndriçim LED,,,,elektrik,active
42.578.80 – Kapese tapicerie me bateri te integruar 3.6V TC-EN 20 E per maja 6 – 14mm,Elektrik,,,,,elektrik,active
44.311.66 – Gure fleksibel me bateri 18V TE-AG 18/115-2 115mm (vetem trup),Elektrik,,,,,elektrik,active
"45.139.60 – Trapan me goditje me bateri 18V, TC-ID 18 Li – Solo, mandrino veteshtrenguese 13mm",Elektrik,,3M,,,elektrik,active
"Sharre Mermeri 1400 W, Disk Diamanti Ø110x20mm",Elektrik,,,,,elektrik,active
"Poliatrice dore me bateri 20V/2.0 Ah, Tampon 254 mm, motor pa karboncina – WHL352541",Elektrik,,,,,elektrik,active
"Trapan/Vidiator me goditje  me 2 bateri 20V/2.0Ah, force shtrengimi 62 Nm, motor pa karboncina – WCDP6281",Elektrik,,,,,elektrik,active
RS3216 – Zmeriluese Rrethore 320 W me tampon 125 mm,Elektrik,,,,,elektrik,active
"CIWLI20501 – Pistolete dadicekesh 1/2” 500Nm, bateri 20V,  motor pa karboncina + 3 koka kriketi 21/22/24mm (vetem trup)",Elektrik,,,,,elektrik,active
PLM6001 – Freze dore pa bazament 600W,Elektrik,,,,,elektrik,active
"CS18578 – Sharre rrethore 1200 Watt, 185x20mm",Elektrik,,,,,elektrik,active
43.211.45 – Sharre me lame vertikale 550w TC-JS 80/1,Elektrik,,,,,elektrik,active
45.113.99 – Bateri Power X-Change 18 V/4.0 Ah,Elektrik,,,,,elektrik,active
"Prerese Mini me bateri 20V/2.0 Ah, disk 76mm + 10 aksesore",Elektrik,,,,,elektrik,active
"HGLI20025 – Ajerngrohese me bateri 20V/4.0 Ah, 300/550C",Elektrik,,Grohe,,,elektrik,active
CDSLI20511 – Zmeriluese trekendore me bateri 20V/2.0 Ah,Elektrik,,,,,elektrik,active
"YT-8301 – Karikues baterie dixhital 6-12v , 8A",Elektrik,,,,,elektrik,active
RGH6528 – Matrapik SDS-PLUS 650 W me motor horizontal,Elektrik,,,,,elektrik,active
3052 – Makineri ngjitese plastike 41 – 62 Wat,Elektrik,,,,,elektrik,active
45.120.97 – Set me bateri 18V / 2.5Ah PXC Starter Kit & karikues,Elektrik,,,,,elektrik,active
"20.933.01 – Poliatrice me bateri (vetem trup) CE-CB 18/254 Li-Solo, Diametri 254 mm",Elektrik,,,,,elektrik,active
"45.100.34 – Vidiator me goditje TE-CI18/1, 140 Nm",Elektrik,,,,,elektrik,active
MC14008 – Sharre Mermeri 1400 W per disk Diamanti 110×20 mm,Elektrik,,,,,elektrik,active
JS80028 – Sharre me Lama Vertikale 800 W,Elektrik,,,,,elektrik,active
"Zmeriluese Rrethore me bateri 20V, Tampon 125mm + 5 letra zmerilimi (vetem trup) – CROSLI2002",Elektrik,,,,,elektrik,active
YT-818161 – Ndricues kantieri me tripod 30W 2850LM 6500 K,Elektrik,,,,,elektrik,active
COSLI240311 – Set me 3 Bateri 20V/2.0 Ah (me varje),Elektrik,,,,,elektrik,active
AG1100385 – Gure Fleksibel me reostat 1100 W Ø 125 mm,Elektrik,,,,,elektrik,active
HKTHP10891 – Set vidiator me bateri 12V /1.5 Ah dhe 89 vegla dore,Elektrik,,,,,elektrik,active
45.205.00 – Ajerngrohese me bateri 18V TE-HA 18 Li – Vetem trup,Elektrik,,Grohe,,,elektrik,active
Gure fleksibel 730 Watt Ø125 mm,Elektrik,,,,,elektrik,active
42.600.10 – Pistolete boje elektrike TC-SY 500 P me depozite plastike poshte 500 Watt / 1000 ml,Elektrik,,,,,elektrik,active
FBLI2002 – Bateri 20 V / 4.0 Ah,Elektrik,,,,,elektrik,active
"Zmeriluese rrethore 430W, Φ125mm",Elektrik,,,,,elektrik,active
"Trapan/Vidiator me 2 bateri 20V/2.0A, force shtrengimi 50Nm, motor pa karboncina",Elektrik,,,,,elektrik,active
"Vibrator Pllakash me bateri 20V/2.0 Ah, force ngjeshese 50 kg + gjunjeza dhe aksesore – WTVM1D125",Elektrik,,,,,elektrik,active
"PDG5501 – Zmeriluese e drejte me qafe te gjate 550 Watt, 6 mm (perfshire 3 kunja zmerilimi)",Elektrik,,,,,elektrik,active
42.598.48 – Trapan me goditje TC-ID 720/1 E 710 W me mandrino veteshtrenguese 13 mm,Elektrik,,,,,elektrik,active
Llampe koke e karikueshme,Elektrik,,,,,elektrik,active
WBY1A151 – Karikues Baterie Makinash 12/24 V,Elektrik,,,,,elektrik,active
45.115.05 – Bateri Power X-Change 18 V/2.5 Ah,Elektrik,,,,,elektrik,active
"45.136.60 – Vidiator me bateri TH-CD12-2 12V,24Nm me aksesore",Elektrik,,,,,elektrik,active
82543 – Karikues baterie 6/12 V  8A  120 Ah,Elektrik,,,,,elektrik,active
44.309.60 – Gure fleksibel TC-AG / 750 W / 115 mm,Elektrik,,,,,elektrik,active
AAC2508 – Kompresor makine me bateri 12V,Elektrik,,,,,elektrik,active
SPG5008-2 – Pistolete Boje Elektrike 500W me depozite alumini poshte HVLP,Elektrik,,,,,elektrik,active
"ID11008 – Trapan me Goditje 1100 W, trup alumini me mandrino me celes 13 mm",Elektrik,,,,,elektrik,active
CDLI1222 – Vidiator me goditje 25 Nm me 2 bateri 12V,Elektrik,,,,,elektrik,active
FCLI2064 – Karikues I shpejte me  6 porta,Elektrik,,,,,elektrik,active
YT-08518 – Ndricues mekaniku 5w+3w 600lm me bateri 3.7v me magnet,Elektrik,,,,,elektrik,active
"AG110028 – Gure Fleksibel 1100W, Disk Ø 125mm, Nr rrot bosh: 12.000 rpm",Elektrik,,,,,elektrik,active
"CWLI2088 – Ndricues Kantieri LED me bateri 20V, 2000 Lumens (vetem trup)",Elektrik,Ndriçim LED,,,,elektrik,active
CIDLI206681 – Trapan/Vidiator me goditje 66Nm 20V/2.0 Ah( Vetem trup ),Elektrik,,,,,elektrik,active
CIWLI20401 – Pistolete dadicekesh 1/2 ” 400Nm + 3 koka kriketi(Vetem trup),Elektrik,,,,,elektrik,active
"PL5508 – Zdrukth Elektrik 550 W, 82 x 1 mm",Elektrik,,,,,elektrik,active
MG2008 – Zmeriluese mini 200W,Elektrik,,,,,elektrik,active
CMGLI12011 – Zmeriluese mini me bateri 12V / 1.5Ah,Elektrik,,,,,elektrik,active
43.211.35 – Sharre me lama vertikale TC-JS60/1 / 400 W,Elektrik,,,,,elektrik,active
ING-CB1501 – Karikues baterie makinash 6 – 12 V / 40-90 Ah,Elektrik,,,,,elektrik,active
ID8508 – Trapan me Goditje 850 W me mandrino me celes 13 mm,Elektrik,,,,,elektrik,active
YT-08599 – Ndriues qafe per mekanike 300lm / 3.7V,Elektrik,,,,,elektrik,active
42.578.90 – Kapese elektrike TC-EN 20 E per maja 6 – 14mm,Elektrik,,,,,elektrik,active
FCLI2082 – Karikues dopio I shpejte,Elektrik,,,,,elektrik,active
YT-08551 – Ndricues dore multifunksional me karikim 15W 1200LM IP68 4xAA,Elektrik,,,,,elektrik,active
"EC1101 – Bateri rezerve 21V, 4Ah per EC1050,EC1100, EC1200, EC1250",Elektrik,,,,,elektrik,active
"YT-08504 – Ndricues mekaniku LED 3W x2 magnete 250lm, me karikim 3.7V dhe 12V",Elektrik,Ndriçim LED,,,,elektrik,active
42.586.82 – Trapan me goditje me mandrino veteshtrenguese BT-ID 650 E-RED / 650 W,Elektrik,,,,,elektrik,active
Elektrik me dire LED me bateri 3.7v 2600 mAh Li-Ion,Elektrik,Ndriçim LED,,,,elektrik,active
"Zmeriluese Bango 150W, guri 150mm",Elektrik,,,,,elektrik,active
Set me 2 Karikues te shpejte 20V/4.0 A- COSLI250388,Elektrik,,,,,elektrik,active
"9704878-01 – Karikues standart 36V, 40-C80 EU",Elektrik,,,,,elektrik,active
BPR6024 – Ndricues me bateri te karikueshme 200Lm 2 funksione,Elektrik,,,,,elektrik,active
"CIDLI205581 – Trapan/Vidiator 55Nm me bateri 20V/2.0Ah, motor pa karboncina, mandrino metalike 13mm (vetem trup)",Elektrik,,3M,,,elektrik,active
"Matrapik SDS-Plus 800W, force goditese 2.5J, shpimi ne beton/celik/dru: 26/13/30mm",Elektrik,,,,,elektrik,active
YT-08594 – Llampe koke 800 LM me 3 bateri AAA me sensor,Elektrik,Sistem Alarmi,,,,elektrik,active
"YT-085051 – Ndricues Mekaniku 30+7LED, 100LM me bateri 3.7V me magnet",Elektrik,Ndriçim LED,,,,elektrik,active
PS2416 – Zmeriluese katrore 240 W,Elektrik,,,,,elektrik,active
CDLI12202 – VIDIATOR / TRAPAN 12V,Elektrik,,,,,elektrik,active
"HG200058 – Ajerngrohese me ekran LCD 2000W, 50-600°C",Elektrik,,Grohe,,,elektrik,active
"Poliatrice Dore me bateri 20V, Tampon 254mm (vetem trup)",Elektrik,,,,,elektrik,active
Zmeriluese Trekendore me bateri 20V + 3 letra zmerilimi (vetem trup),Elektrik,,,,,elektrik,active
"CWLI2025 – Ndricues kantieri LED me bateri 20V, 1800 Lumens (vetem trup)",Elektrik,Ndriçim LED,,,,elektrik,active
45.113.95 – Bateri Power X-Change 18 V/2.0 Ah,Elektrik,,,,,elektrik,active
MF3008 – Makineri Multifunksionale 300 Watt,Elektrik,,,,,elektrik,active
"SPG5008 – Pistolete Boje Elektrike 500 W, me depozite plastike poshte HVLP",Elektrik,,,,,elektrik,active
AG900285 – Gure Fleksibel me reostat 900W/125 mm,Elektrik,,,,,elektrik,active
"Trapan/Vidiator me bateri 20V, force shtrengimi 55Nm, motor pa karboncina (vetem trup) – CDLI205581",Elektrik,,,,,elektrik,active
"EC1301 – Bateri rezerve 16.8V, 2.0Ah per EC1300/EC1510",Elektrik,,,,,elektrik,active
Ajerngrohese me ekran LCD 2000W me temperature te rregullueshme50/50-600/50-600°C,Elektrik,,Grohe,,,elektrik,active
CSDLI0802 – Vidiator mini 8V /6NM,Elektrik,,,,,elektrik,active
CDLI1218 – VIDIATOR / TRAPAN 12V,Elektrik,,,,,elektrik,active
45.139.25 – Vidiator me bateri 18V TE-CD 18/40(Vetem trup),Elektrik,,,,,elektrik,active
MG13328 – Zmeriluese mini 130 W pajisur me,Elektrik,,,,,elektrik,active
"ID68082 – Trapan me Goditje 680 W, mandrino",Elektrik,,,,,elektrik,active
FCLI2034 – Karikues I shpejte 20V (2X4.0 Ah),Elektrik,,,,,elektrik,active
YT-818391 – Prozhektor kantieri LED 50W 4750LM,Elektrik,Ndriçim LED,,,,elektrik,active
"AAC1408 – Kompresor 10 Bar, 35 Lt/min",Elektrik,,,,,elektrik,active
"Sharre Vertikale me lama 570W, shpimi dru/celik: 165/8mm + 3 lama",Elektrik,,,,,elektrik,active
AG90028 – Gure Fleksibel 900 W  125 mm,Elektrik,,,,,elektrik,active
"ID8108 – Trapan me goditje 810 W, mandrino me celes 13 mm",Elektrik,,,,,elektrik,active
CMLI2022 – Makineri multifunksionale 20V (vetem trup),Elektrik,,,,,elektrik,active
YT-08547 – Ndricues dore multifunksional me karikim 3ne1 380LM,Elektrik,,,,,elektrik,active
82542 – Karikues baterie 12 V  6A  90 Ah,Elektrik,,,,,elektrik,active
45.201.79 – Ajerngrohese TH-HA2000/1-RED / 2000 W 350 – 550 °C,Elektrik,,Grohe,,,elektrik,active
"EC1201 – Bateri rezerve 21V, 2Ah per EC1050, EC1100, EC1200, EC1250",Elektrik,,,,,elektrik,active
YT-08593 – Llampe koke 500 LM me 3 bateri AAA,Elektrik,,,,,elektrik,active
YT-818381 – Prozhektor kantieri LED 30W 2850LM,Elektrik,Ndriçim LED,,,,elektrik,active
AG75028 – Gure Fleksibel 750W Ø115 mm,Elektrik,,,,,elektrik,active
"WEG1A01 – Pistolete boje elektrike 450W, sprucimi 0.1-0.2 Bar + aksesore",Elektrik,,,,,elektrik,active
"WWM1L15 – Ngjitese per tuba plastik 80W, diametri 20,25,32mm",Elektrik,,,,,elektrik,active
"Gure fleksibel 850W, disku Ø125 mm",Elektrik,,,,,elektrik,active
"CDLI12428 – Trapan/Vidiator me bateri 12V/1.5 Ah, force shtrengimi 20Nm, mandrino 0.8-10mm (karikim USB Type-C)",Elektrik,,,,,elektrik,active
"Trapan me goditje 850W, mandrino me celes 13mm",Elektrik,,3M,,,elektrik,active
WBY15041 – Karikues Baterie Makinash 6/12 V,Elektrik,,,,,elektrik,active
"HG200047 – Ajerngrohese me ekran LCD 2000W, 50-550°C",Elektrik,,Grohe,,,elektrik,active
CACLI2018 – Fryrese gomash 20V,Elektrik,,,,,elektrik,active
SPG3508 – Pistolete Boje Elektrike 450 W me depozite 800 ml,Elektrik,,,,,elektrik,active
Bateri Litium-jon 20V 2.0Ah për vegla P20S – INGCO,Elektrik,,,,,elektrik,active
"YT-82294 – Ajerngrohese 2000W me aksesore, 2 nivele shpejtesie",Elektrik,,Grohe,,,elektrik,active
"Trapan me goditje 650W, mandrino me celes 13mm",Elektrik,,3M,,,elektrik,active
Ajerngrohese 2000W me temperature te rregullueshme 50/50-450°C/50-550°C,Elektrik,,Grohe,,,elektrik,active
"HG200078 – Ajerngrohese 2000W, 50°C-550°C + Aksesor",Elektrik,,Grohe,,,elektrik,active
FCLI20411 – Karikues Baterie 20V/4.0 Ah,Elektrik,,,,,elektrik,active
"Ndricues mekaniku 3.6V, 300 Lumens",Elektrik,,,,,elektrik,active
YT-08550 – Ndricues dore multifunksional me karikim 10W 900LM IP68 4xAA,Elektrik,,,,,elektrik,active
20.721.12 – Kompresor ajri makine 12V / 8 bar,Elektrik,,,,,elektrik,active
NDRICUES LED INGCO HWLI35261,Elektrik,Ndriçim LED,,,,elektrik,active
82713 – Llampe mekaniku 100w me 5m kabell,Elektrik,,,,,elektrik,active
20.701.10 – Fryrese ajri me bateri 18V CE-AP me presion (vetem trup),Elektrik,,,,,elektrik,active
82736 – Ndricues mekaniku 5w 300lm me bater 3.7w dhe magnet,Elektrik,,,,,elektrik,active
WRY16180 – Zmeriuese mini me bateridhe adaptor AC/DC (perfshire 12 aksesore),Elektrik,,,,,elektrik,active
"EC1102 – Karikues baterie 21V / 1A per  EC1050,EC1100, EC1200, EC1250",Elektrik,,,,,elektrik,active
HMDC005S – Bateri Litumi 16V,Elektrik,,,,,elektrik,active
45.221.70 – Pistolete me ngjitje 30w me 3 kallama rezerve TC-GG 30,Elektrik,,,,,elektrik,active
FCLI2001 – Karikues Baterie 20V,Elektrik,,,,,elektrik,active
"BWR5111 – Kompresor ajri makine mini 12V, 260Psi, me 2 pipa",Elektrik,,,,,elektrik,active
CSDLI0442 – Vidiator mini 4V + aksesore,Elektrik,,,,,elektrik,active
"Vidiator mini me bateri 4V, 1/4”,5 Nm, karikues Type-C + 10 aksesore",Elektrik,,,,,elektrik,active
YT-81836 – Prozhektor kantieri LED 10W 900LM,Elektrik,Ndriçim LED,,,,elektrik,active
Bateri Lithium 16V/2.0Ah – FBLI1620,Elektrik,,,,,elektrik,active
FBLI12151 – Bateri 12 V /1.5 Ah,Elektrik,,,,,elektrik,active
CGGLI2001 – Pistolete ngjitje me bateri 20 V (vetem trup),Elektrik,,,,,elektrik,active
"Vidiator mini me bateri 4V, kapje 1/4”, force shtrengimi 4Nm + 9 aksesore (karikim USB Type-C) – CSDLI0458",Elektrik,,,,,elektrik,active
FBLI12153E – Bateri 12V/1.5 AH (CE),Elektrik,,,,,elektrik,active
CWLI2038 – Ndricues kantieri New LED me bateri,Elektrik,Ndriçim LED,,,,elektrik,active
HHL013AAA8 – Llampe koke me 3 bateri AAA,Elektrik,,,,,elektrik,active
"YT-08590 – Llampe koke e rregullueshme me bateri 3AAA, 3W, 100lm waterproof",Elektrik,,,,,elektrik,active
CUCLI2022 – Karikues USB me bateri Lithium 20V (vetem trup),Elektrik,,,,,elektrik,active
Karikues i shpejte baterie 16V – FCLI1613,Elektrik,,,,,elektrik,active
"Ndricues mekaniku 3W LED, 150LM me 3 bateri AAA",Elektrik,Ndriçim LED,,,,elektrik,active
HEDC006B – Karikues Baterie 16V,Elektrik,,,,,elektrik,active
"601092 – Llambe pune 5m me celes dhe varese metalike 2×0.75, poç 60W",Elektrik,,,,,elektrik,active
FCLI12071 – Karikues bateri 12V,Elektrik,,,,,elektrik,active
GG148 – Pistolete ngjitje 20W(100W) + 2 kallama ngjites,Elektrik,,,,,elektrik,active
CGGLI1201 – Pistolete ngjitje me bateri 12V (vetem trup),Elektrik,,,,,elektrik,active
Pistolete ngjitje 15W per kallama 7mm (perfshire 2 cope),Elektrik,,,,,elektrik,active
CWLI1201 – Ndricues dore me bateri 12V (vetem trup),Elektrik,,,,,elektrik,active
"Pistolete ngjitje 16W(100W), kapaciteti 5-8g/min, per kallama 7mm (perfshire 2 cope) – WGL1407",Elektrik,,,,,elektrik,active
IUCC02 – Fishe karikimi 1m USB type-C to type-C,Elektrik,,,,,elektrik,active
IUCC01 – Fishe karikimi 1m USB type-A to type-C,Elektrik,,,,,elektrik,active
HAB3A01 – Bateri AAA Alkaline 1.5 V,Elektrik,,,,,elektrik,active
HAB2A01 – Bateri AA Alkaline 1.5 V,Elektrik,,,,,elektrik,active
325171 – Disk Diamanti per Asfalt DT 602 A 500×25.4 mm,Elektrik,,,,,elektrik,active
"325176 – Disk Diamanti per Beton DT 900 Ø 450×3,6x25x4 mm",Elektrik,,,,,elektrik,active
"349233 – Disk Diamanti per Beton DT 900 Ø 400 X3,6×25,4 mm",Elektrik,,,,,elektrik,active
325128 – Disk Diamanti per Asfalt DT 602 A 450×25.4 mm,Elektrik,,,,,elektrik,active
"349240 – Disk Diamanti per Asfalt DT 602 A Ø 400×3,6×25,4 mm",Elektrik,,,,,elektrik,active
LU2B1900 – Disk me vidium per dru 400 mm Z 96,Elektrik,,,,,elektrik,active
LU5B2300 – Disk alumini 400 x 3.50 x 32.00 mm Z 120,Elektrik,,,,,elektrik,active
LU2A3300 – Disk druri 400 x 4.0 x 30 .00 mm Z 60,Elektrik,,,,,elektrik,active
8125 – Adaptor + gote me vidio per inox 125 mm,Elektrik,,,,,elektrik,active
325092 – Disk Diamanti per Asfalt DT 602 A 350×25.4 mm,Elektrik,,,,,elektrik,active
"325100 – Disk Diamanti per Beton DT 900 Ø 350×3,0x25x4 mm",Elektrik,,,,,elektrik,active
325060 – Disk Diamanti per Asfalt DT 602 A 300×25.4 mm,Elektrik,,,,,elektrik,active
"259214RO – Set me 19 Punto Metali me maje konike HSS-G Twist 1-10,0 mm",Elektrik,,,,,elektrik,active
"102790EPRO – Set me 6 punto konike profesionale UltimateCUT RUnaTEC C 90 ° HSS, DIN 335 Ø 6,3 – 8,3 – 10,4 – 12,4",Elektrik,,,,,elektrik,active
349235 – Disk Diamanti per Beton dhe Asfalt DT 350 AB Ø 400×25.4 mm,Elektrik,,,,,elektrik,active
"349228 – Disk Diamanti per Asfalt DT 602 A Ø 400×3,6×20 mm",Elektrik,,,,,elektrik,active
LU3D0900 – Disk melamine silencioz 350 x 3.50 x 30.00 mm Z 108,Elektrik,,,,,elektrik,active
LU5D1700 – Disk alumini 350 x 3.50 x 30.00 mm Z 108,Elektrik,,,,,elektrik,active
"355725 – Disk Diamanti Special shpetimi DT900ACR, 230mmX3,1X22,23/16VG",Elektrik,,,,,elektrik,active
8100 – Adaptor + gote me vidio per inox 100 mm,Elektrik,,,,,elektrik,active
337734 – Disk Diamanti per Asfalt DT 350 A Ø 450×25.4 mm,Elektrik,,,,,elektrik,active
"325067 – Disk Diamanti per Beton DT 900 Ø 300×2,8x25x4 mm",Elektrik,,,,,elektrik,active
"347486 – Disk Diamanti Universal DT 350 U Ø 400×3,6×25,4 mm",Elektrik,,,,,elektrik,active
349236 – Disk Diamanti per Asfalt DT 350 A Ø 400×25.4 mm,Elektrik,,,,,elektrik,active
LU3D0600 – Disk melamine silencioz 300 x 3.50 x 30.00 mm Z 96,Elektrik,,,,,elektrik,active
108534 – Punto Freze per trapan magnetik 34.0 mm / 55mm-88mm,Elektrik,,,,,elektrik,active
8085 – Adaptor + gote me vidio per inox 85 mm,Elektrik,,,,,elektrik,active
"349237 – Disk Diamanti per Asfalt DT 305 A 400×3,6×25,4 mm",Elektrik,,,,,elektrik,active
"101020T – Set me punto konike Titani 1,2,3 mm",Elektrik,,,,,elektrik,active
LU3D0400 – Disk melamine silencioz 250 x 3.20 x 30.00 mm Z 80,Elektrik,,,,,elektrik,active
LG3D0900 – Disk melamine 350 x 3.20 x 30.00 mm Z 108,Elektrik,,,,,elektrik,active
Valixhe promo Klingspor me 100 Gur Inoxi 125×1.0mm 262937 A 60 EX,Elektrik,,,,,elektrik,active
108532 – Punto Freze per trapan magnetik 32.0 mm / 88mm,Elektrik,,,,,elektrik,active
340240 – Disk Diamanti per Beton dhe Asfalt DT 350 AB Ø 350×25.4 mm,Elektrik,,,,,elektrik,active
LU5D1200 – Disk alumini 300 x 3.50 x 30.00 mm Z 96,Elektrik,,,,,elektrik,active
108530 – Punto Freze per trapan magnetik 30.0 mm / 88mm,Elektrik,,,,,elektrik,active
LU2A2500 – Disk me vidium per dru 350 mm Z 42,Elektrik,,,,,elektrik,active
464112 – Tampon rezerve komplet per zmeriluese SP-EC S D150,Elektrik,,,,,elektrik,active
750532 – Lama sharre 3- Cope HSS 14/18 TPI,Elektrik,,,,,elektrik,active
259004RO – Set me 15 punto HSS-G Twist  Ø 2.5-10.2mm  dhe shfiletues me 1 kalim M3-M12,Elektrik,,,,,elektrik,active
101008T – Punto Konike Titani 5×31 mm,Elektrik,,,,,elektrik,active
8075MPS – Adaptor + gote me vidio per inox 75 mm,Elektrik,,,,,elektrik,active
228369 – Beze zmerile /KL385J/115×50 m Gr.400,Elektrik,,,,,elektrik,active
228363 – Beze zmerile /KL385J /115×50 m Gr.80,Elektrik,,,,,elektrik,active
228151 – Beze zmerile /KL385J /115×50 m Gr.60,Elektrik,,,,,elektrik,active
224650 – Beze zmerile /KL385J /115×50 m Gr.40,Elektrik,,,,,elektrik,active
228368 – Beze zmerile /KL385J /115×50 m Gr.320,Elektrik,,,,,elektrik,active
228367 – Beze zmerile /KL385J /115×50 m Gr.240,Elektrik,,,,,elektrik,active
228366 – Beze zmerile /KL385J /115×50 m Gr.180,Elektrik,,,,,elektrik,active
228370 – Beze zmerile /KL385J /115×50 m Gr.150,Elektrik,,,,,elektrik,active
228365 – Beze zmerile /KL385J /115×50 m Gr.120,Elektrik,,,,,elektrik,active
228364 – Beze zmerile /KL385J /115×50 m Gr.100,Elektrik,,,,,elektrik,active
LU2A2100 – Disk universal 300 x 3.20 x 30.00 mm Z 48,Elektrik,,,,,elektrik,active
LG3D0600 – Disk melamine 300 x 3.20 x 30.00 mm Z 96,Elektrik,,,,,elektrik,active
LU1A0100 – Disk druri 300 x 4.4 x 30.00 mm Z 36,Elektrik,,,,,elektrik,active
LU5D0800 – Disk alumini 250 x 3.50 x 30.00 mm Z 80,Elektrik,,,,,elektrik,active
Punto Freze 40×30 mm per trapan magnetik,Elektrik,,,,,elektrik,active
Punto SDS-Max 28 x 570 mm,Elektrik,,,,,elektrik,active
DMD044052 – Disk Diamanti per prerje betoni me lazer 405 mm(16) X 25.4 mm,Elektrik,,,,,elektrik,active
108528 – Punto Freze per trapan magnetik 28.0 mm / 55mm-88mm,Elektrik,,,,,elektrik,active
"336221 – Disk Diamanti Universal DT 350 U Ø 350x3x25,4 mm",Elektrik,,,,,elektrik,active
LM021300 – Disk per carje 350 x 60.00 x 3.00 mm Z24+4,Elektrik,,,,,elektrik,active
108526 – Punto Freze per trapan magnetik 26.0 mm / 55mm-88mm,Elektrik,,,,,elektrik,active
101003T – Punto Konike Titani 16×30.5,Elektrik,,,,,elektrik,active
LM021200 – Disk per carje 350 x 30.00 x 3.00 mm Z 24+4,Elektrik,,,,,elektrik,active
LG3D0400 – Disk melamine 250 x 3.20 x 30.00 mm Z 80,Elektrik,,,,,elektrik,active
Punto Freze 38 x 30 mm per trapan magnetik 754429,Elektrik,,,,,elektrik,active
Punto SDS-Max 25 x 520 mm,Elektrik,,,,,elektrik,active
108524 – Punto Freze per trapan magnetik 24.0 mm / 88mm,Elektrik,,,,,elektrik,active
"325045 – Disk Diamanti per beton DT 900 230 x 2,6 x 22,23 mm",Elektrik,,,,,elektrik,active
LM020600 – Disk per carje 300 x 30.00 x 2.80 mm Z20+2,Elektrik,,,,,elektrik,active
LU1C0400 – Disk druri universal 300 x 3.20 x 30.00 mm Z 26,Elektrik,,,,,elektrik,active
LU2A1900 – Disk druri 300 x 3.2 x 30 .00 mm Z 36,Elektrik,,,,,elektrik,active
FR23A001M – Disk alumini 250 x 2.80 x 30.00 mm Z 80,Elektrik,,,,,elektrik,active
Punto Freze 36 x 30 mm per trapan magnetik,Elektrik,,,,,elektrik,active
Punto SDS-Max 24 x 520 mm,Elektrik,,,,,elektrik,active
Set me 25 Punto Metali HHS-G 1-13mm,Elektrik,,3M,,,elektrik,active
108522 – Punto Freze per trapan magnetik 22.0 mm / 88mm,Elektrik,,,,,elektrik,active
334093 – Disk Diamanti Universal Turbo DT 310 UT Ø 350x3x20 mm,Elektrik,,,,,elektrik,active
LU2A1700 – Disk me vidium per dru 250 mm Z40,Elektrik,,,,,elektrik,active
Punto Freze 34 x 30 mm per trapan magnetik,Elektrik,,,,,elektrik,active
FR19A001H – Disk melamin dhe alumini 230 x 2.80 x 30.00 mm Z 64,Elektrik,,,,,elektrik,active
108520 – Punto Freze per trapan magnetik 20.0 mm / 88mm,Elektrik,,,,,elektrik,active
355724 – Disk diamanti DT 900 ACR 125 x 2.8 x 22.23mm 6 Segmente,Elektrik,,3M,,,elektrik,active
"102152 – Set me punto konike te frezuara HSSØ 6,3 – 8,3 – 10,4 – 12,4 – 16,5 – 20,5",Elektrik,,,,,elektrik,active
"102152RO – Set me 6 punto konike profesionale C 90 ° HSS, DIN 335 6,3 mm – 20,5 mm RO",Elektrik,,,,,elektrik,active
"336220 – Disk Diamanti Universal DT 350 U Ø 300×2,8×25,4 mm",Elektrik,,,,,elektrik,active
"8520 – Mandrino Quick 1 – 16 mm, B16",Elektrik,,,,,elektrik,active
Punto Freze 33 x 30 mm per trapan magnetik,Elektrik,,,,,elektrik,active
108518 – Punto Freze per trapan magnetik 18.0 mm / 55mm-88mm,Elektrik,,,,,elektrik,active
108516 – Punto Freze per trapan magnetik 16.0 mm / 88mm,Elektrik,,,,,elektrik,active
108232 – Punto Freze per trapan magnetik 32.0 mm,Elektrik,,,,,elektrik,active
8060MPS – Adaptor + gote me vidio per inox 60 mm,Elektrik,,,,,elektrik,active
8055 – Adaptor + gote me vidio per inox 55 mm,Elektrik,,,,,elektrik,active
334092 – Disk Diamanti Universal Turbo DT 310 UT Ø 300x3x20 mm,Elektrik,,,,,elektrik,active
Punto SDS-Max 25 x 320 mm,Elektrik,,,,,elektrik,active
Punto SDS-Max 24 x 320 mm,Elektrik,,,,,elektrik,active
108230 – Punto Freze per trapan magnetik 30.0 mm,Elektrik,,,,,elektrik,active
108228 – Punto Freze per trapan magnetik  28.0 mm,Elektrik,,,,,elektrik,active
FR15A001M – Disk melamin dhe alumini 210 x 2.5 x 30 mm Z 54,Elektrik,,,,,elektrik,active
108514 – Punto Freze per trapan magnetik 14.0 mm / 88mm,Elektrik,,,,,elektrik,active
355722 – Disk diamanti DT 600 ACM 125 x 1.3 x 22.23mm 10 Segmente,Elektrik,,3M,,,elektrik,active
"101020 – Set me punto konike HSS 1,2,3 mm",Elektrik,,,,,elektrik,active
108226 – Punto Freze per trapan magnetik 26.0 mm,Elektrik,,,,,elektrik,active
Punto Freze 32 x 30 mm per trapan magnetik,Elektrik,,,,,elektrik,active
Punto SDS-Max 22 x 520 mm,Elektrik,,,,,elektrik,active
Punto SDS-Max 20 x 520 mm,Elektrik,,,,,elektrik,active
Punto SDS-Max 18 x 540 mm,Elektrik,,,,,elektrik,active
FR13A002H – Disk melamin dhe alumini 190 x 2.80 x 30.00 mm Z 54,Elektrik,,,,,elektrik,active
YT-60436 – Punto Diamanti per pllaka porcelan dhe qeramike 125MM,Elektrik,,,,,elektrik,active
108513 – Punto Freze per trapan magnetik 13.0 mm / 55mm-88mm,Elektrik,,,,,elektrik,active
"336617 – Disk Diamanti per Granit DT 600 GU  Ø 230×2,6×22,23 mm",Elektrik,,,,,elektrik,active
8016MPS – Adaptor + gote me vidio per inox 16 mm,Elektrik,,,,,elektrik,active
"331041 – Disk Diamanti per pllaka porcelani DT 900 FL Ø 230×1,8×22,23×7 mm",Elektrik,,,,,elektrik,active
"4100533 – Gota diamanti per gure fleksibel 35mm, M14",Elektrik,,,,,elektrik,active
"4100532 – Gota diamanti per gure fleksibel 32mm, M14",Elektrik,,,,,elektrik,active
Punto Freze 30 x 30 mm per trapan magnetik,Elektrik,,,,,elektrik,active
Punto Freze 28 x 30 mm per trapan magnetik,Elektrik,,,,,elektrik,active
Punto SDS-Max 22 x 320 mm,Elektrik,,,,,elektrik,active
Punto SDS-Max 20 x 320 mm,Elektrik,,,,,elektrik,active
Punto SDS-Max 18 x 340 mm,Elektrik,,,,,elektrik,active
Punto SDS-Max 16 x 540 mm,Elektrik,,,,,elektrik,active
DBH1243208 – Punto SDS-Max 32×1000 mm,Elektrik,,,,,elektrik,active
108512 – Punto Freze Per Trapan Magnetik,Elektrik,,,,,elektrik,active
"4100531 – Gota diamanti per gure fleksibel 30 mm, M14",Elektrik,,,,,elektrik,active
7710003 – Shfiletues M3 – M45,Elektrik,,,,,elektrik,active
"336219 – Disk Diamanti Universal DT 350 U Ø 230×2,6×22,23 mm",Elektrik,,,,,elektrik,active
"B10345N33.25 – Punto Metali me aks konik per trapan bango HSS DIN 345 33,25",Elektrik,,,,,elektrik,active
Punto Freze 27 x 30 mm per trapan magnetik,Elektrik,,,,,elektrik,active
Dalte Matrapiku Hexagon 32 mm me maje 550 mm,Elektrik,,,,,elektrik,active
443 – Set me punto freze konike Titan 4-12 / 4-20 / 4-32 mm,Elektrik,,,,,elektrik,active
101002T – Punto Konike Titani 4×20 mm,Elektrik,,,,,elektrik,active
101001T – Punto Konike Titani 3×14 mm,Elektrik,,,,,elektrik,active
DBH1253280 – Punto SDS-Max 32×800 mm,Elektrik,,,,,elektrik,active
"446 – Set me mini kunja zmerilimi diamanti 50 cope, 3 mm",Elektrik,,,,,elektrik,active
445 – Mini set me kunja zmerilimi 202 cope,Elektrik,,,,,elektrik,active
Punto Freze 26 x 30 mm per trapan magnetik,Elektrik,,,,,elektrik,active
Punto Freze 25 x 30 mm per trapan magnetik,Elektrik,,,,,elektrik,active
Punto SDS-Max 12 x 340 mm,Elektrik,,,,,elektrik,active
AKD5075 – Set SDS Max 7 cope (4 punto/3 dalta),Elektrik,,,,,elektrik,active
"YT-44077 – Set me gote shpimi me vidio, 22-65mm",Elektrik,,,,,elektrik,active
750917 – Punto SDS Max me 2 koka 15 x 340 mm,Elektrik,,,,,elektrik,active
101008 – Punto Konike HSS 9.0×103,Elektrik,,,,,elektrik,active
"B10345N33.00 – Punto Metali me aks konik per trapan bango HSS DIN 345 33,00",Elektrik,,,,,elektrik,active
Punto SDS-Plus 25 x 450 mm,Elektrik,,,,,elektrik,active
Punto SDS-Plus 24 x 450 mm,Elektrik,,,,,elektrik,active
Punto SDS-Max 16 x 340 mm,Elektrik,,,,,elektrik,active
Punto SDS-Max 14 x 340 mm,Elektrik,,,,,elektrik,active
108218 – Punto Freze per trapan magnetik 18.0 mm,Elektrik,,,,,elektrik,active
Punto Freze 24 x 30 mm per trapan magnetik,Elektrik,,,,,elektrik,active
"B10345N32.00 – Punto Metali me aks konik per trapan bango HSS DIN 345 32,00 MK 4",Elektrik,,,,,elektrik,active
Punto Freze 23 x 30 mm per trapan magnetik,Elektrik,,,,,elektrik,active
"106547P – Disk abraziv per makineri elektrike mprehje zinxhiri mini 3/8, I kuq (5 cope)",Elektrik,,,,,elektrik,active
DBH1253260 – Punto SDS-Max 32×600 mm,Elektrik,,,,,elektrik,active
"336615 – Disk Diamanti per Granit DT 600 G Ø 125×2,4×22,23",Elektrik,,,,,elektrik,active
"331044 – Disk Diamanti per pllaka porcelani DT 900 FL Ø 180×1,6×22,23×7 mm",Elektrik,,,,,elektrik,active
"4100530 – Gota diamanti per gure fleksibel 25mm, M14",Elektrik,,,,,elektrik,active
Punto SDS-Plus 22 x 450 mm,Elektrik,,,,,elektrik,active
Punto Freze 22 x 30 mm per trapan magnetik,Elektrik,,,,,elektrik,active
Dalte Matrapiku Hexagon 30 mm e sheshte 410 mm,Elektrik,,,,,elektrik,active
Dalte Matrapiku Hexagon 30 mm me maje 410 mm,Elektrik,,,,,elektrik,active
"B10345N31.50 – Punto Metali me aks konik per trapan bango HSS DIN 345 31,50",Elektrik,,,,,elektrik,active
"B10345N31.00 – Punto Metali me aks konik per trapan bango HSS DIN 345 31,00",Elektrik,,,,,elektrik,active
"B10345N30.50 – Punto Metali me aks konik per trapan bango HSS DIN 345 30,50",Elektrik,,,,,elektrik,active
"B10345N30.00 – Punto Metali me aks konik per trapan bango HSS DIN 345 30,00",Elektrik,,,,,elektrik,active
"B10345N29.50 – Punto Metali me aks konik per trapan bango HSS DIN 345 29,50",Elektrik,,,,,elektrik,active
"B10345N29.00 – Punto Metali me aks konik per trapan bango HSS DIN 345 29,00",Elektrik,,,,,elektrik,active
"4100529 – Gota diamanti per gure fleksibel 20mm, M14",Elektrik,,,,,elektrik,active
"B10345N28.50 – Punto Metali me aks konik per trapan bango HSS DIN 345 28,50",Elektrik,,,,,elektrik,active
"B10345N28.00 – Punto Metali me aks konik per trapan bango HSS DIN 345 28,00",Elektrik,,,,,elektrik,active
BHT4066 – Gote diamanti per qeramike Φ70mm,Elektrik,,,,,elektrik,active
YT-61729 – Set me 6 koka zmerilimi diamanti,Elektrik,,,,,elektrik,active
BHT4081 – Gote betoni me punto dhe adaptor SDS-Plus 115 mm,Elektrik,,,,,elektrik,active
783270 – Punto SDS-Plus me 4 koka 16×455 mm,Elektrik,,,,,elektrik,active
2325120T – Mashkull filetimi me 1 kalim Titan M12,Elektrik,,,,,elektrik,active
"B10345N27.50 – Punto Metali me aks konik per trapan bango HSS DIN 345 27,50",Elektrik,,,,,elektrik,active
"B10345N27.00 – Punto Metali me aks konik per trapan bango HSS DIN 345 27,00",Elektrik,,,,,elektrik,active
"B10345N26.50 – Punto Metali me aks konik per trapan bango HSS DIN 345 26,50",Elektrik,,,,,elektrik,active
Punto SDS-Plus 20 x 600 mm,Elektrik,,,,,elektrik,active
Punto Freze 21 x 30 mm per trapan magnetik,Elektrik,,,,,elektrik,active
783269 – Punto SDS-Plus me 4 koka 16×315 mm,Elektrik,,,,,elektrik,active
230120 – Set me 3 Meshkuj filetimi DIN 352 M12,Elektrik,,,,,elektrik,active
Punto Freze 20 x 30 mm per trapan magnetik,Elektrik,,,,,elektrik,active
106548P – Disk abraziv 105×4.7 mm per mprehje zinxhiri 325 3/8 i kuq,Elektrik,,,,,elektrik,active
LM010100 – Disk per dru 180 x 2.2 x 40mm Z 16+2,Elektrik,,,,,elektrik,active
108216 – Punto Freze per trapan magnetik 16.0 mm,Elektrik,,,,,elektrik,active
"334091 – Disk Diamanti Universal Turbo DT 310 UT Ø 230×2,5×22,23×10 mm",Elektrik,,,,,elektrik,active
"336216 – Disk Diamanti Universal DT 350 U Ø 180×2,6×22,23 mm",Elektrik,,,,,elektrik,active
"331039 – Disk Diamanti per pllaka porcelani DT 900 FP Ø 115×1,4×22,23×10 mm",Elektrik,,,,,elektrik,active
483117 – Adaptor tamponi sfungjere me ngjitje per zmeriluese muri KAD D225/16 H,Elektrik,,,,,elektrik,active
Punto Freze 19 x 30 mm per trapan magnetik,Elektrik,,,,,elektrik,active
Punto Freze 18 x 30 mm per trapan magnetik,Elektrik,,,,,elektrik,active
DBH1243005 – Punto SDS-Max 30×540 mm,Elektrik,,,,,elektrik,active
Punto Freze 17 x 30 mm per trapan magnetik,Elektrik,,,,,elektrik,active
Punto Freze 16 x 30 mm per trapan magnetik,Elektrik,,,,,elektrik,active
Punto Freze 15 x 30 mm per trapan magnetik,Elektrik,,,,,elektrik,active
BHT4065 – Gote diamanti per qeramike Φ60mm,Elektrik,,,,,elektrik,active
2325100T – Mashkull filetimi me 1 kalim Titan M10,Elektrik,,,,,elektrik,active
Punto Freze 14 x 30 mm per trapan magnetik,Elektrik,,,,,elektrik,active
Punto Freze 13 x 30 mm per trapan magnetik,Elektrik,,,,,elektrik,active
TSB3305212 – Disk Preres Alumini 305 mm 120T,Elektrik,,,,,elektrik,active
YT-60446 – Punto diamanti porcelani per gure fleksibel 51mm,Elektrik,,,,,elektrik,active
YT-60434 – Punto Diamanti per pllaka porcelan dhe qeramike 80MM,Elektrik,,,,,elektrik,active
"336614 – Disk Diamanti per Granit DT 600 G Ø 115×2,4×22,23",Elektrik,,,,,elektrik,active
"YT-60323 – Kupe zmerilimi diamanti M14, 180mm",Elektrik,,,,,elektrik,active
108214 – Punto Freze per trapan magnetik 14.0 mm,Elektrik,,,,,elektrik,active
"483109 – Adaptor per tamponin e zmerilueseve GE 5, GE 5R, GSE 5 R",Elektrik,,,,,elektrik,active
506/6 – Komplet me 4 gota qeramike ø 33/53/63/73 mm adaptor,Elektrik,,,,,elektrik,active
"331043 – Disk Diamanti per pllaka porcelani DT 900 FL Ø 125×1,4×22,23×7 mm",Elektrik,,,,,elektrik,active
443/3 – Punto freze Titan 4-32 mm,Elektrik,,,,,elektrik,active
2325080T – Mashkull filetimi me 1 kalim Titan M8,Elektrik,,,,,elektrik,active
783268 – Punto SDS-Plus me 4 koka 16×265 mm,Elektrik,,,,,elektrik,active
783267 – Punto SDS-Plus 16 x 210 mm me 4 koka,Elektrik,,,,,elektrik,active
"4100528 – Gota diamanti per gure fleksibel 16mm, M14",Elektrik,,,,,elektrik,active
Punto SDS-Plus 20 x 250 mm,Elektrik,,,,,elektrik,active
Punto Freze 12 x 30 mm per trapan magnetik,Elektrik,,,,,elektrik,active
DBH1242805 – Punto SDS-Max 28×540 mm,Elektrik,,,,,elektrik,active
"259130E – Punto Metali me maje konike HSS-CO Twist / DIN338 13,0 mm",Elektrik,,,,,elektrik,active
"B10345N26.00 – Punto Metali me aks konik per trapan bango HSS DIN 345 26,00",Elektrik,,,,,elektrik,active
Punto SDS-Plus 18 x 250 mm,Elektrik,,,,,elektrik,active
108212 – Punto Freze per trapan magnetik 12.0 mm,Elektrik,,,,,elektrik,active
"4046 – Set me 5-cop lame sharre horizontale 200 x 180 x 4.2 mm per dru, melamine dhe plastik",Elektrik,,,,,elektrik,active
"4100527 – Gota diamanti per gure fleksibel 14mm, M14",Elektrik,,,,,elektrik,active
BCG1392 – Sfungjer rezerve per ferkuese fino BCG1390,Elektrik,,,,,elektrik,active
AKTMT2301 – Set me 23 Aksesore per Makineri Multifunksionale (ne valixhe plastike),Elektrik,,,,,elektrik,active
YT-60433 – Punto Diamanti per pllaka porcelan dhe qeramike 68MM,Elektrik,,,,,elektrik,active
"259120E – Punto Metali me maje konike HSS-CO Twist / DIN338 12,0 mm",Elektrik,,,,,elektrik,active
"B10345N25.50 – Punto Metali me aks konik per trapan bango HSS DIN 345 25,50",Elektrik,,,,,elektrik,active
"B10345N25.00 – Punto Metali me aks konik per trapan bango HSS DIN 345 25,00",Elektrik,,,,,elektrik,active
"B10345N24.50 – Punto Metali me aks konik per trapan bango HSS DIN 345 24,50",Elektrik,,,,,elektrik,active
"B10345N24.00 – Punto Metali me aks konik per trapan bango HSS DIN 345 24,00",Elektrik,,,,,elektrik,active
230100 – Set me 3 Meshkuj filetimi DIN 352 M10,Elektrik,,,,,elektrik,active
"336215 – Disk Diamanti Universal DT 350 U Ø 125x 2,4×22,23 mm",Elektrik,,,,,elektrik,active
"331042 – Disk Diamanti per pllaka porcelani DT 900 FL Ø 115×1,4×22,23×7 mm",Elektrik,,,,,elektrik,active
"4100526 – Gota diamanti per gure fleksibel 12mm, M14",Elektrik,,,,,elektrik,active
Punto SDS-Plus 10 x 455 mm me 4 koka,Elektrik,,,,,elektrik,active
14840 – Gomine me kapje Ø 180mm M14,Elektrik,,,,,elektrik,active
"259110E – Punto Metali me maje konike HSS-CO Twist / DIN338 11,0 mm",Elektrik,,,,,elektrik,active
5095 – Gote HSS Bi-metal 95 mm,Elektrik,,,,,elektrik,active
"4100524 – Gota diamanti per gure fleksibel 8mm, M14",Elektrik,,,,,elektrik,active
"4100522 – Gota diamanti per gure fleksibel 6mm, M14",Elektrik,,,,,elektrik,active
"4100525 – Gota diamanti per gure fleksibel 10mm, M14",Elektrik,,,,,elektrik,active
2325120E – Mashkull filetimi me 1 kalim Cobalt M12,Elektrik,,,,,elektrik,active
444 – Set me 6 punto freza 6 mm,Elektrik,,,,,elektrik,active
Punto Druri Lewis 24 x 460 mm,Elektrik,,,,,elektrik,active
TSB3254210 – Disk Preres Alumini 254 mm 100T,Elektrik,,,,,elektrik,active
TSB130523 – Disk druri 305,Elektrik,,,,,elektrik,active
AKRT1211 – Set lule freze 12 cope (8mm),Elektrik,,,,,elektrik,active
"AKD41301 – Komplet me punto druri te sheshta 13 cp, 6 – 38 mm",Elektrik,,,,,elektrik,active
Dalte SDS-Max me maje vetmprehese 400 mm,Elektrik,,,,,elektrik,active
Dalte SDS-Max me maje te sheshte 50 x 400 mm,Elektrik,,,,,elektrik,active
BHT4064 – Gote diamanti per qeramike Φ45mm,Elektrik,,,,,elektrik,active
2325060T – Mashkull filetimi me 1 kalim Titan M6,Elektrik,,,,,elektrik,active
2325100E – Mashkull filetimi me 1 kalim Cobalt M10,Elektrik,,,,,elektrik,active
5086 – Gote HSS Bi-metal 86 mm,Elektrik,,,,,elektrik,active
Set majash me adaptor 60 cope,Elektrik,,,,,elektrik,active
Set me 11 Furca Pastrimi per Trapan,Elektrik,,,,,elektrik,active
AKRT1201 – Set lule freze 12 cope (6mm,Elektrik,,,,,elektrik,active
BCG1393 – Bazament plastik per ferkuese fino BCG1390,Elektrik,,,,,elektrik,active
783258 – Punto SDS-Plus me 4 koka 14×315 mm,Elektrik,,,,,elektrik,active
2325050T – Mashkull filetimi me 1 kalim Titan M5,Elektrik,,,,,elektrik,active
"336214 – Disk Diamanti Universal DT 350 U Ø 115×2,4×22,23 mm",Elektrik,,,,,elektrik,active
Punto SDS-Plus 16 x 310 mm,Elektrik,,,,,elektrik,active
BHT4063 – Gote diamanti per qeramike Φ40mm,Elektrik,,,,,elektrik,active
230080 – Set me 3 Meshkuj filetimi DIN 352 M8,Elektrik,,,,,elektrik,active
230060 – Set me 3 Meshkuj filetimi DIN 352 M6,Elektrik,,,,,elektrik,active
783257 – Punto SDS-Plus 14 x 260 mm me 4 koka,Elektrik,,,,,elektrik,active
DMD033551 – Disk per prerese betoni 355(14”)x25.4mm,Elektrik,,,,,elektrik,active
4416 – Set me 5-cop lame sharre horizontale 230 x 210 x 1.8 mm per Inox dhe metale te tjera jo ferroze,Elektrik,,,,,elektrik,active
"B10345N23.00 – Punto Metali me aks konik per trapan bango HSS DIN 345 23,00",Elektrik,,,,,elektrik,active
AKRT1221 – Set lule freze 12 cope (12mm),Elektrik,,,,,elektrik,active
Set 44 cope ( 31 maja me goditje 25/50mm + 13 adaptor magnetik me goditje 6/8/10mm) – AKDL24408,Elektrik,,,,,elektrik,active
230050 – Set me 3 Meshkuj filetimi DIN 352 M5,Elektrik,,,,,elektrik,active
7710002 – Shfiletues M3  -M24 1/8 – 1”,Elektrik,,,,,elektrik,active
DBC0314101 – Dalte me maje hex 30 x 410mm,Elektrik,,,,,elektrik,active
DBH1242505 – Punto SDS-Max 25×540 mm,Elektrik,,,,,elektrik,active
AKMG4208 – Set me 420 aksesore zmerilimi per,Elektrik,,,,,elektrik,active
4414 – Set me 5-cop lame sharre horizontale 225 x 205 x 1.8 mm per Inox dhe metale te tjera jo ferroze,Elektrik,,,,,elektrik,active
"438 – Set me 5 lule freza 90 mm, 15-35 mm",Elektrik,,,,,elektrik,active
"B10345N22.50 – Punto Metali me aks konik per trapan bango HSS DIN 345 22,50",Elektrik,,,,,elektrik,active
Dalte SDS-Max me maje 600 mm,Elektrik,,,,,elektrik,active
2325040T – Mashkull filetimi me 1 kalim Titan M4,Elektrik,,,,,elektrik,active
"B10345N22.00 – Punto Metali me aks konik per trapan bango HSS DIN 345 22,00",Elektrik,,,,,elektrik,active
Punto Druri Lewis 22 x 460 mm,Elektrik,,,,,elektrik,active
BCG1391 – Tampon plastik per ferkuese fino BCG1390,Elektrik,,,,,elektrik,active
66400 – Set me 40 shlica,Elektrik,,,,,elektrik,active
230040 – Set me 3 Meshkuj filetimi DIN 352 M4,Elektrik,,,,,elektrik,active
4407 – Set me 5-cop lame sharre horizontale 230 x 210 x 1.0 mm per metale te holla dhe alumin,Elektrik,,,,,elektrik,active
Mandrino veteshtrenguese metalike 13mm me adaptor SDS plus,Elektrik,,3M,,,elektrik,active
BHT4062 – Gote diamanti per qeramike Φ35mm,Elektrik,,,,,elektrik,active
2325080E – Mashkull filetimi me 1 kalim Cobalt M8,Elektrik,,,,,elektrik,active
DBH1242205 – Punto SDS-Max 22×540 mm,Elektrik,,,,,elektrik,active
MCD1211550 – Set me 50 disqe,Elektrik,,,,,elektrik,active
Punto Druri Lewis 26 x 230 mm,Elektrik,,,,,elektrik,active
Disk diamanti TURBO I holle per porcelan Φ115×1.4×22.2mm 10mm -BHT2074,Elektrik,,,,,elektrik,active
Set me 50 maja me goditje 25mm/50mm – WSV2005,Elektrik,,,,,elektrik,active
"Set me 30 disqe (20x preres, 4x pastrimi, 4x diamanti ne te lagur, 2x disk me leter zmerile)",Elektrik,,,,,elektrik,active
AKD91701 – Set me 17 Punto/Dalta SDS-Plus (13 punto + 4 dalta),Elektrik,,,,,elektrik,active
YT-60444 – Punto diamanti porcelani per gure fleksibel 20mm,Elektrik,,,,,elektrik,active
"259090E – Punto Metali me maje konike HSS-CO Twist / DIN338 9,0 mm",Elektrik,,,,,elektrik,active
230030 – Set me 3 Meshkuj filetimi DIN 352 M3,Elektrik,,,,,elektrik,active
443/2 – Punto freze Titan 4-20 mm,Elektrik,,,,,elektrik,active
"B10345N20.50 – Punto Metali me aks konik per trapan bango HSS DIN 345 20,50",Elektrik,,,,,elektrik,active
Punto SDS-Plus 14 x 450 mm,Elektrik,,,,,elektrik,active
Punto Druri Lewis 20 x 460 mm,Elektrik,,,,,elektrik,active
DBC0324102 – Dalte e sheshte hex 30 x 410mm,Elektrik,,,,,elektrik,active
DBH1242005 – Punto SDS-Max 20×540 mm,Elektrik,,,,,elektrik,active
YT-44074 – Gote shpimi Inoxi me vidio 102 mm,Elektrik,,,,,elektrik,active
"B10345N20.00 – Punto Metali me aks konik per trapan bango HSS DIN 345 20,00",Elektrik,,,,,elektrik,active
YT-82189 – Lame sharre rrethore per sharre hekuri 14TPI 1140MM BIM,Elektrik,,,,,elektrik,active
"YT-47933 – Sfungjer zmerilimi per poliatrice/luciduese  180MM, M14 8 cope",Elektrik,,,,,elektrik,active
22613 – Punto Konike Titan 6-39MM,Elektrik,,,,,elektrik,active
BHT4061 – Gote diamanti per qeramike Φ32mm,Elektrik,,,,,elektrik,active
783256 – Punto SDS-Plus me 4 koka 14×215 mm,Elektrik,,,,,elektrik,active
Punto SDS-Plus 16 x 260 mm,Elektrik,,,,,elektrik,active
Punto SDS-Plus 12 x 450 mm,Elektrik,,,,,elektrik,active
"259100 – Punto Metali me maje konike HSS-G Twist / DIN338 10,0 mm",Elektrik,,,,,elektrik,active
4402 – Set me 5-cop lame sharre horizontale 200 x 180 x 1.4 mm per metal dhe alumin,Elektrik,,,,,elektrik,active
70436 – Gomine me ngjitje Ø 150mm M14,Elektrik,,,,,elektrik,active
AKSDS63803 – Punto Konike per vidiator,Elektrik,,,,,elektrik,active
YT-44740 – Punto Konike Titan 6-38MM,Elektrik,,,,,elektrik,active
2325060E – Mashkull filetimi me 1 kalim Cobalt M6,Elektrik,,,,,elektrik,active
Set me 45 maja me goditje 25/50mm – WSV6545,Elektrik,,,,,elektrik,active
"YT-47932 – Sfungjer zmerilimi per poliatrice/luciduese  150MM, M14",Elektrik,,,,,elektrik,active
BHT4060 – Gote diamanti per qeramike Φ30mm,Elektrik,,,,,elektrik,active
75316 – Adaptor ajerngrohesje per ngjitje parakolpesh 5 mm,Elektrik,,Grohe,,,elektrik,active
9106 – Adaptor ajerngrohesje per ngjitje parakolpesh 3 mm,Elektrik,,Grohe,,,elektrik,active
101003 – Punto Konike HSS 9.0×76,Elektrik,,,,,elektrik,active
2325030T – Mashkull filetimi me 1 kalim Titan M3,Elektrik,,,,,elektrik,active
2325050E – Mashkull filetimi me 1 kalim Cobalt M5,Elektrik,,,,,elektrik,active
2325040E – Mashkull filetimi me 1 kalim Cobalt M4,Elektrik,,,,,elektrik,active
443/1 – Punto freze Titan 4-12 mm,Elektrik,,,,,elektrik,active
359300003 – Tampon per zmeriluese muri BDS7100 f225,Elektrik,,,,,elektrik,active
Punto SDS-Plus 8 x 310 mm me 4 koka,Elektrik,,,,,elektrik,active
Punto SDS-Plus 6 x 310 mm me 4 koka,Elektrik,,,,,elektrik,active
Punto SDS-Plus 8 x 460 mm,Elektrik,,,,,elektrik,active
Punto Betoni pa shlica 16 x 400 mm,Elektrik,,,,,elektrik,active
Adaptor SDS Plus per gotat HSS-BI-Metali 40-152 mm,Elektrik,,,,,elektrik,active
Punto Druri Lewis 18 x 460 mm,Elektrik,,,,,elektrik,active
Dalte SDS-Plus e gjere 40 x 250 mm,Elektrik,,,,,elektrik,active
YT-60442 – Punto diamanti porcelani per gure fleksibel 8mm,Elektrik,,,,,elektrik,active
YT-44073 – Gote shpimi Inoxi me vidio 90 mm,Elektrik,,,,,elektrik,active
YT-43490 – Set me 18 punto universal me kase metalike,Elektrik,,,,,elektrik,active
"215130 – Punto Metali HSS-Co / DIN 338 13,0 mm",Elektrik,,,,,elektrik,active
"B09338E13.00 – Punto Metali HSS-CO / DIN 338 N 13,00",Elektrik,,,,,elektrik,active
Punto Druri Lewis 24 x 230 mm,Elektrik,,,,,elektrik,active
"9660-10 – Komplet me 3 meshkuj filetimi HSS-G DIN 352, M10 x 1.5",Elektrik,,,,,elektrik,active
"AKHS200016 – Leter Uji e Zeze  230x280mm, P2000",Elektrik,,,,,elektrik,active
"AKHS150016 – Leter Uji e Zeze 230x280mm, P1500",Elektrik,,,,,elektrik,active
"AKHS100016 – Leter Uji e Zeze  230x280mm, P1000",Elektrik,,,,,elektrik,active
"AKHS040016 – Leter Uji e Zeze 230x280mm, P400",Elektrik,,,,,elektrik,active
"AKHS028016 – Leter Uji e Zeze 230x280mm, P280",Elektrik,,,,,elektrik,active
BHT4084 – Adaptor SDS max 22×450 mm,Elektrik,,,,,elektrik,active
"HSB4061 – Set me gota karbiti + adaptore 33,53,73, 83mm",Elektrik,,3M,,,elektrik,active
"215120 – Punto Metali HSS-Co / DIN 338 12,0 mm",Elektrik,,,,,elektrik,active
"B10345N19.00 – Punto Metali me aks konik per trapan bango HSS DIN 345 19,00",Elektrik,,,,,elektrik,active
TSB1235252 – Set me 2 disqe druri,Elektrik,,,,,elektrik,active
DBH1241805 – Punto SDS-Max 18×540 mm,Elektrik,,,,,elektrik,active
TSB125423 – Disk Druri 254 mm 60 T,Elektrik,,,,,elektrik,active
CGW021251 – Kupe zmerilimi me diamant 125 mm,Elektrik,,,,,elektrik,active
HCB1001 – Gote betoni 100 mm,Elektrik,,,,,elektrik,active
Set me 10 Punto/Dalta SDS-Plus (8 punto + 2 dalta),Elektrik,,,,,elektrik,active
DBH1212504 – Punto SDS-Plus 25×600 mm,Elektrik,,,,,elektrik,active
2325030E – Mashkull filetimi me 1 kalim Cobalt M3,Elektrik,,,,,elektrik,active
4052 – Set me 5-cop lame sharre horizontale 240 x 210 x 6.5 mm per dru dhe melamine,Elektrik,,,,,elektrik,active
5505 – Adaptor per gota Bi-metali 32-152 mm me kapje trapani,Elektrik,,,,,elektrik,active
"B09338E12.50 – Punto Metali HSS-CO / DIN 338 N 12,50",Elektrik,,,,,elektrik,active
Punto SDS-Plus 10 x 310 mm me 4 koka,Elektrik,,,,,elektrik,active
Set me 31 maja me goditje 25mm dhe 50mm – AKDL11306,Elektrik,,,,,elektrik,active
102119 – Punto konike e frezuar HSS 8.0×16.5,Elektrik,,,,,elektrik,active
3158 – Set me 5-cop lame sharre vertikale 250 x 230 x 3 mm per dru dhe melamine Profi Line,Elektrik,,,,,elektrik,active
4405 – Set me 5-cop lame sharre horizontale 150 x 130 x 1.0 mm per metale te holla dhe alumin,Elektrik,,,,,elektrik,active
"334089 – Disk Diamanti Universal Turbo DT 310 UT Ø 125x2x22,23×10 mm",Elektrik,,,,,elektrik,active
Punto SDS-Plus 12 x 265 mm me 4 koka,Elektrik,,,,,elektrik,active
Dalte SDS-Max me maje te sheshte 25 x 400 mm,Elektrik,,,,,elektrik,active
Dalte SDS-Max me maje 400 mm,Elektrik,,,,,elektrik,active
Punto SDS-Plus 14 x 310 mm,Elektrik,,,,,elektrik,active
TSB321023 – Disk Preres Alumini 210 mm 60T,Elektrik,,,,,elektrik,active
HCB0801 – Gote betoni 80 mm,Elektrik,,,,,elektrik,active
"AKD7058 – Set me 5 punto xhami (4,5,6,8,10 mm)",Elektrik,,,,,elektrik,active
CGW011251 – Kupe zmerilimi per beton 125 mm,Elektrik,,,,,elektrik,active
CGW011151 – Kupe zmerilimi per beton 115 mm,Elektrik,,,,,elektrik,active
DMD022501 – Disk preres diamanti per pllaka ne te lagur 250×25.4 mm,Elektrik,,,,,elektrik,active
YT-44072 – Gote shpimi Inoxi me vidio 80 mm,Elektrik,,,,,elektrik,active
Shfiletues M3 – M18 1/8 – 3/4”,Elektrik,,,,,elektrik,active
"B11340G13.00 – Punto Metali te gjata HSS-G 13,0 mm DIN 340 N",Elektrik,,,,,elektrik,active
"B10345N18.50 – Punto Metali me aks konik per trapan bango HSS DIN 345 18,50",Elektrik,,,,,elektrik,active
"B09338E12.00 – Punto Metali HSS-CO / DIN 338 N 12,00",Elektrik,,,,,elektrik,active
Punto SDS-Plus 14 x 260 mm,Elektrik,,,,,elektrik,active
Punto Betoni pa shlica 18 x 160 mm,Elektrik,,,,,elektrik,active
SDBIM11PH263 – Set me 10 maja me goditje PH2x 150 mm,Elektrik,,,,,elektrik,active
CGW021151 – Kupe zmerilimi me diamant 115 mm,Elektrik,,,,,elektrik,active
"MP1160 – Shufer perzjerese M14, 160×600 mm",Elektrik,,,,,elektrik,active
Punto Druri Lewis 14 x 460 mm,Elektrik,,,,,elektrik,active
"9660-08 – Komplet me 3 meshkuj filetimi HSS-G DIN 352, M8 x 1.25",Elektrik,,,,,elektrik,active
"Punto Metali me maje konike HSS-G Twist / DIN338 9,0 mm",Elektrik,,,,,elektrik,active
"AKDL30906 – Set me 9 Punto SDS-Plus 6X110,8X110,6X160,6X160,8X160,10X160,12X160,14X160,16X160mm",Elektrik,,,,,elektrik,active
YT-04621 – Set me 23 maja me goditje per vidiator + adaptor,Elektrik,,,,,elektrik,active
BHT4059 – Gote diamanti per qeramike Φ22mm,Elektrik,,,,,elektrik,active
BHT4058 – Gote diamanti per qeramike Φ20mm,Elektrik,,,,,elektrik,active
BHT4057 – Gote diamanti per qeramike Φ16mm,Elektrik,,,,,elektrik,active
BHT4056 – Gote diamanti per qeramike Φ14mm,Elektrik,,,,,elektrik,active
BHT4055 – Gote diamanti per qeramike Φ12mm,Elektrik,,,,,elektrik,active
BHT4054 – Gote diamanti per qeramike Φ10mm,Elektrik,,,,,elektrik,active
BHT4053 – Gote diamanti per qeramike Φ8mm,Elektrik,,,,,elektrik,active
BHT4052 – Gote diamanti per qeramike Φ6mm,Elektrik,,,,,elektrik,active
BHT4051 – Gote diamanti per qeramike Φ5mm,Elektrik,,,,,elektrik,active
783255 – Punto SDS-Plus me 4 koka 14x165mm,Elektrik,,,,,elektrik,active
"215115 – Punto Metali HSS-Co / DIN 338 11,5 mm",Elektrik,,,,,elektrik,active
3150-F – Set me 5-cop lame sharre vertikale 132 x 110 x 2.5 mm per metal dhe dru Profi Top Line,Elektrik,,,,,elektrik,active
"4037 – Set me 5-cop lame sharre horizontale 230 x 210 x 4.2 mm per dru, melamine dhe plastik",Elektrik,,,,,elektrik,active
4401 – Set me 5-cop lame sharre horizontale 150 x 130 x 1.4 mm per metal dhe alumin,Elektrik,,,,,elektrik,active
14836 – Gomine me kapje Ø 150mm  M14,Elektrik,,,,,elektrik,active
"Disk Diamanti Universal Turbo DT 310 UT Ø 115x2x22,23×10 mm",Elektrik,,,,,elektrik,active
"B10345N18.00 – Punto Metali me aks konik per trapan bango HSS DIN 345 18,00",Elektrik,,,,,elektrik,active
Dalte SDS-plus e sheshte 20X250mm,Elektrik,,,,,elektrik,active
YT-59982 – Disk diamanti Turbo 125mm per pllaka porcelani,Elektrik,,,,,elektrik,active
YT-47212 – Dalte SDS-Plus me maje te sheshte e zeze 80mm,Elektrik,,,,,elektrik,active
DBH1212204 – Punto SDS-Plus 22×600 mm,Elektrik,,,,,elektrik,active
"322628 – Gure Preres per metal A930N Ø350×3.0x25,4 mm",Elektrik,,,,,elektrik,active
"B10345N17.00 – Punto Metali me aks konik per trapan bango HSS DIN 345 17,00",Elektrik,,,,,elektrik,active
Punto SDS-Plus 12 x 215 mm me 4 koka,Elektrik,,,,,elektrik,active
Punto Betoni pa shlica 14 x 400 mm,Elektrik,,,,,elektrik,active
Lama sharre 5-cope 90 x 3 mm per dru te forte,Elektrik,,,,,elektrik,active
Lama sharre 5-cope te gjata 132 x 1.7 mm per dru,Elektrik,,,,,elektrik,active
Punto Druri Lewis 22 x 230 mm,Elektrik,,,,,elektrik,active
Adaptor per gotat HSS-BI-Metali Hexagon 40-152 mm,Elektrik,,,,,elektrik,active
TSB125425 – Disk druri 254 mm,Elektrik,,,,,elektrik,active
TSB123523 – Disk druri 235 mm,Elektrik,,,,,elektrik,active
HCB0651 – Gote betoni 65 mm,Elektrik,,,,,elektrik,active
AKSD68303 – Set me 30 maja me goditje 25 mm,Elektrik,,,,,elektrik,active
YT-60403 – Punto Diamanti Pllakash Porcelani dhe Qeramike Profi 10mm,Elektrik,,,,,elektrik,active
Gote BI-Metali HSS-CO 60mm 4/6 TPI – 4101031,Elektrik,,,,,elektrik,active
YT-59981 – Disk diamanti Turbo 115mm per pllaka porcelani,Elektrik,,,,,elektrik,active
"YT-59972 – Disk diamanti per qeramike, 125×1.6mm",Elektrik,,,,,elektrik,active
"259080 – Punto Metali me maje konike HSS-G Twist / DIN338 8,0 mm",Elektrik,,,,,elektrik,active
YT-60533 – Disk druri 150X30TX20MM,Elektrik,,,,,elektrik,active
"B11340G12.50 – Punto Metali te gjata HSS-G 12,5 mm DIN 340 N",Elektrik,,,,,elektrik,active
Punto SDS-Plus 16 x 210 mm,Elektrik,,,,,elektrik,active
Punto SDS-Plus 5 x 310 mm,Elektrik,,,,,elektrik,active
SDBIM11T2563 – Set me 10 Maja Torx me Goditje T25x150mm,Elektrik,,,,,elektrik,active
YT-44071 – Gote shpimi Inoxi me vidio 70 mm,Elektrik,,,,,elektrik,active
AKSDS63503 – Punto Konike Per Vidiator 6 – 35 mm,Elektrik,,,,,elektrik,active
"259070E – Punto Metali me maje konike HSS-CO Twist / DIN338 7,0 mm",Elektrik,,,,,elektrik,active
5045 – Gote HSS Bi-metal 45 mm,Elektrik,,,,,elektrik,active
"B11340G12.00 – Punto Metali te gjata HSS-G 12,0 mm DIN 340 N",Elektrik,,,,,elektrik,active
"B10345N16.50 – Punto Metali me aks konik per trapan bango HSS DIN 345 16,50",Elektrik,,,,,elektrik,active
"B09338E11.50 – Punto Metali HSS-CO / DIN 338 N 11,50",Elektrik,,,,,elektrik,active
Punto SDS-Plus 10 x 260 mm me 4 koka,Elektrik,,,,,elektrik,active
Punto SDS-Plus 6 x 260 mm me 4 koka,Elektrik,,,,,elektrik,active
Punto SDS-Plus 16 x 160 mm,Elektrik,,,,,elektrik,active
Punto SDS-Plus 6 x 310 mm,Elektrik,,,,,elektrik,active
Punto Druri Lewis 12 x 460 mm,Elektrik,,,,,elektrik,active
Punto Druri Lewis 20 x 230 mm,Elektrik,,,,,elektrik,active
Punto Betoni pa shlica 12 x 400 mm,Elektrik,,,,,elektrik,active
"AKTGS3011 – Kallama ngjites 30 cm, 1 kg",Elektrik,,,,,elektrik,active
YT-60402 – Punto Diamanti Pllakash Porcelani dhe Qeramike Profi 8mm,Elektrik,,,,,elektrik,active
BHT2023 – Tampon leshi per poliatrice 180 mm,Elektrik,,,,,elektrik,active
YT-59971 – Disk diamanti 115×1.6mm qeramik,Elektrik,,,,,elektrik,active
DBH1212005 – Punto SDS-Plus 20×600 mm,Elektrik,,,,,elektrik,active
"259065E – Punto Metali me maje konike HSS-CO Twist / DIN338 6,5 mm",Elektrik,,,,,elektrik,active
YT-44731 – Set me 3 punto konike 3-20mm,Elektrik,,,,,elektrik,active
"215110 – Punto Metali HSS-Co / DIN 338 11,0 mm",Elektrik,,,,,elektrik,active
2325030 – Mashkull filetimi me 1 kalim HSS M3,Elektrik,,,,,elektrik,active
3104-XLS – Set me 5-cop lame sharre vertikale 170 x 145 x 4 mm per dru dhe melamine Profi Line,Elektrik,,,,,elektrik,active
70434 – Gomine me ngjitje Ø 125mm M14,Elektrik,,,,,elektrik,active
Punto SDS-Plus 8 x 260 mm me 4 koka,Elektrik,,,,,elektrik,active
Adaptor per gotat HSS-BI-Metali SDS-Plus 30-38 mm,Elektrik,,,,,elektrik,active
Punto SDS-Plus 12 x 310 mm,Elektrik,,,,,elektrik,active
DMD0123013 – Disk Preres Diamanti 230x12x22.2 mm,Elektrik,,,,,elektrik,active
DMD012302 – Disk Preres Diamanti 230x10x22.2mm,Elektrik,,,,,elektrik,active
"YT-47931 – Sfungjer zmerilimi per poliatrice/luciduese  125MM, M14",Elektrik,,,,,elektrik,active
YT-44070 – Gote shpimi Inoxi me vidio 65 mm,Elektrik,,,,,elektrik,active
"215105 – Punto Metali HSS-Co / DIN 338 10,5 mm",Elektrik,,,,,elektrik,active
101002 – Punto Konike HSS 8.0,Elektrik,,,,,elektrik,active
5043 – Gote HSS Bi-metal 43 mm,Elektrik,,,,,elektrik,active
B17ABG338N18/13 – Punto Metali me Aks 13 DIN 338N-HSS 18 mm,Elektrik,,,,,elektrik,active
Punto Betoni pa shlica 8 x 400 mm,Elektrik,,,,,elektrik,active
Dalte SDS-plus me maje 250mm me vetemprehje,Elektrik,,,,,elektrik,active
Punto SDS-Plus 12 x 260 mm,Elektrik,,,,,elektrik,active
Punto Druri Lewis 10 x 460 mm,Elektrik,,,,,elektrik,active
Punto Druri Lewis 18 x 230 mm,Elektrik,,,,,elektrik,active
Punto Betoni pa shlica 10 x 400 mm,Elektrik,,,,,elektrik,active
MCD1211525 – Set me 25 disqe preres abraziv 115 mm,Elektrik,,,,,elektrik,active
"MP1120 – Shufer perzjerese M14, 120×600 mm",Elektrik,,,,,elektrik,active
YT-60401 – Punto Diamanti Pllakash Porcelani dhe Qeramike Profi 6mm,Elektrik,,,,,elektrik,active
"B10345N16.00 – Punto Metali me aks konik per trapan bango HSS DIN 345 16,00",Elektrik,,,,,elektrik,active
"B09338E11.00 – Punto Metali HSS-CO / DIN 338 N 11,00",Elektrik,,,,,elektrik,active
Kend per maja kacavide hexagon 1/4”,Elektrik,,,,,elektrik,active
APG18012 – Set me 12 Aksesore Lucidimi dhe Pastrimi Ø180mm per APLI2018,Elektrik,,,,,elektrik,active
"TSB1853 – Set me 2 disqe Druri Ultra te Holle 185×1.0X16mm, 24DH per sharre rrethore me bateri CSLI1851",Elektrik,,,,,elektrik,active
"DMD032302 – Disk Preres Diamanti Turbo 23022.2mm, lartesia diamantit 10mm",Elektrik,,,,,elektrik,active
"259060E – Punto Metali me maje konike HSS-CO Twist / DIN338 6,0 mm",Elektrik,,,,,elektrik,active
"B17ABG338N17.50/13 – Punto Metali me Aks 13 DIN 338N-HSS 17,5 mm",Elektrik,,,,,elektrik,active
BHT2022 – Tampon leshi per poliatrice 150 mm,Elektrik,,,,,elektrik,active
Punto SDS-Plus 12 x 160 mm me 4 koka,Elektrik,,,,,elektrik,active
Punto SDS-Plus 14 x 210 mm,Elektrik,,,,,elektrik,active
TSB121022 – Disk Druri 210 mm 48T,Elektrik,,,,,elektrik,active
TSB118510 – Disk Druri 185 mm 30T (Set -2cp),Elektrik,,,,,elektrik,active
"TSB1653 – Set me 2 disqe Druri Ultra te Holle 165×1.0X16mm, 24DH per sharre rrethore me bateri",Elektrik,,,,,elektrik,active
YT-44069 – Gote shpimi Inoxi me vidio 60 mm,Elektrik,,,,,elektrik,active
YT-60522 – Disk druri 140X30TX20MM,Elektrik,,,,,elektrik,active
5038 – Gote HSS Bi-metal 38 mm,Elektrik,,,,,elektrik,active
"325218 – Gure Axhustimi Supra Inoksi A624T 230×6.0x22,23mm",Elektrik,,3M,,,elektrik,active
70433 – Gomine me ngjitje Ø 115mm M14,Elektrik,,,,,elektrik,active
"B11340G11.50 – Punto Metali te gjata HSS-G 11,5 mm DIN 340 N",Elektrik,,,,,elektrik,active
"B10345N15.00 – Punto Metali me aks konik per trapan bango HSS DIN 345 15,00",Elektrik,,,,,elektrik,active
B17ABG338N17/13 – Punto Metali me Aks 13 DIN 338N-HSS 17 mm,Elektrik,,,,,elektrik,active
"B09338E10.50 – Punto Metali HSS-CO / DIN 338 N 10,50",Elektrik,,,,,elektrik,active
Punto SDS-Plus 10 x 210 mm me 4 koka,Elektrik,,,,,elektrik,active
"9660-06 – Komplet me 3 meshkuj filetimi HSS-G DIN 352, M6 x 1.0",Elektrik,,,,,elektrik,active
22612 – Punto metali Konike 4-32MM,Elektrik,,,,,elektrik,active
"259055E – Punto Metali me maje konike HSS-CO Twist / DIN338 5,5 mm",Elektrik,,,,,elektrik,active
101001 – Punto Konike HSS 6.0,Elektrik,,,,,elektrik,active
102107 – Punto konike e frezuar HSS 5.0×6.3,Elektrik,,,,,elektrik,active
"B10345N14.50 – Punto Metali me aks konik per trapan bango HSS DIN 345 14,50",Elektrik,,,,,elektrik,active
APG15012 – Set me 12 Aksesore Lucidimi dhe Pastrimi Ø150mm per APLI2015,Elektrik,,,,,elektrik,active
Punto Betoni pa shlica 16 x 160 mm,Elektrik,,,,,elektrik,active
Punto Betoni pa shlica 14 x 200 mm,Elektrik,,,,,elektrik,active
Punto SDS-Plus 14 x 160 mm,Elektrik,,,,,elektrik,active
Punto Druri Lewis 12 x 320 mm,Elektrik,,,,,elektrik,active
Punto Druri Lewis 16 x 230 mm,Elektrik,,,,,elektrik,active
MX218008-SP-1-B – Shufer perzjerese e majte per MX218009,Elektrik,,,,,elektrik,active
MX218008-SP-1-A – Shufer perzjerese e djathte per MX218008,Elektrik,,,,,elektrik,active
"B11340G11.00 – Punto Metali te gjata HSS-G 11,0 mm DIN 340 N",Elektrik,,,,,elektrik,active
Gote BI-Metali HSS-CO 37mm 4/6 TPI – 4101017,Elektrik,,,,,elektrik,active
"Disk Druri 235x30x25.4mm, 60T – WTC1K08",Elektrik,,,,,elektrik,active
"Disk Druri 235x30x25.4mm, 40T – WTC1K07",Elektrik,,,,,elektrik,active
MCD11011525 – Set me 25 disqe Ultra te Holle per metal/inox 115×1.0x22.2mm,Elektrik,,,,,elektrik,active
Set me 2 disqe druri ultra te holle 140×1.0 mm per sharre rrethore CSLI1401,Elektrik,,,,,elektrik,active
YT-44068 – Gote shpimi Inoxi me vidio 55 mm,Elektrik,,,,,elektrik,active
25450 – Set me 5 koka zmerilimi diamanti,Elektrik,,,,,elektrik,active
22572 – Set me 9 gota shpimi+ adaptor 38-127 mm,Elektrik,,,,,elektrik,active
YT-60631 – Disk parketi 185mm/140T 20MM,Elektrik,,,,,elektrik,active
YT-6052 – Disk druri 140X16TX20 MM,Elektrik,,,,,elektrik,active
YT-34684 – Set me 3 lama  28.5mm per makineri multifunksionale,Elektrik,,,,,elektrik,active
YT-61723 – Koke zmerilimi diamanti 10mm e rrumbullaket 56mm,Elektrik,,,,,elektrik,active
YT-61722 – Koke zmerilimi karbiti premium 10 x 56mm,Elektrik,,,,,elektrik,active
WB10071 – Set me 7 Furca Teli pastrimi,Elektrik,,,,,elektrik,active
"74210 – Kallama plastik te zi per ngjitjen e plastikes ABS , 37 cp",Elektrik,,,,,elektrik,active
"215100 – Punto Metali HSS-Co / DIN 338 10,0 mm",Elektrik,,,,,elektrik,active
3114 – Set me 5-cop lame sharre vertikale 132 x 110 x 1.2 mm per metal Classic Line,Elektrik,,,,,elektrik,active
3180 – Set me 5-cop lame sharre vertikale 115 x 90 x 2.8 mm per dru dhe melamine Profi Line,Elektrik,,,,,elektrik,active
3119 – Set me 5-cop lame sharre vertikale 100 x 75 x 3 mm per metal Classic Line,Elektrik,,,,,elektrik,active
"4035 – Lama sharre horizontale per dru 5 cope, per sharra horizontale 150 mm",Elektrik,,,,,elektrik,active
6016 – Gote HSS Bi-metal me 8% Cobalt 16 mm,Elektrik,,,,,elektrik,active
5032 – Gote HSS Bi-metal 32 mm,Elektrik,,,,,elektrik,active
WK-FT – Prerese Polisteroli Plastike Ø66.7,Elektrik,,,,,elektrik,active
"B10345N14.00 – Punto Metali me aks konik per trapan bango HSS DIN 345 14,00",Elektrik,,,,,elektrik,active
"B09338E10.00 – Punto Metali HSS-CO / DIN 338 N 10,00",Elektrik,,,,,elektrik,active
BKC2400 – Mandrino SDS -PLUS me adaptor 2-13mm 1/2″,Elektrik,,3M,,,elektrik,active
Punto SDS-Plus 10 x 160 mm me 4 koka,Elektrik,,,,,elektrik,active
Punto SDS-Plus 8 x 210 mm me 4 koka,Elektrik,,,,,elektrik,active
Punto SDS-Plus 6 x 210 mm me 4 koka,Elektrik,,,,,elektrik,active
Punto SDS-Plus 5 x 260 mm,Elektrik,,,,,elektrik,active
Lama sharre 5-cope 74 x 4 mm per dru dhe melamin,Elektrik,,,,,elektrik,active
Punto SDS-Plus 10 x 310 mm,Elektrik,,,,,elektrik,active
Punto SDS-Plus 8 x 310 mm,Elektrik,,,,,elektrik,active
Dalte SDS-Plus e sheshte 250 mm,Elektrik,,,,,elektrik,active
Dalte SDS-Plus me maje 250 mm,Elektrik,,,,,elektrik,active
DBH1212004 – Punto SDS-Plus 20×450 mm,Elektrik,,,,,elektrik,active
TSB118513 – Disk Druri 185 mm 60T,Elektrik,,,,,elektrik,active
HCB0501 – Gote betoni 50 mm,Elektrik,,,,,elektrik,active
DBH1212202C – Punto SDS-Plus me 4 koka 22×310 mm,Elektrik,,,,,elektrik,active
"Kallama ngjites 11x150mm, paketimi 1kg – WGJ5815",Elektrik,,,,,elektrik,active
YT-60429 – Punto Diamanti per pllaka porcelan dhe qeramike 25MM,Elektrik,,,,,elektrik,active
YT-44065 – Gote shpimi Inoxi me vidio 50 mm,Elektrik,,,,,elektrik,active
31135-F – Set me 5-cop lame sharre vertikale 100 x 75 x 2 mm per metal dhe alumin Profi Top Line,Elektrik,,,,,elektrik,active
5503 – Adaptor per gota Bi-metali 14-30 mm me kapje trapani,Elektrik,,,,,elektrik,active
Punto SDS-Plus 10 x 115 mm me 4 koka,Elektrik,,,,,elektrik,active
Punto SDS-Plus 6 x 260 mm,Elektrik,,,,,elektrik,active
Punto SDS-Plus 12 x 210 mm,Elektrik,,,,,elektrik,active
"259050E – Punto Metali me maje konike HSS-CO Twist / DIN338 5,0 mm",Elektrik,,,,,elektrik,active
"RSB1111DF – Set me 5 lama sharre horizontale per dru me gozhde 150xx19x1.2mm, 6TPI",Elektrik,,,,,elektrik,active
YT-44064 – Gote shpimi Inoxi me vidio 45 mm,Elektrik,,,,,elektrik,active
WCBM0301 – Set me 3 furca pastrimi te mesme per trapan,Elektrik,,,,,elektrik,active
"259070 – Punto Metali me maje konike HSS-G Twist / DIN338 7,0 mm",Elektrik,,,,,elektrik,active
"259045E – Punto Metali me maje konike HSS-CO Twist / DIN338 4,5 mm",Elektrik,,,,,elektrik,active
"259042E – Punto Metali me maje konike HSS-CO Twist / DIN338 4,2 mm",Elektrik,,,,,elektrik,active
70113 – Reduktor ajri per ajerngoheset 50 mm,Elektrik,,,,,elektrik,active
3104-XL – Set me 5-cop lame sharre vertikale 150 x 130 x 4 mm per dru dhe melamine Profi Line,Elektrik,,,,,elektrik,active
3165 – Set me 5-cop lame sharre vertikale 132 x 110 x 1.5 mm per dru dhe melamine Profi Line,Elektrik,,,,,elektrik,active
3101-L – Set me 5-cop lame sharre vertikale 130 x 110 x 2.5 mm per dru dhe melamine Profi Line,Elektrik,,,,,elektrik,active
6014 – Gote HSS Bi-metal me 8% Cobalt 14 mm,Elektrik,,,,,elektrik,active
353326 – Gure Preres per metal A330 Ø 356X25.4,Elektrik,,,,,elektrik,active
14835 – Gomine me kapje Ø 125mm M14,Elektrik,,,,,elektrik,active
"B11340G9.50 – Punto Metali te gjata HSS-G 9,5 mm DIN 340 N",Elektrik,,,,,elektrik,active
B17ABG338N16/13 – Punto Metali me Aks 13 DIN 338N-HSS 16 mm,Elektrik,,,,,elektrik,active
Punto SDS-Plus 8 x 160 mm me 4 koka,Elektrik,,,,,elektrik,active
Punto Betoni pa shlica 14 x 150 mm,Elektrik,,,,,elektrik,active
Lama sharre per metal 100.4 x 1 mm,Elektrik,,,,,elektrik,active
Punto Druri Lewis 14 x 230 mm,Elektrik,,,,,elektrik,active
"TSB118515 – Disk druri 185×20 mm, 40T",Elektrik,,,,,elektrik,active
HCBA14501 – Zgjatues per gota betoni Adaptor+punto,Elektrik,,,,,elektrik,active
DBH1211804 – Punto SDS-Plus 18×450 mm,Elektrik,,,,,elektrik,active
AKSD08301 – Set me 30 maja kacavidash 25 mm,Elektrik,,,,,elektrik,active
DMD022002 – Disk preres diamanti per pllaka ne te lagur 200×25.4 mm,Elektrik,,,,,elektrik,active
DBH1212003C – Punto SDS-Plus me 4 koka 20×310 mm,Elektrik,,,,,elektrik,active
"259065 – Punto Metali me maje konike HSS-G Twist / DIN338 6,5 mm",Elektrik,,,,,elektrik,active
DBT01131001 – Punto Cobalti HSS-CO 10.0mm 5% Cobalt,Elektrik,,,,,elektrik,active
YT-61727 – Koke zmerilimi diamanti e rrumullaket 50mm,Elektrik,,,,,elektrik,active
YT-61726 – Koke zmerilimi diamanti konike 10mm,Elektrik,,,,,elektrik,active
YT-61725 – Punto zmerilimi metali e rrumbullake 6x45mm,Elektrik,,,,,elektrik,active
"215095 – Punto Metali HSS-Co / DIN 338 9,5 mm",Elektrik,,,,,elektrik,active
5022 – Gote HSS Bi-metal 22 mm,Elektrik,,,,,elektrik,active
353324 – Gure Preres per metal A630 Ø 356X2.5X25.4,Elektrik,,,,,elektrik,active
14838 – Gomine me kapje Ø 115mm M14,Elektrik,,,,,elektrik,active
BHT2021 – Tampon leshi per poliatrice 125 mm,Elektrik,,,,,elektrik,active
Punto SDS-Plus 6 x 160 mm me 4 koka,Elektrik,,,,,elektrik,active
Punto Betoni pa shlica 12 x 200 mm,Elektrik,,,,,elektrik,active
Lama sharre 5-cope 74 x 4.0 mm per dru,Elektrik,,,,,elektrik,active
Punto Druri Lewis 12 x 230 mm,Elektrik,,,,,elektrik,active
KC1601 – Mandrino me celes 16 mm,Elektrik,,,,,elektrik,active
DMD011301 – Disk Diamanti per beton 130 mm x 22,Elektrik,,,,,elektrik,active
HSA02 – Adaptor punto Gote,Elektrik,,,,,elektrik,active
215095B – Punto Metali Cobalt HSS 9.5,Elektrik,,,,,elektrik,active
"Disk Druri 210x30x25.4mm, 40T – WTC2K00",Elektrik,,,,,elektrik,active
"DMD031802 – Disk Preres Diamanti Turbo 185×22.2mm, lartesia diamantit 10mm",Elektrik,,,,,elektrik,active
YT-60428 – Punto Diamanti per pllaka porcelan dhe qeramike 20MM,Elektrik,,,,,elektrik,active
YT-44062 – Gote shpimi Inoxi me vidio 40 mm,Elektrik,,,,,elektrik,active
08875 – Gure zmeril bango 200×31.7x12MM,Elektrik,,,,,elektrik,active
"259060 – Punto Metali me maje konike HSS-G Twist / DIN338 6,0 mm",Elektrik,,,,,elektrik,active
YT-846063 – Set me 3 letra per zmeriluese muresh 225mm,Elektrik,,,,,elektrik,active
"215090 – Punto Metali HSS-Co / DIN 338 9,0 mm",Elektrik,,,,,elektrik,active
215090B – Punto Metali Cobalt HSS 9.0,Elektrik,,,,,elektrik,active
3113 – Set me 5-cop lame sharre vertikale 75 x 50 x 2 mm per metal Classic Line,Elektrik,,,,,elektrik,active
31035 – Set me 5-cop lame sharre vertikale 115 x 95 x 4 mm per dru dhe melamine Profi Line,Elektrik,,,,,elektrik,active
5020 – Gote HSS Bi-metal 20 mm,Elektrik,,,,,elektrik,active
7038 – Leter tanku 100×560 Gr.80,Elektrik,,,,,elektrik,active
7037 – Leter tanku 100×560 Gr.60,Elektrik,,,,,elektrik,active
7036 – Leter tanku 100×560 Gr.40,Elektrik,,,,,elektrik,active
7040 – Leter tanku 100×560 Gr.120,Elektrik,,,,,elektrik,active
7039 – Leter tanku 100×560 Gr.100,Elektrik,,,,,elektrik,active
13447 – Gure Axhustimi per metal Ø 230×6.0 mm,Elektrik,,,,,elektrik,active
"B11340G9.00 – Punto Metali te gjata HSS-G 9,0 mm DIN 340 N",Elektrik,,,,,elektrik,active
"B09338E9.50 – Punto Metali HSS-CO / DIN 338 N 9,50",Elektrik,,,,,elektrik,active
Punto SDS-Plus 6 x 110 mm me 4 koka,Elektrik,,,,,elektrik,active
Punto SDS-Plus 8 x 260 mm,Elektrik,,,,,elektrik,active
Punto SDS-Plus 5 x 210 mm,Elektrik,,,,,elektrik,active
"AKD2052 – Set me 5 punto SDS-Plus (6×110, 8×110, 8×160, 10×160, 12×160) paketim me kuti plastike",Elektrik,,,,,elektrik,active
DBH1212001 – Punto SDS-Plus me 4 koka 20×210 mm,Elektrik,,,,,elektrik,active
AMN65061 – Set me 6 adaptore magnetik 65 mm 1/4,Elektrik,,,,,elektrik,active
"HCBA13501 – Adaptor SDS PLUS, M22x2, 350 mm",Elektrik,,,,,elektrik,active
DBC0224002 – Dalte SDS-Max e sheshte 18x400mm,Elektrik,,,,,elektrik,active
YT-34682 – Gjysem disk preres universal per makineri multifunksionale 70mm,Elektrik,,,,,elektrik,active
YT-34680 – Gjysem disk dru/metal/plastik per makineri multifunskionale 88mm,Elektrik,,,,,elektrik,active
YT-845863 – Set me 3 letra zmerilimi 225 mm P220,Elektrik,,,,,elektrik,active
YT-845853 – Set me 3 letra zmerilimi 225 mm P180,Elektrik,,,,,elektrik,active
YT-845843 – Set me 3 letra zmerilimi 225 mm P150,Elektrik,,,,,elektrik,active
YT-845833 – Set me 3 letra zmerilimi 225 mm P120,Elektrik,,,,,elektrik,active
YT-845823 – Set me 3 letra zmerilimi 225 mm P100,Elektrik,,,,,elektrik,active
YT-845813 – Set me 3 letra zmerilimi 225 mm P80,Elektrik,,,,,elektrik,active
YT-845803 – Set me 3 letra zmerilimi 225 mm P60,Elektrik,,,,,elektrik,active
23594 – Dalte SDS-Plus me maje te sheshte ( e gjere 60mm),Elektrik,,,,,elektrik,active
25411 – Set me 17 aksesore per mini zmeriluese,Elektrik,,,,,elektrik,active
"259055 – Punto Metali me maje konike HSS-G Twist / DIN338 5,5 mm",Elektrik,,,,,elektrik,active
"259040E – Punto Metali me maje konike HSS-CO Twist / DIN338 4,0 mm",Elektrik,,,,,elektrik,active
"22570 – Set me 11 gota shpimi
+ adaptor 19-64 mm",Elektrik,,,,,elektrik,active
215080B – Punto Metali Cobalt HSS 8.0,Elektrik,,,,,elektrik,active
3104-L – Set me 5-cop lame sharre vertikale 130 x 110 x 4 mm per dru dhe melamine Profi Line,Elektrik,,,,,elektrik,active
"B09338E9.00 – Punto Metali HSS-CO / DIN 338 N 9,00",Elektrik,,,,,elektrik,active
BHT2026 – Tampon leshi per lucidim 180 mm,Elektrik,,,,,elektrik,active
Punto SDS-Plus 5 x 160 mm me 4 koka,Elektrik,,,,,elektrik,active
Punto SDS-Plus 12 x 160 mm,Elektrik,,,,,elektrik,active
Punto SDS-Plus 10 x 260 mm,Elektrik,,,,,elektrik,active
Punto SDS-Plus 6 x 210 mm,Elektrik,,,,,elektrik,active
Punto Druri Lewis 10 x 230 mm,Elektrik,,,,,elektrik,active
Punto Druri e sheshte 40 x 150 mm,Elektrik,,,,,elektrik,active
"AKD3051 – Set me 5 punto betoni (4×75, 5×85, 6×100, 8×120, 10×120) paketim me kuti plastike",Elektrik,,,,,elektrik,active
"215085 – Punto Metali HSS-Co / DIN 338 8,5 mm",Elektrik,,,,,elektrik,active
447 – Set me mini kunja zmerilimi diamanti 20 cope,Elektrik,,,,,elektrik,active
"71219 – Kallama plastik te zi per ngjitjen e plastikes HDPE, 37 cp",Elektrik,,,,,elektrik,active
"73411 – Kallama plastik te bardhe per ngjitjen e plastikes PP , 43 cp",Elektrik,,,,,elektrik,active
"215080 – Punto Metali HSS-Co / DIN 338 8,0 mm",Elektrik,,,,,elektrik,active
3102 – Set me 5-cop lame sharre vertikale 100 x 752 x 2.5 mm per dru dhe melamine Profi Line me dhembe,Elektrik,,,,,elektrik,active
3145 – Set me 5-cop lame sharre vertikale 100 x 75 x 3 mm per dru dhe melamine Profi Line,Elektrik,,,,,elektrik,active
3101 – Set me 5-cop lame sharre vertikale 100 x 75 x 2.5 mm per dru dhe melamine Profi Line,Elektrik,,,,,elektrik,active
3160 – Set me 5-cop lame sharre vertikale 100 x 75 x 1.5 mm per dru dhe melamine Profi Line,Elektrik,,,,,elektrik,active
7018 – Leter tanku 75×533 Gr.40,Elektrik,,,,,elektrik,active
7077 – Leter tanku 75×533 Gr.180,Elektrik,,,,,elektrik,active
B17ABG338N15/13 – Punto Metali me Aks 13 DIN 338N-HSS 15 mm,Elektrik,,,,,elektrik,active
"B09338E8.50 – Punto Metali HSS-CO / DIN 338 N 8,50",Elektrik,,,,,elektrik,active
BHT2025 – Tampon leshi per lucidim 150 mm,Elektrik,,,,,elektrik,active
Punto SDS-Plus 5 x 110 mm me 4 koka,Elektrik,,,,,elektrik,active
Punto Druri e sheshte 35 x 150 mm,Elektrik,,,,,elektrik,active
Punto Druri Lewis 8 x 230 mm,Elektrik,,,,,elektrik,active
Punto Druri e sheshte 36 x 150 mm,Elektrik,,,,,elektrik,active
Punto Druri e sheshte 34 x 150 mm,Elektrik,,,,,elektrik,active
Adaptor per gotat HSS-BI-Metali Hexagon 14-35 mm,Elektrik,,,,,elektrik,active
SDBIM21PH233 – Set me 10 maja me goditje PH2 65 mm,Elektrik,,,,,elektrik,active
TSB116511 – Disk druri per sharre rrethore CSLI1651 165 mm 24T,Elektrik,,,,,elektrik,active
MCD121255 – Set me 10 disqe preres abraziv 125×22.2 mm,Elektrik,,,,,elektrik,active
AKD1095 – Set me 9 punto metali HSS,Elektrik,,,,,elektrik,active
"ASE008 – Set me 5 shfiletues 3~6mm,6~8mm,8~11mm, 11~14mm,14~18mm",Elektrik,,,,,elektrik,active
DMD031151HT – Disk Diamanti i holle 115mm x 22.2,Elektrik,,,,,elektrik,active
DBC0214001 – Dalte SDS-Max me maje 18×400 mm,Elektrik,,,,,elektrik,active
DBC0224001 – Dalte SDS-Max e sheshte 18x400x25 mm,Elektrik,,,,,elektrik,active
DBH1211803C – Punto SDS-Plus me 4 koka 18×310 mm,Elektrik,,,,,elektrik,active
DBH1211605 – Punto SDS-Plus 16x450mm,Elektrik,,,,,elektrik,active
"259050 – Punto Metali me maje konike HSS-G Twist / DIN338 5,0 mm",Elektrik,,,,,elektrik,active
"259035E – Punto Metali me maje konike HSS-CO Twist / DIN338 3,5 mm",Elektrik,,,,,elektrik,active
AKMG8081 – Set me 81 aksesore zmerilimi per zmeriluese mini (ne valixhe plastike),Elektrik,,,,,elektrik,active
YT-60427 – Punto Diamanti per pllaka porcelan dhe qeramike 16MM,Elektrik,,,,,elektrik,active
"YT-47930 – Sfungjer zmerilimi per poliatrice/luciduese  80MM, M10",Elektrik,,,,,elektrik,active
YT-83262 – Disk me leter zmerile universal M14 125MM P24,Elektrik,,,,,elektrik,active
YT-34685 – Set me 3 lama  34mm per makineri multifunksionale,Elektrik,,,,,elektrik,active
YT-44741 – Punto Konike Titan 4-22MM,Elektrik,,,,,elektrik,active
214100B – Punto Metali HSS-G 10.0,Elektrik,,,,,elektrik,active
3104 – Set me 5-cop lame sharre vertikale 100 x 75 x 4 mm per dru dhe melamine Profi Line,Elektrik,,,,,elektrik,active
3105 – Set me 5-cop lame sharre vertikale 100 x 75 x 4 mm per dru dhe melamine Profi Line,Elektrik,,,,,elektrik,active
3103 – Set me 5-cop lame sharre vertikale 100 x 75 x 4 mm per dru dhe melamine Profi Line,Elektrik,,,,,elektrik,active
"B11340G8.50 – Punto Metali te gjata HSS-G 8,5 mm DIN 340 N",Elektrik,,,,,elektrik,active
B17ABG338N14/13 – Punto Metali me Aks 13 DIN 338N-HSS 14 mm,Elektrik,,,,,elektrik,active
"B09338E8.00 – Punto Metali HSS-CO / DIN 338 N 8,00",Elektrik,,,,,elektrik,active
BHT2016 – Tampon zmerilimi + sfungjer per gure fleksibel M14 180 mm,Elektrik,,,,,elektrik,active
Punto SDS-Plus 10 x 210 mm,Elektrik,,,,,elektrik,active
Punto Druri e sheshte 32 x 150 mm,Elektrik,,,,,elektrik,active
Punto SDS-Plus 4 x 160 mm,Elektrik,,,,,elektrik,active
ADCS3501 – Punto Freze 35 mm,Elektrik,,,,,elektrik,active
"AKDB2055 – Set me 4 punto SDS-Plus 6×110, 6×160, 8×160, 10×160 mm",Elektrik,,,,,elektrik,active
DBH1211405 – Punto SDS-Plus 14×450 mm,Elektrik,,,,,elektrik,active
"APP0111801 – Tampone me ngjitje 180 mm, M14",Elektrik,,,,,elektrik,active
APB0111801 – Tampon leshi 180 mm,Elektrik,,,,,elektrik,active
WB21251 – Furce Kupe me tel te ashper 125 mm,Elektrik,,,,,elektrik,active
"259045 – Punto Metali me maje konike HSS-G Twist / DIN338 4,5 mm",Elektrik,,,,,elektrik,active
DBH1211604C – Punto SDS-Plus me 4 koka 16×310 mm,Elektrik,,,,,elektrik,active
YT-60426 – Punto Diamanti per pllaka porcelan dhe qeramike 14MM,Elektrik,,,,,elektrik,active
YT-47873 – Gomine me ngjitje 150mm,Elektrik,,,,,elektrik,active
"259042 – Punto Metali me maje konike HSS-G Twist / DIN338 4,2 mm",Elektrik,,,,,elektrik,active
"259030E – Punto Metali me maje konike HSS-CO Twist / DIN338 3,0 mm",Elektrik,,,,,elektrik,active
"73114 – Kallama plastik te bardhe per ngjitjen e plastikes dhe PVC, 26 cp",Elektrik,,,,,elektrik,active
3108-L – Set me 5-cop lame sharre vertikale 132 x 110 x 2 mm per dru dhe melamine Clasic Line,Elektrik,,,,,elektrik,active
"B11340G8.20 – Punto Metali te gjata HSS-G 8,2 mm DIN 340 N",Elektrik,,,,,elektrik,active
Punto Druri e sheshte 28 x 150 mm,Elektrik,,,,,elektrik,active
Punto Betoni pa shlica 10 x 200 mm,Elektrik,,,,,elektrik,active
Punto Druri e sheshte 30 x 150 mm,Elektrik,,,,,elektrik,active
SDBIM11PH223 – Set me 10 maja me goditje PH2x50 mm,Elektrik,,,,,elektrik,active
DBH1211801 – Punto SDS-Plus 18×210 mm,Elektrik,,,,,elektrik,active
TSB111555 – Disk Druri 115 mm 40T,Elektrik,,,,,elektrik,active
MCD121155 – Set me 10 disqe preres abraziv 115 mm,Elektrik,,,,,elektrik,active
"AKHS702 – Set me 7 gota druri: 26,32,38,50,56,63 mm",Elektrik,,,,,elektrik,active
DMD081151HT – Disk Diamanti Ultra i holle 115×0.8×22.2mm,Elektrik,,,,,elektrik,active
YT-33011 – Punto freze 35mm,Elektrik,,,,,elektrik,active
"259025E – Punto Metali me maje konike HSS-CO Twist / DIN338 2,5 mm",Elektrik,,,,,elektrik,active
"215075 – Punto Metali HSS-Co / DIN 338 7,5 mm",Elektrik,,,,,elektrik,active
"B09338E7.50 – Punto Metali HSS-CO / DIN 338 N 7,50",Elektrik,,,,,elektrik,active
BHT2024 – Tampon leshi per lucidim 125 mm,Elektrik,,,,,elektrik,active
Punto Betoni pa shlica 8 x 200 mm,Elektrik,,,,,elektrik,active
Punto SDS-Plus 10 x 160 mm,Elektrik,,,,,elektrik,active
Punto SDS-Plus 8 x 210 mm,Elektrik,,,,,elektrik,active
Punto Betoni pa shlica 12 x 150 mm,Elektrik,,,,,elektrik,active
DBH1211205 – Punto SDS-Plus 12 x 450 mm,Elektrik,,,,,elektrik,active
KCL1301 – Mandrino veteshtrenguese 13 mm,Elektrik,,,,,elektrik,active
WB51501 – Furce teli 150mm(6″),Elektrik,,,,,elektrik,active
WB11005 – Furce Kupe Teli Bronzi 100 mm,Elektrik,,,,,elektrik,active
WB21005 – Furce Kupe me tel te ashper 100 mm,Elektrik,,,,,elektrik,active
WB11251 – Furce Teli bronxi 125 mm,Elektrik,,,,,elektrik,active
"AKDB1125 – Komplet me punto metali HSS 12 cp, 2-8 mm",Elektrik,,,,,elektrik,active
DBC0222801 – Dalte SDS-Max e sheshte 18x300x25 mm,Elektrik,,,,,elektrik,active
DBH1211006 – Punto SDS-Plus 10×450 mm,Elektrik,,,,,elektrik,active
Punto Druri e sheshte 26 x 150 mm,Elektrik,,,,,elektrik,active
DBH1211603C – Punto SDS-Plus me 4 koka 16 mm,Elektrik,,,,,elektrik,active
YT-47872 – Gomine me ngjitje 125mm,Elektrik,,,,,elektrik,active
Punto Druri e sheshte 25 x 150 mm,Elektrik,,,,,elektrik,active
"RSB922EF – Set me 5 lama sharre horizontale per metal 150xx19x1.2mm, 18TPI",Elektrik,,,,,elektrik,active
DBT01130801 – Punto Cobalti HSS-CO 8.0mm 5% Cobalt,Elektrik,,,,,elektrik,active
YT-60425 – Punto Diamanti per pllaka porcelan dhe qeramike 12MM,Elektrik,,,,,elektrik,active
YT-34686 – Lame prerese per makineri multifunksionale 20mm,Elektrik,,,,,elektrik,active
"259020E – Punto Metali me maje konike HSS-CO Twist / DIN338 2,0 mm",Elektrik,,,,,elektrik,active
"259015E – Punto Metali me maje konike HSS-CO Twist / DIN338 1,5 mm",Elektrik,,,,,elektrik,active
WMA9401 – Set me 4 aksesore per makineri multifunksionale,Elektrik,,,,,elektrik,active
"259040 – Punto Metali me maje konike HSS-G Twist / DIN338 4,0 mm",Elektrik,,,,,elektrik,active
70212 – Reduktor ajri per ajerngoheset 60 mm,Elektrik,,,,,elektrik,active
214095B – Punto Metali HSS-G 9.5,Elektrik,,,,,elektrik,active
"215070 – Punto Metali HSS-Co / DIN 338 7,0 mm",Elektrik,,,,,elektrik,active
3109 – Set me 5-cop lame sharre vertikale 85 x 60 x 2 mm per dru dhe melamine Classic Line,Elektrik,,,,,elektrik,active
3106 – Set me 5-cop lame sharre vertikale 100 x 75 x 3 mm per dru dhe melamine Classic Line,Elektrik,,,,,elektrik,active
"B09338E7.00 – Punto Metali HSS-CO / DIN 338 N 7,00",Elektrik,,,,,elektrik,active
BHT2015 – Tampon zmerilimi + sfungjer per gure fleksibel M14 150 mm,Elektrik,,,,,elektrik,active
"BHT2030 – Gomine me ngjitje per gure fleksibel M14, 180 mm",Elektrik,,,,,elektrik,active
Punto SDS-Plus 10 x 110 mm,Elektrik,,,,,elektrik,active
Punto SDS-Plus 4 x 110 mm,Elektrik,,,,,elektrik,active
Punto Druri e sheshte 24 x 150 mm,Elektrik,,,,,elektrik,active
Punto SDS-Plus 8 x 160 mm,Elektrik,,,,,elektrik,active
Punto SDS-Plus 7 x 160 mm,Elektrik,,,,,elektrik,active
AMN1331 – Set me 3 adaptor magnetik 13 mm 1/4,Elektrik,,,,,elektrik,active
DMD011254 – Disk preres Diamanti per hapese kanali WLC15001 125×22.2 mm,Elektrik,,,,,elektrik,active
DMD031252HT – Disk diamanti i holle per pllaka 125×22.2 mm,Elektrik,,,,,elektrik,active
ADCS3201 – Punto Freze 32 mm,Elektrik,,,,,elektrik,active
DBH1210806 – Punto SDS-Plus 8×450 mm,Elektrik,,,,,elektrik,active
KC1301.1 – Mandrino me celes 13 mm me adaptor SDS-Plus,Elektrik,,,,,elektrik,active
DBH1211404C – Punto SDS-Plus me 4 koka 14×310 mm,Elektrik,,,,,elektrik,active
369303 – Disk me leter zmerile Qeramike Convex  SMT 975 Ø 125mm Gr.60,Elektrik,,,,,elektrik,active
"259035 – Punto Metali me maje konike HSS-G Twist / DIN338 3,5 mm",Elektrik,,,,,elektrik,active
214090B – Punto Metali HSS-G 9.0,Elektrik,,,,,elektrik,active
"SDB11PH223 – Komplet me maja kacavide te gjata PH2 x 50 mm, 10 cp",Elektrik,,,,,elektrik,active
DBC0212801 – Dalte SDS-Max me maje 18×300 mm,Elektrik,,,,,elektrik,active
DBH1211603 – Punto SDS-Plus 16×260 mm,Elektrik,,,,,elektrik,active
"AKHS04065 – Leter Zmerile 11.5x500cm, P40",Elektrik,,,,,elektrik,active
YT-60424 – Punto Diamanti per pllaka porcelan dhe qeramike 10MM,Elektrik,,,,,elektrik,active
ABH50608 – Adaptor majash me limitator thellesie 1/4” 60 mm,Elektrik,,,,,elektrik,active
WCBM1041 – Furce e mesme per trapan 4″,Elektrik,,,,,elektrik,active
WCBS1401 – Furce e imet per trapan 4″,Elektrik,,,,,elektrik,active
WCBH1401 – Furce e ashper per trapan 4″,Elektrik,,,,,elektrik,active
"259010E – Punto Metali me maje konike HSS-CO Twist / DIN338 1,0 mm",Elektrik,,,,,elektrik,active
WND4406 – Set me 4 tampone pastrimi,Elektrik,,,,,elektrik,active
PD1151 – Disk zmerilimi per gure 115mm,Elektrik,,,,,elektrik,active
YT-0994 – Set me 5 disje preres per metal  75 x 9.5 x 2 mm,Elektrik,,,,,elektrik,active
337871 – Leter me ngjitje per zmeriluese muri AN 400 Ø 225mm / Gr.80,Elektrik,,,,,elektrik,active
337878 – Leter me ngjitje per zmeriluese muri AN 400 Ø 225mm / Gr.240,Elektrik,,,,,elektrik,active
337872 – Leter me ngjitje per zmeriluese muri AN 400 Ø 225mm / Gr.180,Elektrik,,,,,elektrik,active
337874 – Leter me ngjitje per zmeriluese muri AN 400 Ø 225mm / Gr.150,Elektrik,,,,,elektrik,active
337873 – Leter me ngjitje per zmeriluese muri AN 400 Ø 225mm / Gr.120,Elektrik,,,,,elektrik,active
337875 – Leter me ngjitje per zmeriluese muri AN 400 Ø 225mm / Gr.100,Elektrik,,,,,elektrik,active
"325216 – Gure Axhustimi Supra Inoksi A624T 125×6.0x22,23mm",Elektrik,,3M,,,elektrik,active
3102540 – Maja me goditje PZ2 X 50,Elektrik,,,,,elektrik,active
49910805 – Set me 5 letra shirit per zmeriluese 50×686 mm,Elektrik,Aksesorë Elektrik,,,,elektrik,active
"B11340G7.50 – Punto Metali te gjata HSS-G 7,5 mm DIN 340 N",Elektrik,,,,,elektrik,active
"BHT2029 – Gomine me ngjitje per gure fleksibel M14, 150 mm",Elektrik,,,,,elektrik,active
Punto SDS-Plus 5 x 160 mm,Elektrik,,,,,elektrik,active
Punto SDS-Plus 8 x 110 mm,Elektrik,,,,,elektrik,active
Punto SDS-Plus 6 x 160 mm,Elektrik,,,,,elektrik,active
Punto Druri e sheshte 22 x 150 mm,Elektrik,,,,,elektrik,active
Punto Betoni pa shlica 6 x 200 mm,Elektrik,,,,,elektrik,active
WB11001 – Furce Teli bronxi 100 mm,Elektrik,,,,,elektrik,active
WB21001 – Furce kupe me tel te ashper 100 mm,Elektrik,,,,,elektrik,active
ABH20601 – Set me 2 Adaptor majash me fiksues me magnet 60 mm,Elektrik,,,,,elektrik,active
YT-47860 – Tampon zmerilimi per gure fleksibel M14 75MM,Elektrik,,,,,elektrik,active
Punto Druri e sheshte 20 x 150 mm,Elektrik,,,,,elektrik,active
214085B – Punto Metali HSS-G 8.5,Elektrik,,,,,elektrik,active
Punto Druri e sheshte 19 x 150 mm,Elektrik,,,,,elektrik,active
"B11340G7.00 – Punto Metali te gjata HSS-G 7,0 mm DIN 340 N",Elektrik,,,,,elektrik,active
"AKHS08065 – Leter Zmerile 11.5x500cm, P80",Elektrik,,,,,elektrik,active
"AKHS06065 – Leter Zmerile 11.5x500cm, P60",Elektrik,,,,,elektrik,active
"DMD031252 – Disk Preres Diamanti Turbo 125×22.2mm, lartesia diamantit 10mm",Elektrik,,,,,elektrik,active
DMD081251HT – Disk Diamanti Ultra i holle 125×0.8×22.2mm,Elektrik,,,,,elektrik,active
"Disk Druri 115mm, 40T",Elektrik,,,,,elektrik,active
YT-34689 – Set me 3 trekendesha me ngjitje per makineri multifunskionale,Elektrik,,,,,elektrik,active
73271 – Kallama ngjites 11.2x150MM,Elektrik,,,,,elektrik,active
369301 – Disk me leter zmerile Qeramike Convex  SMT 975 Ø 125mm Gr.40,Elektrik,,,,,elektrik,active
369304 – Disk me leter zmerile Inoxi SMT975 Qeramike CS911 Ø 125mm Gr.80,Elektrik,,,,,elektrik,active
369297 – Disk me leter zmerile Inoxi SMT975 Qeramike CS911 Ø 115mm Gr.80,Elektrik,,,,,elektrik,active
369296 – Disk me leter zmerile Inoxi SMT975 Qeramike CS911 Ø 115mm Gr.60,Elektrik,,,,,elektrik,active
369295 – Disk me leter zmerile Inoxi SMT975 Qeramike CS911 Ø 115mm Gr.40,Elektrik,,,,,elektrik,active
"259030 – Punto Metali me maje konike HSS-G Twist / DIN338 3,0 mm",Elektrik,,,,,elektrik,active
YT-33023 – Punto druri me adaptor dhe shkalle 7-10mm,Elektrik,,,,,elektrik,active
YT-3728 – Punto Qeramike dhe Porcelani Profi 10MM,Elektrik,,,,,elektrik,active
YT-3727 – Punto Qeramike dhe Porcelani Profi 8MM,Elektrik,,,,,elektrik,active
3122-1 – Lame sharre vertikale 1-cop 85 x 60 mm per gips Gr 30,Elektrik,,,,,elektrik,active
6616 – Leter uji e zeze /PS11A/per metal 230X280mm G/1200,Elektrik,,,,,elektrik,active
189003 – Gure Preres per Beton Ø 230×3.0 mm,Elektrik,,,,,elektrik,active
136552 – Gure Preres INOXI Ø 230×2.0 mm,Elektrik,,,,,elektrik,active
"325215 – Gure Axhustimi Supra Inoksi A624T 115×6.0x22,23mm",Elektrik,,3M,,,elektrik,active
"18071/12 – Maje shlice 10 mm, M12x75 mm",Elektrik,,,,,elektrik,active
"B09338E6.50 – Punto Metali HSS-CO / DIN 338 N 6,50",Elektrik,,,,,elektrik,active
Punto SDS-Plus 6 x 110 mm,Elektrik,,,,,elektrik,active
Punto SDS-Plus 5 x 110 mm,Elektrik,,,,,elektrik,active
Punto Druri 16 x 160 mm,Elektrik,,,,,elektrik,active
Punto Druri e sheshte 18 x 150 mm,Elektrik,,,,,elektrik,active
Punto Betoni pa shlica 10 x 120 mm,Elektrik,,,,,elektrik,active
Punto Betoni pa shlica 6 x 150 mm,Elektrik,,,,,elektrik,active
DMD011251 – Disk Diamanti per beton 125 mm x 22.3,Elektrik,,,,,elektrik,active
DMD031152HT – Disk diamanti i holle per pllaka 115×22.2 mm,Elektrik,,,,,elektrik,active
ADCS2501 – Punto Freze 25 mm,Elektrik,,,,,elektrik,active
"AKD5058 – Set me 5 punto druri: 4mm,5mm,6mm,8mm,10mm (paktim plastik)",Elektrik,,,,,elektrik,active
DBH1211602 – Punto SDS-Plus 16×210 mm,Elektrik,,,,,elektrik,active
DBH1211403 – Punto SDS-Plus 14×260 mm,Elektrik,,,,,elektrik,active
"AKSD0071 – Set me 9 maja kacavidash PH1,PH2,PH3,SL4.0,SL5.5,SL6.5,PZ1,PZ2",Elektrik,,,,,elektrik,active
AMN0831 – Set me 3 adaptor magnetik 8 mm 1/4″,Elektrik,,,,,elektrik,active
WB20755 – Furce Kupe me tel te ashper 75 mm,Elektrik,,,,,elektrik,active
DBC0122502 – Dalte SDS-Plus e sheshte 14X250 X 40mm,Elektrik,,,,,elektrik,active
YT-60423 – Punto Diamanti per pllaka porcelan dhe qeramike 8MM,Elektrik,,,,,elektrik,active
Punto Druri e sheshte 17 x 150 mm,Elektrik,,,,,elektrik,active
214080B – Punto Metali HSS-G 8.0,Elektrik,,,,,elektrik,active
ABH40606 – Adaptor majash me kapje te shpejte 1/4” 60 mm,Elektrik,,,,,elektrik,active
321654 – Disk me leter zmerile inoxi SMT 325 Ø 125mm Gr.40,Elektrik,,,,,elektrik,active
321658 – Disk me leter zmerile inoxi SMT 325 Ø 125 mm Gr.80,Elektrik,,,,,elektrik,active
321656 – Disk me leter zmerile inoxi SMT 325 Ø 125 mm Gr.60,Elektrik,,,,,elektrik,active
"SDB21PH223 – Komplet me maja kacavide te gjata me dy ane PH2 x 50 mm, 10 cp",Elektrik,,,,,elektrik,active
"SDB21PH233 – Komplet me maja kacavide te gjata me dy ane PH2 x 50 mm, 10 cp",Elektrik,,,,,elektrik,active
SSB922EF – Set me 2  lama sharre per metal 150x19x0.9 mm,Elektrik,,,,,elektrik,active
APP0111251 – Tampon me fllanxhe M14 / 125 mm,Elektrik,,,,,elektrik,active
APP0111151 – Tampon me fllanxhe M14 / 115 mm,Elektrik,,,,,elektrik,active
"SDB11PH213 – Set me maja PH2x25, 20 cope",Elektrik,,,,,elektrik,active
Disk Preres Diamanti Universal 115x12x22.2mm – DMD0111513,Elektrik,,,,,elektrik,active
"RSB611D – Set me 5 lama sharre horizontale per dru 150xx19x1.2mm, 6TPI",Elektrik,,,,,elektrik,active
"AKHS12065 – Leter Zmerile 11.5x500cm, P120",Elektrik,,,,,elektrik,active
"AKHS10065 – Leter Zmerile 11.5x500cm, P100",Elektrik,,,,,elektrik,active
MCD303558 – Set me 25 Disqe Preres Abraziv per metal/inox 355×3.0x25.4mm,Elektrik,,,,,elektrik,active
YT-60422 – Punto Diamanti per pllaka porcelan dhe qeramike 6MM,Elektrik,,,,,elektrik,active
YT-60421 – Punto Diamanti per pllaka porcelan dhe qeramike 5MM,Elektrik,,,,,elektrik,active
21705 – Punto qeramike me kapje hexagon 10MM,Elektrik,,,,,elektrik,active
369257 – Disk me leter zmerile Inoxi SMT674 Qeramike CS911 Ø 125mm Gr.80,Elektrik,,,,,elektrik,active
369258 – Disk me leter zmerile Inoxi SMT674 Qeramike CS911 Ø 125mm Gr.60,Elektrik,,,,,elektrik,active
369259 – Disk me leter zmerile Inoxi SMT674 Qeramike CS911 Ø 125mm Gr.40,Elektrik,,,,,elektrik,active
MCD253551 – Disqe preres per metal 355mm,Elektrik,,,,,elektrik,active
"215060 – Punto Metali HSS-Co / DIN 338 6,0 mm",Elektrik,,,,,elektrik,active
188466 – Gure Axhustimi per metal Ø 125×6.0 mm,Elektrik,,,,,elektrik,active
321657 – Disk me leter zmerile inoxi SMT 325 Ø 115 mm Gr.80,Elektrik,,,,,elektrik,active
321655 – Disk me leter zmerile inoxi SMT 325 Ø 115 mm Gr.60,Elektrik,,,,,elektrik,active
321653 – Disk me leter zmerile inoxi SMT 325 Ø 115 mm Gr.40,Elektrik,,,,,elektrik,active
2202056 – Maje industriale PH2 X 25 (5-cp ne blister),Elektrik,,,,,elektrik,active
"B09338RG12.00 – Punto Metali HSS G / DIN 338 12,00 mm",Elektrik,,,,,elektrik,active
"BHT2028 – Gomine me ngjitje per gure fleksibel M14, 125 mm",Elektrik,,,,,elektrik,active
Punto Druri 15 x 160 mm,Elektrik,,,,,elektrik,active
Punto Druri e sheshte 16 x 150 mm,Elektrik,,,,,elektrik,active
Punto Betoni pa shlica 5 x 150 mm,Elektrik,,,,,elektrik,active
AMN1231 – Set me 3 adaptor magnetik 12 mm 1/4,Elektrik,,,,,elektrik,active
"EPB820121 – Thika plani 2 cp, 82 mm",Elektrik,,,,,elektrik,active
MGD602301 – Disk Pastrimi Abraziv 230×6.0x22.2,Elektrik,,,,,elektrik,active
"AKDB3055 – Set me 5 punto betoni (4×75, 5×85, 6×100, 8×120, 10×120) paketim me blister",Elektrik,,,,,elektrik,active
AKD1401 – SET PUNTO METALI HSS PER VIDIATOR,Elektrik,,,,,elektrik,active
"AKD1075 – Set me 7 punto metali (2,2.3,3,4,5,6 mm)",Elektrik,,,,,elektrik,active
"DBC0522801 – Dalte e sheshte hexagon 17x280x22mm, per matrapikun PDB13008",Elektrik,,,,,elektrik,active
"AMN365A01 – Set me 3 adaptore magnetik 1/4″, 3/8″, 1/2″",Elektrik,,,,,elektrik,active
AMN1031 – Set me 3 adaptor magnetik 10 mm 1/4,Elektrik,,,,,elektrik,active
APP0201801 – Gomine per gure fleksibel,Elektrik,,,,,elektrik,active
MCD303551 – Disk Preres Abraziv 355×3.0x25.4,Elektrik,,,,,elektrik,active
WB10755 – Furce Kupe Teli Bronzi 75 mm,Elektrik,,,,,elektrik,active
WB20751 – Furce Kupe me tel te ashper 75 mm,Elektrik,,,,,elektrik,active
HSA01 – Adaptor punto Gote 14-30 mm,Elektrik,,,,,elektrik,active
"AKHS18065 – Leter Zmerile 11.5x500cm, P180",Elektrik,,,,,elektrik,active
"AKHS15065 – Leter Zmerile 11.5x500cm, P150",Elektrik,,,,,elektrik,active
369260 – Disk me leter zmerile Inoxi SMT674 Qeramike CS911 Ø 115mm Gr.80,Elektrik,,,,,elektrik,active
369261 – Disk me leter zmerile Inoxi SMT674 Qeramike CS911 Ø 115mm Gr.60,Elektrik,,,,,elektrik,active
BHT2018 – Sfungjer zmerilimi per poliatrice/zmeriluese 180 mm,Elektrik,,,,,elektrik,active
BHT2017 – Sfungjer zmerilimi per poliatrice/zmeriluese 150 mm,Elektrik,,,,,elektrik,active
BHT2020 – Sfungjer zmerilimi I valezuar per poliatrice/zmeriluese 180 mm,Elektrik,,,,,elektrik,active
Punto Druri e sheshte 15 x 150 mm,Elektrik,,,,,elektrik,active
DMD011252M – Disk Diamanti per beton 125mm x 22.3,Elektrik,,,,,elektrik,active
DBH1211402 – Punto SDS-Plus 14 x210 mm,Elektrik,,,,,elektrik,active
214075B – Punto Metali HSS-G 7.5,Elektrik,,,,,elektrik,active
"215055 – Punto Metali HSS-Co / DIN 338 5,5 mm",Elektrik,,,,,elektrik,active
189002 – Gure Preres per metal Ø 230×3.0 mm,Elektrik,,,,,elektrik,active
"B09338E6.00 – Punto Metali HSS-CO / DIN 338 N 6,00",Elektrik,,,,,elektrik,active
Punto Druri 14 x 150 mm,Elektrik,,,,,elektrik,active
Punto Druri e sheshte 14 x 150 mm,Elektrik,,,,,elektrik,active
"SDB11PZ223 – Komplet me maja kacavide te gjata PZ2 x 50 mm, 10 cp",Elektrik,,,,,elektrik,active
DBH1211203 – Punto SDS-Plus 12×260 mm,Elektrik,,,,,elektrik,active
"AKHS24065 – Leter Zmerile 11.5x500cm, P240",Elektrik,,,,,elektrik,active
224084 – Gure Preres Special Inoxi A46 TZ Ø 230×1.9 mm,Elektrik,,,,,elektrik,active
"Set me 3 adaptor magnetik 1/4’’ 13mm, gjatesia 65mm – WWR2K13",Elektrik,,3M,,,elektrik,active
Set me 2 maja me goditje PH2x200mm – WSV5K65,Elektrik,,,,,elektrik,active
"DMD031152 – Disk Preres Diamanti Turbo 115×22.2mm, lartesia diamantit 10mm",Elektrik,,,,,elektrik,active
DMD011152 – Disk Preres Diamanti Universal 115x10x22.2mm,Elektrik,,,,,elektrik,active
YT-34688 – Lame prerese e shkurter per makineri multifunksionale 52mm,Elektrik,,,,,elektrik,active
YT-3726 – Punto Qeramike dhe Porcelani Profi 6MM,Elektrik,,,,,elektrik,active
214070B – Punto Metali HSS-G 7.0,Elektrik,,,,,elektrik,active
246682 – Gure Axhustimi per metal Ø 115×6.0 mm,Elektrik,,,,,elektrik,active
"18071/8 – Maje shlice 10 mm, M8x75 mm",Elektrik,,,,,elektrik,active
"18071/6 – Maje shlice 10 mm, M6x75 mm",Elektrik,,,,,elektrik,active
"18011/12 – Maje shlice 10 mm, M12x30 mm",Elektrik,,,,,elektrik,active
"B09338E5.50 – Punto Metali HSS-CO / DIN 338 N 5,50",Elektrik,,,,,elektrik,active
"BHT2027 – Gomine me ngjitje per gure fleksibel M14, 115 mm",Elektrik,,,,,elektrik,active
Punto Druri 12 x 150 mm,Elektrik,,,,,elektrik,active
Punto Druri e sheshte 13 x 150 mm,Elektrik,,,,,elektrik,active
Punto Druri e sheshte 12 x 150 mm,Elektrik,,,,,elektrik,active
Punto Druri e sheshte 10 x 150 mm,Elektrik,,,,,elektrik,active
Punto Druri e sheshte 8 x 150 mm,Elektrik,,,,,elektrik,active
Punto Betoni pa shlica 8 x 120 mm,Elektrik,,,,,elektrik,active
DBC0512801 – Dalte me maje hex 17 x 280mm,Elektrik,,,,,elektrik,active
DBH1211202 – Punto SDS-Plus 12×210 mm,Elektrik,,,,,elektrik,active
DBH1211004 – Punto SDS-Plus 10×260 mm,Elektrik,,,,,elektrik,active
KCL1028 – Mandrino veteshtrenguese 10 mm,Elektrik,,,,,elektrik,active
KC1301 – Mandrino me celes 13 mm,Elektrik,,,,,elektrik,active
WB10751 – Furce Teli bronxi 75 mm,Elektrik,,,,,elektrik,active
DMD0111523 – Disk Diamanti per beton 115 x 22.2 mm,Elektrik,,,,,elektrik,active
"AKDB5055 – Set me 5 punto druri (3×61, 4×75, 5×86, 6×93, 8×117)",Elektrik,,,,,elektrik,active
DBH1211201C – Punto SDS-Plus me 4 koka 12×160 mm,Elektrik,,,,,elektrik,active
"384823 – Gure preres per inox A100 230X1,9X22,23",Elektrik,,,,,elektrik,active
DBM2111215 – Punto Betoni 12x150mm (me varje plastike),Elektrik,,,,,elektrik,active
YT-3255 – Punto druri e sheshte 40x152MM,Elektrik,,,,,elektrik,active
"B09338E5.20 – Punto Metali HSS-CO / DIN 338 N 5,20",Elektrik,,,,,elektrik,active
"B09338RG11.00 – Punto Metali HSS G / DIN 338 11,00 mm",Elektrik,,,,,elektrik,active
DBH1210804 – Punto SDS-Plus 8×260 mm,Elektrik,,,,,elektrik,active
"Set me 3 adaptor SDS-Plus 1/4″, 3/8″, 1/2″ – WSV4K02",Elektrik,,,,,elektrik,active
DBT01130601 – Punto Cobalti HSS-CO 6.0mm 5% Cobalt,Elektrik,,,,,elektrik,active
05600 – Punto qeramike 10MM,Elektrik,,,,,elektrik,active
"215050 – Punto Metali HSS-Co / DIN 338 5,0 mm",Elektrik,,,,,elektrik,active
DBH1211201 – Punto SDS-Plus 12×160 mm,Elektrik,,,,,elektrik,active
DBH1211003 – Punto SDS-Plus 10×210 mm,Elektrik,,,,,elektrik,active
DMD011152M – Disk Diamanti per beton 115mm x 22.2,Elektrik,,,,,elektrik,active
DBC0112501 – Dalte SDS-Plus me maje 14×250 mm,Elektrik,,,,,elektrik,active
DBC0122501 – Dalte SDS-Plus e sheshte 14×250 mm,Elektrik,,,,,elektrik,active
DBH1211003C – Punto SDS-Plus me 4 koka 10×210 mm,Elektrik,,,,,elektrik,active
231886 – Gure Preres per metal Ø 180×3.0 mm,Elektrik,,,,,elektrik,active
YT-3254 – Punto druri e sheshte 38x152MM,Elektrik,,,,,elektrik,active
DBH1210604 – Punto SDS-Plus 6×260 mm,Elektrik,,,,,elektrik,active
"Set me 3 adaptor magnetik 1/4’’ 13mm, gjatesia 48mm – WWR1K13",Elektrik,,3M,,,elektrik,active
ABH30801 – Adaptor Majash magnetik me zgjatim 1/4” 80mm,Elektrik,,,,,elektrik,active
AKB1012 – Set me 10 aksesore per zmeriluese MG13328 MG2008 CMGLI2001,Elektrik,,,,,elektrik,active
YT-61719 – Punto freze zmeriluese per metal 6mm,Elektrik,,,,,elektrik,active
YT-34690 – Set me 10 letra zmerilimi trekendesh per makineri multifunksionale,Elektrik,,,,,elektrik,active
YT-3253 – Punto druri e sheshte 35x152MM,Elektrik,,,,,elektrik,active
AKB1001 – Set me 10 aksesore per minizmerilueset (5xPDG5501/5xMG13328),Elektrik,,,,,elektrik,active
DBM2111015 – Punto Betoni 10×150 mm,Elektrik,,,,,elektrik,active
DMD011102 – Disk preres diamanti per  sharre mermeri,Elektrik,,,,,elektrik,active
AKDB0801 – Set me 8 punto metali HSS,Elektrik,,,,,elektrik,active
6970 – Furce kupe teli bronzi 75mm M14,Elektrik,,,,,elektrik,active
"215045 – Punto Metali HSS-Co / DIN 338 4,5 mm",Elektrik,,,,,elektrik,active
2202040 – Maja me goditje PH2 X 25,Elektrik,,,,,elektrik,active
Punto Betoni pa shlica 6 x 100 mm,Elektrik,,,,,elektrik,active
Punto Betoni pa shlica 4 x 85 mm,Elektrik,,,,,elektrik,active
BSP020801 – Leter zmerilimi 100×610 mm (2 cope) Grana 80,Elektrik,,,,,elektrik,active
AKTGS2061 – set me 6 kallama ngjites,Elektrik,,,,,elektrik,active
DBH1211002C – Punto SDS-Plus me 4 koka 10×160 mm,Elektrik,,,,,elektrik,active
214065B – Punto Metali HSS-G 6.5,Elektrik,,,,,elektrik,active
"215042 – Punto Metali HSS-Co / DIN 338 4,2 mm",Elektrik,,,,,elektrik,active
"B11340G5.50 – Punto Metali te gjata HSS-G 5,5 mm DIN 340 N",Elektrik,,,,,elektrik,active
"B09338E5.00 – Punto Metali HSS-CO / DIN 338 N 5,00",Elektrik,,,,,elektrik,active
"B09338RG10.00 – Punto Metali HSS G / DIN 338 10,00 mm",Elektrik,,,,,elektrik,active
DBH1210803 – Punto SDS-Plus 8×210 mm,Elektrik,,,,,elektrik,active
WB30505 – Furce Nejloni 50 mm,Elektrik,,,,,elektrik,active
YT-3252 – Punto druri e sheshte 34x152MM,Elektrik,,,,,elektrik,active
YT-3249 – Punto druri e sheshte 28x152MM,Elektrik,,,,,elektrik,active
YT-3248 – Punto druri e sheshte 26x152MM,Elektrik,,,,,elektrik,active
"215040 – Punto Metali HSS-Co / DIN 338 4,0 mm",Elektrik,,,,,elektrik,active
DBH1210803C – Punto SDS-Plus me 4 koka 8×210 mm,Elektrik,,,,,elektrik,active
DBH1211002 – Punto SDS-Plus 10×160 mm,Elektrik,,,,,elektrik,active
DBT01130501 – Punto Cobalti HSS-CO 5.0mm 5% Cobalt,Elektrik,,,,,elektrik,active
DBM2111012 – Punto Betoni 10×120 mm,Elektrik,,,,,elektrik,active
05580 – Punto qeramike 8MM,Elektrik,,,,,elektrik,active
08865 – Gure zmeril bango 150×12.7x17MM,Elektrik,,,,,elektrik,active
"215038 – Punto Metali HSS-Co / DIN 338 3,8 mm",Elektrik,,,,,elektrik,active
215033B – Punto Metali Cobalt HSS 3.3,Elektrik,,,,,elektrik,active
"B09338RG9.50 – Punto Metali HSS G / DIN 338 9,50 mm",Elektrik,,,,,elektrik,active
MGD601801 – Disk Pastrimi Abraziv 180×6.0x22.2,Elektrik,,,,,elektrik,active
DBG1110501 – Punto xhami 5×70 mm,Elektrik,,,,,elektrik,active
DBH1210603 – Punto SDS-Plus 6×210 mm,Elektrik,,,,,elektrik,active
214060B – Punto Metali HSS-G 6.0,Elektrik,,,,,elektrik,active
"B09338E4.50 – Punto Metali HSS-CO / DIN 338 N 4,50",Elektrik,,,,,elektrik,active
"215035 – Punto Metali HSS-Co / DIN 338 3,5 mm",Elektrik,,,,,elektrik,active
"B09338E4.20 – Punto Metali HSS-CO / DIN 338 N 4,20",Elektrik,,,,,elektrik,active
Punto Xhami dhe Qeramike 8x83mm (paketim me varje) – WLZ1K06,Elektrik,,3M,,,elektrik,active
YT-61702 – Koke zmerilimi cilindrike per metal 12mm,Elektrik,,,,,elektrik,active
YT-3247 – Punto druri e sheshte 25x152MM,Elektrik,,,,,elektrik,active
YT-3246 – Punto druri e sheshte 24x152MM,Elektrik,,,,,elektrik,active
DBM2110815 – Punto Betoni 8×150 mm,Elektrik,,,,,elektrik,active
05560 – Punto qeramike 6MM,Elektrik,,,,,elektrik,active
"252033 – Punto metalike me fund te dyfishte HSS G 3,3 mm",Elektrik,,,,,elektrik,active
"215032 – Punto Metali HSS-Co / DIN 338 3,2 mm",Elektrik,,,,,elektrik,active
11064 – Leter per flex Ø 180 Gr.80,Elektrik,,,,,elektrik,active
11063 – Leter per flex Ø 180 Gr.60,Elektrik,,,,,elektrik,active
11061 – Leter per flex Ø 180 Gr.40,Elektrik,,,,,elektrik,active
11060 – Leter per flex Ø 180 Gr.36,Elektrik,,,,,elektrik,active
11068 – Leter per flex Ø 180 Gr.180,Elektrik,,,,,elektrik,active
11067 – Leter per flex Ø 180 Gr.150,Elektrik,,,,,elektrik,active
11066 – Leter per flex Ø 180 Gr.120,Elektrik,,,,,elektrik,active
11065 – Leter per flex Ø 180 Gr.100,Elektrik,,,,,elektrik,active
"B09338E4.00 – Punto Metali HSS-CO / DIN 338 N 4,00",Elektrik,,,,,elektrik,active
"B09338RG9.00 – Punto Metali HSS G / DIN 338 9,00 mm",Elektrik,,,,,elektrik,active
MCD302303 – Disk Preres Abraziv 230×1.9×22.2,Elektrik,,,,,elektrik,active
DBH1210802 – Punto SDS-Plus 8×160 mm,Elektrik,,,,,elektrik,active
DBH1210802C – Punto SDS-Plus me 4 koka 8×160 mm,Elektrik,,,,,elektrik,active
JBT1101B – Set me 5 Lama Sharre Vertikale per dru 74mm 10TPI,Elektrik,,,,,elektrik,active
DBT01130301 – Punto Cobalti HSS-CO 3.0mm 5% Cobalt  (me varje blister),Elektrik,,,,,elektrik,active
214055B – Punto Metali HSS-G 5.5,Elektrik,,,,,elektrik,active
"215030 – Punto Metali HSS-Co / DIN 338 3,0 mm",Elektrik,,,,,elektrik,active
"B09338E3.80 – Punto Metali HSS-CO / DIN 338 N 3,80",Elektrik,,,,,elektrik,active
"B09338RG8.50 – Punto Metali HSS G / DIN 338 8,50 mm",Elektrik,,,,,elektrik,active
SSB644D – Set me 2 lama sharre per dru 150x19x1.25 mm,Elektrik,,,,,elektrik,active
"AKRS150051 – Set me 5 letra zmerilimi 150mm per zmeriluese rrethore RS4501.2n(3xP80, 2xP120)",Elektrik,,,,,elektrik,active
DBH1210603C – Punto SDS-Plus me 4 koka 6×210 mm,Elektrik,,,,,elektrik,active
DBH1210602 – Punto SDS-Plus 6×160 mm,Elektrik,,,,,elektrik,active
223162 – Leter zmerile me ngjitje per zmerilueset e mureve 225 mm Gr.40,Elektrik,,,,,elektrik,active
314427 – Leter me ngjitje me vrima PS33 CK Ø 225 mm Gr.40,Elektrik,,,,,elektrik,active
Punto Xhami dhe Qeramike 6x76mm (paketim me varje) – WLZ1K05,Elektrik,,,,,elektrik,active
"B11340G5.00 – Punto Metali te gjata HSS-G 5,0 mm DIN 340 N",Elektrik,,,,,elektrik,active
DBT01130401 – Punto Cobalti HSS-CO 4.0mm 5% Cobalt,Elektrik,,,,,elektrik,active
DBM2110812 – Punto Betoni 8×120 mm,Elektrik,,,,,elektrik,active
215032B – Punto Metali Cobalt HSS 3.2,Elektrik,,,,,elektrik,active
"18033/45 – Maje Torx 10 mm, T45x30 mm",Elektrik,,,,,elektrik,active
"18033/40 – Maje Torx 10 mm, T40x30 mm",Elektrik,,,,,elektrik,active
"18033/30 – Maje Torx 10 mm, T30x30 mm",Elektrik,,,,,elektrik,active
"18011/8 – Maje shlice 10 mm, M8x30 mm",Elektrik,,,,,elektrik,active
"18011/6 – Maje shlice 10 mm, M6x30 mm",Elektrik,,,,,elektrik,active
"18011/10 – Maje shlice 10 mm, M10x30 mm",Elektrik,,,,,elektrik,active
"B09338E3.50 – Punto Metali HSS-CO / DIN 338 N 3,50",Elektrik,,,,,elektrik,active
"B09338RG8.00 – Punto Metali HSS G / DIN 338 8,00 mm",Elektrik,,,,,elektrik,active
DBH1210801 – Punto SDS-Plus 8×110 mm,Elektrik,,,,,elektrik,active
DBH1210601 –Punto SDS-Plus 6×110 mm,Elektrik,,,,,elektrik,active
DBM2110615 – Punto Betoni 6×150 mm,Elektrik,,,,,elektrik,active
"B09338E3.20 – Punto Metali HSS-CO / DIN 338 N 3,20",Elektrik,,,,,elektrik,active
"AKRS125051 – Set me 5 letra zmerilimi 125mm per zmeriluese rrethore CROSLI2001n(3xP80, 2xP120)",Elektrik,,,,,elektrik,active
DBH1210602C – Punto SDS-Plus me 4 koka 6×160 mm,Elektrik,,,,,elektrik,active
"B11340G4.20 – Punto Metali te gjata HSS-G 4,2 mm DIN 340 N",Elektrik,,,,,elektrik,active
AKB0502 – Set me 25 aksesore per Zmeriluesen PDG5501,Elektrik,,,,,elektrik,active
YT-3240 – Punto druri e sheshte 13x152MM,Elektrik,,,,,elektrik,active
YT-3239 – Punto druri e sheshte 12x152MM,Elektrik,,,,,elektrik,active
YT-3236 – Punto druri e sheshte 6x152MM,Elektrik,,,,,elektrik,active
17044/40 – Maje Torx  T40x30 mm me vrime 8mm,Elektrik,,,,,elektrik,active
2627010 – Maja Torx T27X25,Elektrik,,,,,elektrik,active
8861 – Gure zmeril bango 125×12.7x17MM,Elektrik,,,,,elektrik,active
MCD162301 – Disqe preres per metal 230mm,Elektrik,,,,,elektrik,active
"215025 – Punto Metali HSS-Co / DIN 338 2,5 mm",Elektrik,,,,,elektrik,active
2640016 – Maja Torx T40 X 25,Elektrik,,,,,elektrik,active
2630016 – Maja Torx T30 X 25,Elektrik,,,,,elektrik,active
2625016 – Maja Torx T25 X 25,Elektrik,,,,,elektrik,active
FDZ1253 – Disk me leter zmerile 125 mm P80,Elektrik,,,,,elektrik,active
FDZ1252 – Disk me leter zmerile 125 mm P60,Elektrik,,,,,elektrik,active
FDZ1251 – Disk me leter zmerile 115 mm P60,Elektrik,,,,,elektrik,active
WB70241 – Furce Rrethore me tel te imet per trapan 24 mm,Elektrik,,,,,elektrik,active
DBG1110401 – Punto xhami dhe qeramike 4×64 mm,Elektrik,,,,,elektrik,active
DBH1210501 – Punto SDS-Plus 5×110 mm,Elektrik,,,,,elektrik,active
215015B – Punto Metali Cobalt HSS 1.5,Elektrik,,,,,elektrik,active
"B09338E3.00 – Punto Metali HSS-CO / DIN 338 N 3,00",Elektrik,,,,,elektrik,active
JBT144D – Set me 5 Lama Sharre Vertikale per dru 74mm 6TPI,Elektrik,,,,,elektrik,active
214050B – Punto Metali HSS-G 5.0,Elektrik,,,,,elektrik,active
"215020 – Punto Metali HSS-Co / DIN 338 2,0 mm",Elektrik,,,,,elektrik,active
188464 – Gure Preres per Beton Ø 125×2.5 mm,Elektrik,,,,,elektrik,active
"B11340G4.00 – Punto Metali te gjata HSS-G 4,0 mm DIN 340 N",Elektrik,,,,,elektrik,active
214045B – Punto Metali HSS-G 4.5,Elektrik,,,,,elektrik,active
215010B – Punto Metali Cobalt HSS 1.0,Elektrik,,,,,elektrik,active
322183 – Gure Preres Special Inoxi A980TZ Ø125×0.8×22.23 ne kuti plastike,Elektrik,,,,,elektrik,active
188463 – Gure Preres per metal Ø 125×2.5 mm,Elektrik,,,,,elektrik,active
WB30501 – Furce me tel te imet 50 mm,Elektrik,,,,,elektrik,active
WB30751 – Furce me tel te imet 75 mm,Elektrik,,,,,elektrik,active
233622 – Leter me ngjitje pa vrima PS33 BK Ø 225 mm Gr.220,Elektrik,,,,,elektrik,active
312449 – Leter me ngjitje me vrima PS33 CK Ø 225 mm Gr.80,Elektrik,,,,,elektrik,active
312448 – Leter me ngjitje me vrima PS33 CK Ø 225 mm Gr.60,Elektrik,,,,,elektrik,active
312451 – Leter me ngjitje me vrima PS33 CK Ø 225 mm Gr.120,Elektrik,,,,,elektrik,active
312450 – Leter me ngjitje me vrima PS33 CK Ø 225 mm Gr.100,Elektrik,,,,,elektrik,active
292193 – Leter me ngjitje me vrima PS33 BK Ø 225 mm Gr.240,Elektrik,,,,,elektrik,active
314428 – Leter me ngjitje me vrima PS33 BK Ø 225 mm Gr.180,Elektrik,,,,,elektrik,active
312452 – Leter me ngjitje me vrima PS33 BK Ø 225 mm Gr.150,Elektrik,,,,,elektrik,active
188462 – Gure Preres per Beton Ø 115×2.5 mm,Elektrik,,,,,elektrik,active
225165 – Bllok zmerilimi SK500 Gr.80,Elektrik,,,,,elektrik,active
125279 – Bllok zmerilimi SK500 Gr.60,Elektrik,,,,,elektrik,active
225167 – Bllok zmerilimi SK500 Gr.180,Elektrik,,,,,elektrik,active
225166 – Bllok zmerilimi SK500 Gr.120,Elektrik,,,,,elektrik,active
125280 – Bllok zmerilimi SK500 Gr.100,Elektrik,,,,,elektrik,active
SDBIM71PZ250 – Set me 2 Maja me Goditje PZ2x50mm,Elektrik,,,,,elektrik,active
SDBIM71PH250 – KOMPLET ME 2 MAJA ME GODITJE PH2,Elektrik,,,,,elektrik,active
DBM2110610 – Punto Betoni 6×100 mm,Elektrik,,,,,elektrik,active
214042B – Punto Metali HSS-G 4.2,Elektrik,,,,,elektrik,active
322182 – Gure Preres Special Inoxi A980TZ Ø115×0.8×22.23 ne kuti plastike,Elektrik,,,,,elektrik,active
188461 – Gure Preres per metal Ø 115×2.5 mm,Elektrik,,,,,elektrik,active
262937 – Gure Preres INOXI Ø 125×1.0 mm,Elektrik,,,,,elektrik,active
Punto Druri 10 x 133 mm,Elektrik,,,,,elektrik,active
FDZ1153 – Disk me leter zmerile 115 mm P80,Elektrik,,,,,elektrik,active
FDZ1152 – Disk me leter zmerile 115 mm P60,Elektrik,,,,,elektrik,active
FDZ1151 – Disk me leter zmerile 115 mm P40,Elektrik,,,,,elektrik,active
CK1301 – Celes mandrino 13 mm,Elektrik,,,,,elektrik,active
214040B – Punto Metali HSS-G 4.0,Elektrik,,,,,elektrik,active
"B09338RG7.50 – Punto Metali HSS G / DIN 338 7,50 mm",Elektrik,,,,,elektrik,active
"384803 – Gure preres per Inox A100 125X1X22,23",Elektrik,,,,,elektrik,active
214035B – Punto Metali HSS-G 3.5,Elektrik,,,,,elektrik,active
262936 – Gure Preres INOXI Ø 115×1.0 mm,Elektrik,,,,,elektrik,active
"B11340G3.50 – Punto Metali te gjata HSS-G 3,5 mm DIN 340 N",Elektrik,,,,,elektrik,active
Punto Druri 9 x 125 mm,Elektrik,,,,,elektrik,active
"B11340G3.20 – Punto Metali te gjata HSS-G 3,2 mm DIN 340 N",Elektrik,,,,,elektrik,active
"B09338RG7.00 – Punto Metali HSS G / DIN 338 7,00 mm",Elektrik,,,,,elektrik,active
JSBT111C – Set me 5 Lama Sharre Vertikale per dru te bute 74mm 8TPI,Elektrik,,,,,elektrik,active
"WUK2503 – Set me 2 blloqe zmerilimi 100x70x25, Gr.180",Elektrik,,,,,elektrik,active
"WUK2501 – Set me 2 blloqe zmerilimi 100x70x25, Gr.80",Elektrik,,,,,elektrik,active
MGD601251 – Disk Pastrimi Abraziv 125×6.0x22.2,Elektrik,,,,,elektrik,active
DBT1101303 – Punto Cobalti HSS 13.0 mm (paketimi 5 cope),Elektrik,,,,,elektrik,active
214033B – Punto Metali HSS-G 3.3,Elektrik,,,,,elektrik,active
214032B – Punto Metali HSS-G 3.2,Elektrik,,,,,elektrik,active
Punto Druri 8 x 117 mm,Elektrik,,,,,elektrik,active
"384801 – Gure preres per Inox A100 115X1X22,23",Elektrik,,,,,elektrik,active
214030B – Punto Metali HSS-G 3.0,Elektrik,,,,,elektrik,active
214025B – Punto Metali HSS-G 2.5,Elektrik,,,,,elektrik,active
"B11340G3.00 – Punto Metali te gjata HSS-G 3,0 mm DIN 340 N",Elektrik,,,,,elektrik,active
Maja PH2x100mm me kapje hex 1/4″ – WSV9KPH2,Elektrik,,,,,elektrik,active
SDBIM71PZ225 – Set me 2 Maja me Goditje PZ2x25mm,Elektrik,,,,,elektrik,active
SDBIM71PH225 – Set me 2 Maja me Goditje PH2x25mm,Elektrik,,,,,elektrik,active
2102016 – Maja PZ2 X 25,Elektrik,,,,,elektrik,active
2101016 – Maja PZ1 X 25,Elektrik,,,,,elektrik,active
2202016 – Maja PH2 X 25,Elektrik,,,,,elektrik,active
2201016 – Maja PH1 X 25,Elektrik,,,,,elektrik,active
"B09338E2.50 – Punto Metali HSS-CO / DIN 338 N 2,50",Elektrik,,,,,elektrik,active
Punto Druri 7 x 109 mm,Elektrik,,,,,elektrik,active
MGD601151 – Disk Pastrimi Abraziv 115×6.0x22.2,Elektrik,,,,,elektrik,active
DBM111051 – Punto Betoni 5×85 mm,Elektrik,,,,,elektrik,active
DBM112101 – Punto Betoni  10×120 mm,Elektrik,,,,,elektrik,active
10984 – Leter per flex Ø 115 Gr.80,Elektrik,,,,,elektrik,active
10983 – Leter per flex Ø 115 Gr.60,Elektrik,,,,,elektrik,active
10981 – Leter per flex Ø 115 Gr.40,Elektrik,,,,,elektrik,active
10980 – Leter per flex Ø 115 Gr.36,Elektrik,,,,,elektrik,active
10988 – Leter per flex Ø 115 Gr.180,Elektrik,,,,,elektrik,active
10987 – Leter per flex Ø 115 Gr.150,Elektrik,,,,,elektrik,active
10986 – Leter per flex Ø 115 Gr.120,Elektrik,,,,,elektrik,active
10985 – Leter per flex Ø 115 Gr.100,Elektrik,,,,,elektrik,active
146958 – Leter me ngjitje Automotiv Ø 150 mm Gr.180 (pa vrima),Elektrik,,,,,elektrik,active
"B09338RG6.50 – Punto Metali HSS G / DIN 338 6,50 mm",Elektrik,,,,,elektrik,active
FD1153 – Disk me leter zmerile 115 mm P80,Elektrik,,,,,elektrik,active
FD1152 – Disk me leter zmerile 115 mm P60,Elektrik,,,,,elektrik,active
FD1151 – Disk me leter zmerile 115 mm P40,Elektrik,,,,,elektrik,active
"B11340G2.50 – Punto Metali te gjata HSS-G 2,5 mm DIN 340 N",Elektrik,,,,,elektrik,active
"B11340G2.00 – Punto Metali te gjata HSS-G 2,0 mm DIN 340 N",Elektrik,,,,,elektrik,active
"B09338RG6.00 – Punto Metali HSS G / DIN 338 6,00 mm",Elektrik,,,,,elektrik,active
Punto Druri 6 x 92 mm,Elektrik,,,,,elektrik,active
6754 – Leter me ngjitje Ø 115 Gr.24 (pa vrima),Elektrik,,,,,elektrik,active
146946 – Leter me ngjitje Automotiv PS33 CK Ø 150 mm Gr.80 (me vrima),Elektrik,,,,,elektrik,active
147124 – Leter me ngjitje Automotiv PS33 CK Ø 150 mm Gr.60 (me vrima),Elektrik,,,,,elektrik,active
146947 – Leter me ngjitje Automotiv PS33 CK Ø 150 mm Gr.120 (me vrima),Elektrik,,,,,elektrik,active
143694 – Leter me ngjitje Automotiv PS33 CK Ø 150 mm Gr.100 (me vrima),Elektrik,,,,,elektrik,active
147125 – Leter me ngjitje Automotiv PS33 BK Ø 150 mm Gr.400 (me vrima),Elektrik,,,,,elektrik,active
147126 – Leter me ngjitje Automotiv PS33 BK Ø 150 mm Gr.320 (me vrima),Elektrik,,,,,elektrik,active
146907 – Leter me ngjitje Automotiv PS33 BK Ø 150 mm Gr.240 (me vrima),Elektrik,,,,,elektrik,active
149255 – Leter me ngjitje Automotiv PS33 BK Ø 150 mm Gr.220 (me vrima),Elektrik,,,,,elektrik,active
146948 – Leter me ngjitje Automotiv PS33 BK Ø 150 mm Gr.180 (me vrima),Elektrik,,,,,elektrik,active
149151 – Leter me ngjitje Automotiv PS33 BK Ø 150 mm Gr.150 (me vrima),Elektrik,,,,,elektrik,active
214020B – Punto Metali HSS-G 2.0,Elektrik,,,,,elektrik,active
214015B – Punto Metali HSS-G 1.5,Elektrik,,,,,elektrik,active
214010B – Punto Metali HSS-G 1.0,Elektrik,,,,,elektrik,active
96488 – Leter me ngjitje Ø 150 Gr.80 (me vrima),Elektrik,,,,,elektrik,active
96487 – Leter me ngjitje Ø 150 Gr.60 (me vrima),Elektrik,,,,,elektrik,active
128356 – Leter me ngjitje Ø 150 Gr.400 (me vrima),Elektrik,,,,,elektrik,active
96486 – Leter me ngjitje Ø 150 Gr.40 (me vrima),Elektrik,,,,,elektrik,active
97779 – Leter me ngjitje Ø 150 Gr.320 (me vrima),Elektrik,,,,,elektrik,active
97778 – Leter me ngjitje Ø 150 Gr.240 (me vrima),Elektrik,,,,,elektrik,active
100157 – Leter me ngjitje Ø 150 Gr.220 (me vrima),Elektrik,,,,,elektrik,active
87528 – Leter me ngjitje Ø 150 Gr.180 (me vrima),Elektrik,,,,,elektrik,active
86637 – Leter me ngjitje Ø 150 Gr.150 (me vrima),Elektrik,,,,,elektrik,active
96489 – Leter me ngjitje Ø 150 Gr.120 (me vrima),Elektrik,,,,,elektrik,active
98162 – Leter me ngjitje Ø 150 Gr.100 (me vrima),Elektrik,,,,,elektrik,active
"B09338RG5.50 – Punto Metali HSS G / DIN 338 5,50 mm",Elektrik,,,,,elektrik,active
02102117 – Maje Industriale PZ 2 x 25  (Paketimi 100-pcs),Elektrik,,,,,elektrik,active
02202017 – Maje Industriale PH 2 x 25  (Paketimi 100-pcs),Elektrik,,,,,elektrik,active
"B09338RG5.00 – Punto Metali HSS G / DIN 338 5,00 mm",Elektrik,,,,,elektrik,active
Punto Druri 5 x 86 mm,Elektrik,,,,,elektrik,active
DBT1100903 – Punto Cobalti HSS 9.0 mm,Elektrik,,,,,elektrik,active
MCD121251 – Disk Preres Abraziv 125×1.2×22.2,Elektrik,,,,,elektrik,active
YT-61025 – Disk Preres  Metali 125x1x22.2MM,Elektrik,,,,,elektrik,active
269323 – Leter uji tabak /PS8A/ 230x280mm Gr.800,Elektrik,,,,,elektrik,active
269314 – Leter uji tabak /PS8A/ 230x280mm Gr.600,Elektrik,,,,,elektrik,active
269306 – Leter uji tabak /PS8A/ 230x280mm Gr.500,Elektrik,,,,,elektrik,active
269299 – Leter uji tabak /PS8A/ 230x280mm Gr.400,Elektrik,,,,,elektrik,active
269294 – Leter uji tabak /PS8A/ 230x280mm Gr.360,Elektrik,,,,,elektrik,active
269289 – Leter uji tabak /PS8A/ 230x280mm Gr.320,Elektrik,,,,,elektrik,active
269285 – Leter uji tabak /PS8A/ 230x280mm Gr.280,Elektrik,,,,,elektrik,active
269352 – Leter uji tabak /PS8A/ 230x280mm Gr.2500,Elektrik,,,,,elektrik,active
269275 – Leter uji tabak /PS8A/ 230x280mm Gr.220,Elektrik,,,,,elektrik,active
269344 – Leter uji tabak /PS8A/ 230x280mm Gr.2000,Elektrik,,,,,elektrik,active
269334 – Leter uji tabak /PS8A/ 230x280mm Gr.1200,Elektrik,,,,,elektrik,active
269328 – Leter uji tabak /PS8A/ 230x280mm Gr.1000,Elektrik,,,,,elektrik,active
Punto Druri 4 x 75 mm,Elektrik,,,,,elektrik,active
MCD101251 – Disk Preres Abraziv per metal/inox 125×1.0x22.2mm,Elektrik,,,,,elektrik,active
"B09338RG4.50 – Punto Metali HSS G / DIN 338 4,50 mm",Elektrik,,,,,elektrik,active
MCD121151 – Disk Preres Abraziv 115×1.2×22.2,Elektrik,,,,,elektrik,active
"B09338E2.00 – Punto Metali HSS-CO / DIN 338 N 2,00",Elektrik,,,,,elektrik,active
"B09338RG4.00 – Punto Metali HSS G / DIN 338 4,00 mm",Elektrik,,,,,elektrik,active
Set me 2 maja PZ2x25mm,Elektrik,,,,,elektrik,active
Set me 2 maja me 2 ane PZ2x65mm / SL6x65mm,Elektrik,,,,,elektrik,active
MCD101151 – Disqe preres per metal 115mm,Elektrik,,,,,elektrik,active
147851 – Leter Format Gri per dru /PS33C/230X280mm Gr.80,Elektrik,,,,,elektrik,active
147854 – Leter Format Gri per dru /PS33C/230X280mm Gr.240,Elektrik,,,,,elektrik,active
147853 – Leter Format Gri per dru /PS33C/230X280mm Gr.180,Elektrik,,,,,elektrik,active
149528 – Leter Format Gri per dru /PS33C/230X280mm Gr.150,Elektrik,,,,,elektrik,active
147852 – Leter Format Gri per dru /PS33C/230X280mm Gr.120,Elektrik,,,,,elektrik,active
170668 – Leter Format Gri per dru /PS33C/230X280mm G/600,Elektrik,,,,,elektrik,active
149530 – Leter Format Gri per dru /PS33C/230X280mm G/320,Elektrik,,,,,elektrik,active
149529 – Leter Format Gri per dru /PS33C/230X280mm G/220,Elektrik,,,,,elektrik,active
149719 – Leter Format Gri per dru /PS33C/230X280mm G/100,Elektrik,,,,,elektrik,active
170667 – Leter Format Gri per dru /PS33C/ 230X280mm G/500,Elektrik,,,,,elektrik,active
"B09338E1.50 – Punto Metali HSS-CO / DIN 338 N 1,50",Elektrik,,,,,elektrik,active
"B09338RG3.50 – Punto Metali HSS G / DIN 338 3,50 mm",Elektrik,,,,,elektrik,active
DBM111041 – Punto Betoni 4×75 mm,Elektrik,,,,,elektrik,active
89489 – Leter me ngjitje Ø 125 Gr.80 (me vrima),Elektrik,,,,,elektrik,active
89488 – Leter me ngjitje Ø 125 Gr.60 (me vrima),Elektrik,,,,,elektrik,active
104778 – Leter me ngjitje Ø 125 Gr.400 (me vrima),Elektrik,,,,,elektrik,active
89486 – Leter me ngjitje Ø 125 Gr.40 (me vrima),Elektrik,,,,,elektrik,active
89496 – Leter me ngjitje Ø 125 Gr.320 (me vrima),Elektrik,,,,,elektrik,active
92753 – Leter me ngjitje Ø 125 Gr.240 (me vrima),Elektrik,,,,,elektrik,active
90758 – Leter me ngjitje Ø 125 Gr.220 (me vrima),Elektrik,,,,,elektrik,active
89495 – Leter me ngjitje Ø 125 Gr.180 (me vrima),Elektrik,,,,,elektrik,active
89494 – Leter me ngjitje Ø 125 Gr.150 (me vrima),Elektrik,,,,,elektrik,active
89493 – Leter me ngjitje Ø 125 Gr.120 (me vrima),Elektrik,,,,,elektrik,active
89491 – Leter me ngjitje Ø 125 Gr.100 (me vrima),Elektrik,,,,,elektrik,active
"B09338E1.00 – Punto Metali HSS-CO / DIN 338 N 1,00",Elektrik,,,,,elektrik,active
"B09338RG3.20 – Punto Metali HSS G / DIN 338 3,20 mm",Elektrik,,,,,elektrik,active
"B09338RG3.00 – Punto Metali HSS G / DIN 338 3,00 mm",Elektrik,,,,,elektrik,active
6756 – Leter me ngjitje Ø 115 Gr.80 (pa vrima),Elektrik,,,,,elektrik,active
2786 – Leter me ngjitje Ø 115 Gr.60 (pa vrima),Elektrik,,,,,elektrik,active
111470 – Leter me ngjitje Ø 115 Gr.400 (pa vrima),Elektrik,,,,,elektrik,active
2785 – Leter me ngjitje Ø 115 Gr.40 (pa vrima),Elektrik,,,,,elektrik,active
95561 – Leter me ngjitje Ø 115 Gr.320 (pa vrima),Elektrik,,,,,elektrik,active
88333 – Leter me ngjitje Ø 115 Gr.240 (pa vrima),Elektrik,,,,,elektrik,active
88330 – Leter me ngjitje Ø 115 Gr.220 (pa vrima),Elektrik,,,,,elektrik,active
2788 – Leter me ngjitje Ø 115 Gr.180 (pa vrima),Elektrik,,,,,elektrik,active
80046 – Leter me ngjitje Ø 115 Gr.150 (pa vrima),Elektrik,,,,,elektrik,active
6757 – Leter me ngjitje Ø 115 Gr.120 (pa vrima),Elektrik,,,,,elektrik,active
2787 – Leter me ngjitje Ø 115 Gr.100 (pa vrima),Elektrik,,,,,elektrik,active
"B09338RG2.50 – Punto Metali HSS G / DIN 338 2,50 mm",Elektrik,,,,,elektrik,active
"B09338RG2.00 – Punto Metali HSS G / DIN 338 2,00 mm",Elektrik,,,,,elektrik,active
87424 – Leter me ngjitje Ø 115 Gr.240 (me vrima ),Elektrik,,,,,elektrik,active
82946 – Leter me ngjitje Ø 115 Gr.180 (me vrima ),Elektrik,,,,,elektrik,active
82944 – Leter me ngjitje Ø 115 Gr.120 (me vrima ),Elektrik,,,,,elektrik,active
82942 – Leter me ngjitje Ø 115 Gr.100 (me vrima),Elektrik,,,,,elektrik,active
"B09338RG1.50 – Punto Metali HSS G / DIN 338 1,50 mm",Elektrik,,,,,elektrik,active
"B09338RG1.20 – Punto Metali HSS G / DIN 338 1,20 mm",Elektrik,,,,,elektrik,active
"B09338RG1.00 – Punto Metali HSS G / DIN 338 1,00 mm",Elektrik,,,,,elektrik,active
DBT1100403 – Punto Cobalti HSS 4.0 mm,Elektrik,,,,,elektrik,active
"Panel dushi Layla, inox, me 3 funksione, 1,5 m, I zi me efekt shiu",Hidraulike,,,,,hidraulike,active
"BTW5050 – Panel dushi Layla, inox, me 3 funksione, 1,5 m me efekt shiu",Hidraulike,,,,,hidraulike,active
"4045.0Y050K.080.9 – Pilete dushi Elite Horizontale trup inoxi, Ø 50 80cm, rregullim lartesie 4mm",Hidraulike,,,,,hidraulike,active
"Kolone dushi SAKURA black, bronz, 2 dalje, koke katrore",Hidraulike,,,,,hidraulike,active
"Kolone dushi SAKURA, bronz, 2 dalje, koke katrore",Hidraulike,,,,,hidraulike,active
Salishent me koke rrethore 125×85 cm me 4 funksione,Hidraulike,,,,,hidraulike,active
"4045.0Y050K.060.9 – Pilete dushi Elite Horizontale trup inoxi, Ø 50 60cm, rregullim lartesie 4mm",Hidraulike,,,,,hidraulike,active
"Rubinet Dushi HELIOS Black, bronz, 2 dalje, koke dhe tub dushi te perfshire",Hidraulike,,,,,hidraulike,active
"Rubinet Dushi ARIA Black, bronz, 2 dalje, koke dhe tub dushi te perfshire",Hidraulike,,,,,hidraulike,active
"4045.0Y050K.045.9 – Pilete dushi Elite Horizontale trup inoxi, Ø 50 45cm, rregullim lartesie 4mm",Hidraulike,,,,,hidraulike,active
"Rubinet Dushi HELIOS, bronz, 2 dalje, koke dhe tub dushi te perfshire",Hidraulike,,,,,hidraulike,active
"Rubinet Dushi ARIA, bronz, 2 dalje, koke dhe tub dushi te perfshire",Hidraulike,,,,,hidraulike,active
"Rubinet Dushi bronzi BRONSON, AKSESORE+mbajtese dhe koke dushi",Hidraulike,,,,,hidraulike,active
"Pilete lineare trup dhe koke inox 304, 60cm H7.5cm sifon S 360°, horizontale ø 50, kundra aromave – CIS-1600-16",Hidraulike,Kanalizime & Sifone,,,,hidraulike,active
"Rubinet Dushi bronzi SOLITA, AKSESORE+mbajtese dhe koke dushi – 658743",Hidraulike,,,,,hidraulike,active
"4045.0Y050K.033.9 – Pilete dushi Elite Horizontale trup inoxi, Ø 50 33cm, rregullim lartesie 4mm",Hidraulike,,,,,hidraulike,active
"BTW3400 – Rubinet lavapjate Serena, me koke te levizshme, Ø40mm",Hidraulike,,,,,hidraulike,active
"Pilete lineare trup dhe koke inox 304, 50cm H7.5cm sifon S 360°, horizontale ø 50, kundra aromave – CIS-150-16",Hidraulike,Kanalizime & Sifone,,,,hidraulike,active
"Rubinet lavapjate Nadia me tub elastik te zi,  Ø40mm",Hidraulike,,,,,hidraulike,active
Rubinet lavamani Sierra 35 mm me set dushi,Hidraulike,Rubineta Banjo,,,,hidraulike,active
Salishent me dy koka inox + rubinet zink,Hidraulike,,,,,hidraulike,active
Rubinet dushi Artic bronze 1180g + set koke dushi,Hidraulike,,,,,hidraulike,active
"Rubinet bideje HELIOS Black, bronz, kromuar, pilete klik klak, aksesore, tub",Hidraulike,,,,,hidraulike,active
"Rubinet lavamani HELIOS Black, bronz, kromuar, pilete klik klak, aksesore, tub",Hidraulike,Rubineta Banjo,,,,hidraulike,active
"BTW9012 – Mbajtese letrash tualeti inox, 28×10,1×26,5cm katrore",Hidraulike,,,,,hidraulike,active
Rubinete lavapjate Lida 40 mm,Hidraulike,,,,,hidraulike,active
"Rubinet bideje HELIOS, bronz, kromuar, pilete klik klak, aksesore",Hidraulike,,,,,hidraulike,active
"Rubinet lavamani HELIOS, bronz, kromuar, pilete klik klak, aksesore",Hidraulike,Rubineta Banjo,,,,hidraulike,active
"Rubinet bideje ARIA Black, bronz, kromuar, pilete klik klak, aksesore",Hidraulike,,,,,hidraulike,active
"Rubinet lavamani ARIA Black, bronz, kromuar, pilete klik klak, aksesore",Hidraulike,Rubineta Banjo,,,,hidraulike,active
Rubinet lavapjate  me koke fleksibel Artic bronz 1300g,Hidraulike,,,,,hidraulike,active
"BTW3350 – Set dushi Evelyn, me dy koka dushi rrumbullake, strukture mbajtese dhe zorre dushi",Hidraulike,,,,,hidraulike,active
"Rubinet Lavamani bronzi BRONSON, pilete+AKSESORE+tub",Hidraulike,Rubineta Banjo,,,,hidraulike,active
"Rubinet bideje ARIA, bronz, kromuar, pilete klik klak, aksesore",Hidraulike,,,,,hidraulike,active
"Rubinet lavamani ARIA, bronz, kromuar, pilete klik klak, aksesore",Hidraulike,Rubineta Banjo,,,,hidraulike,active
"Rubinet Bide bronzi BRONSON, pilete+AKSESORE+tub – 658741",Hidraulike,,,,,hidraulike,active
"3159.TY050K.080.1 – Pilete dushi Horizontale me membrane, koke inox, trup plastik Ø 50 80cm",Hidraulike,,,,,hidraulike,active
Rubinet lavamani Sierra 35 mm,Hidraulike,Rubineta Banjo,,,,hidraulike,active
"Rubinet Lavamani bronzi SOLITA, pilete+AKSESORE+tub – 658745",Hidraulike,Rubineta Banjo,,,,hidraulike,active
"Rubinet Bide bronzi SOLITA, bashke me pilete AKSESORE dhe tub",Hidraulike,,,,,hidraulike,active
Rubinet lavapjate gri fleksibel Artic bronz 1300g,Hidraulike,,,,,hidraulike,active
Rubinet lavapjate e bardhe fleksibel Artic bronz 1300g,Hidraulike,,,,,hidraulike,active
Rubinet lavapjate pana fleksibel Artic bronz 1300g,Hidraulike,,,,,hidraulike,active
"3158.TY050K.080.1 – Pilete dushi Horizontale me membrane, koke inox, trup plastik Ø 50 80cm",Hidraulike,,,,,hidraulike,active
658789 – Rubinet lavamani I gjate katror I zi Elegance zink 1300g,Hidraulike,Rubineta Banjo,,,,hidraulike,active
658770 – Rubinet lavapjate fleksibel Artic bronz 1300g (12cope),Hidraulike,,,,,hidraulike,active
"Rubinet dushi Spring, Ø35mm, me set",Hidraulike,,,,,hidraulike,active
"Mbajtese letrash higjenike tualeti inox, 25,5x12x26cm I rrimbullaket",Hidraulike,,,,,hidraulike,active
Rubinete lavapjate + dushi Ydra 40 mm,Hidraulike,,,,,hidraulike,active
Rubinet lavamani Artic bronzi 990g + pilete,Hidraulike,Rubineta Banjo,,,,hidraulike,active
Rubinet bide Artic bronzi 710g + pilete,Hidraulike,,,,,hidraulike,active
"BTW3360 – Rubinet lavamani Spring 35 mm, I argjende",Hidraulike,Rubineta Banjo,,,,hidraulike,active
Rubinet lavamani Iris 40 mm me tape lavamani,Hidraulike,Rubineta Banjo,,,,hidraulike,active
Rubinet lavamani I gjate rrethor Artic zink 1270g (12cope),Hidraulike,Rubineta Banjo,,,,hidraulike,active
"3159.TY050K.060.1 – Pilete dushi Horizontale me membrane, koke inox, trup plastik Ø 50 60cm",Hidraulike,,,,,hidraulike,active
"3158.TY050K.060.1 – Pilete dushi Horizontale me membrane, koke inox, trup plastik Ø 50 60cm",Hidraulike,,,,,hidraulike,active
"BTW3150 – Rubinet lavapjate, me montim mural, Ø35mm",Hidraulike,,,,,hidraulike,active
"4022.TY050G.080.1 – Pilete dushi standart, horizontale, koke inox gold, trup plastik me membrane tekstile Ø 50 80cm",Hidraulike,,,,,hidraulike,active
Rubinet lavapjate  katror Artic bronz 1000g,Hidraulike,,,,,hidraulike,active
"Kasete tualeti “CLASSIC” plastike me izolim te brendshem, 3/8″, 2 butona, shkarkim 3/6 lt – NK00718",Hidraulike,,,,,hidraulike,active
Rubinet lavapjate  I harkuar Artic bronz 1000g,Hidraulike,,,,,hidraulike,active
Rubinet dushi Elegance zink 1070g + set koke dushi,Hidraulike,,,,,hidraulike,active
"3159.TY050K.050.1 – Pilete dushi Horizontale me membrane, koke inox, trup plastik Ø 50 50cm",Hidraulike,,,,,hidraulike,active
"3158.TY050K.050.1 – Pilete dushi Horizontale me membrane, koke inox, trup plastik Ø 50 50cm",Hidraulike,,,,,hidraulike,active
"Shataf bronz me 2 dalje, koke+tub 2m+mbajtese",Hidraulike,,,,,hidraulike,active
"Kasete tualeti “ECO” plastike, 3/8″, 2 butona,shkarkim 2.5/5 lt",Hidraulike,,,,,hidraulike,active
"Kasete tualeti “CLASSIC” plastike me izolim te brendshem, 3/8″, buton START/STOP – NK01596",Hidraulike,,,,,hidraulike,active
"4022.TY050G.060.1 – Pilete dushi standart, horizontale, koke inox gold, trup plastik me membrane tekstile Ø 50 60cm",Hidraulike,,,,,hidraulike,active
"Kapak tualet I bardhe Leo soft, me mbeshtetese inoxi, 2100gr, 445x340mm",Hidraulike,,,,,hidraulike,active
"BTW1000 – Kapak tualet I bardhe Hydra Soft, me mbeshtetese inoxi, 2590gr, 450*355mm",Hidraulike,,,,,hidraulike,active
"Kapak tualet I bardhe Aries Soft, me mbeshtetese inoxi, 2280gr, 445x360mm",Hidraulike,,,,,hidraulike,active
"BTW1085 – Kapak tualet I bardhe Aqua Soft, me mbeshtetese inoxi, 2020gr, 430x360mm",Hidraulike,,,,,hidraulike,active
"BTW1010 – Kapak tualet I bardhe Gemini Soft, me mbeshtetese inoxi, 2551gr, 465*360mm",Hidraulike,,,,,hidraulike,active
"Rubinet elektrik bronz 1/2 inch, me ngrohje te menjehershme 220V",Hidraulike,,,,,hidraulike,active
"4022.TY050K.080.1 – Pilete dushi standart, horizontale, koke inox, trup plastik me membrane tekstile Ø 50 80cm",Hidraulike,,,,,hidraulike,active
"Kapak tualet slim soft i bardhe, 450*360mm",Hidraulike,,,,,hidraulike,active
"4022.TY050G.050.1 – Pilete dushi standart, horizontale, koke inox gold, trup plastik me membrane tekstile Ø 50 50cm",Hidraulike,,,,,hidraulike,active
"3159.TY050K.040.1 – Pilete dushi Horizontale me membrane, koke inox, trup plastik Ø 50 40cm",Hidraulike,,,,,hidraulike,active
"3158.TY050K.040.1 – Pilete dushi Horizontale me membrane, koke inox, trup plastik Ø 50 40cm",Hidraulike,,,,,hidraulike,active
"Set dushi 70cm, me koke rrethore me 5 funksioneΦ11cm dhe zorre dushi 1,5m",Hidraulike,,,,,hidraulike,active
Rubinet lavamani Star 35 mm,Hidraulike,Rubineta Banjo,,,,hidraulike,active
Salishent me koke rrethore 64 cm me 3 funksione,Hidraulike,,,,,hidraulike,active
"Set me 5 aksesore tualeti “Coliseum”, koshi 5l hapje me pedal, polipropilen, ngjyre bezhe",Hidraulike,,,,,hidraulike,active
"Set me 5 aksesore tualeti “Coliseum”, koshi 5l hapje me pedal, polipropilen, ngjyre e bardhe",Hidraulike,,,,,hidraulike,active
"Set me 5 aksesore tualeti “Coliseum”, koshi 5l hapje me pedal, polipropilen, ngjyre antrasit",Hidraulike,,,,,hidraulike,active
Rubinet lavamani Elegance zink 800g + pilete,Hidraulike,Rubineta Banjo,,,,hidraulike,active
Rubinet bide Elegance zink 810g + pilete,Hidraulike,,,,,hidraulike,active
658791 – Rubinet lavapjate Urban zink 510g,Hidraulike,,,,,hidraulike,active
"4012.0Y050K.080.1 – Pilete dushi classic, horizontale/vertikale koke inox, trup plastik Ø 50 80cm",Hidraulike,,,,,hidraulike,active
658802 – Set aksesoresh tualeti 6 cope alumin,Hidraulike,,,,,hidraulike,active
"4022.TY050K.060.1 – Pilete dushi standart, horizontale, koke inox, trup plastik me membrane tekstile Ø 50 60cm",Hidraulike,,,,,hidraulike,active
"Raft tualeti, me 3 kate metali trekendore, I kromuar 20,8x57cm",Hidraulike,,,,,hidraulike,active
"Koke dushi katrore inox 304, 25×25 cm, lidhje universale, e zeze",Hidraulike,,,,,hidraulike,active
"Set me 5 aksesore tualeti “Nida”, koshi 5l hapje me buton, polipropilen, ngjyre bezhe",Hidraulike,,,,,hidraulike,active
16-300-148 – Kepuce pune lekure anti rreshqitese pa mbrojtese te zeza Nr.46,Hidraulike,,,,,hidraulike,active
"4022.TY050G.040.1 – Pilete dushi standart, horizontale, koke inox gold, trup plastik me membrane tekstile Ø 50 40cm",Hidraulike,,,,,hidraulike,active
"3159.TY050K.033.1 – Pilete dushi Horizontale me membrane, koke inox, trup plastik Ø 50 33cm",Hidraulike,,,,,hidraulike,active
"3158.TY050K.033.1 – Pilete dushi Horizontale me membrane, koke inox, trup plastik Ø 50 33cm",Hidraulike,,,,,hidraulike,active
658779 – Rubinet dushi Urban zink 770g + set koke dushi,Hidraulike,,,,,hidraulike,active
"Raft tualeti “Magic fix” kendor me ngjitje shumeperdorimshe, 2 kate, 21 cm, e zeze, druri",Hidraulike,,,,,hidraulike,active
658795 – Shataf set ABS + saracineske me mbajtese bronz 1Meter,Hidraulike,,,,,hidraulike,active
16-300-147 – Kepuce pune lekure anti rreshqitese pa mbrojtese te zeza Nr.45,Hidraulike,,,,,hidraulike,active
16-300-146 – Kepuce pune lekure anti rreshqitese pa mbrojtese te zeza Nr.44,Hidraulike,,,,,hidraulike,active
16-300-145 – Kepuce pune lekure anti rreshqitese pa mbrojtese te zeza Nr.43,Hidraulike,,,,,hidraulike,active
16-300-144 – Kepuce pune lekure anti rreshqitese pa mbrojtese te zeza Nr.42,Hidraulike,,,,,hidraulike,active
16-300-142 – Kepuce pune lekure anti rreshqitese pa mbrojtese te zeza Nr.40,Hidraulike,,,,,hidraulike,active
"4022.TY050G.033.1 – Pilete dushi standart, horizontale, koke inox gold, trup plastik me membrane tekstile Ø 50 33cm",Hidraulike,,,,,hidraulike,active
"4022.TY050K.050.1 – Pilete dushi standart, horizontale, koke inox, trup plastik me membrane tekstile Ø 50 50cm",Hidraulike,,,,,hidraulike,active
"4012.0Y050K.060.1 – Pilete dushi classic, horizontale/vertikale koke inox, trup plastik Ø 50 60cm",Hidraulike,,,,,hidraulike,active
Rubinet lavamani Urban zink 530g + pilete (12cope),Hidraulike,Rubineta Banjo,,,,hidraulike,active
Rubinet bide Urban zink 550g + pilete,Hidraulike,,,,,hidraulike,active
"Koke dushi rrethore inox 304, Ø25 cm, lidhje universale, e zeze",Hidraulike,,,,,hidraulike,active
"Pilete lineare trup plastik koke inox 304, S, 60cm, horizontale ø 50 sifon S 360°, kundra aromave – ISS-160-04",Hidraulike,Kanalizime & Sifone,,,,hidraulike,active
"Pilete lineare trup plastik koke inox 304, R, 60cm, horizontale ø 50 sifon S 360°, kundra aromave – IRS-160-04",Hidraulike,Kanalizime & Sifone,,,,hidraulike,active
"Pilete lineare trup plastik koke inox 304, O, 60cm, horizontale ø 50 sifon S 360°, kundra aromave – IOS-160-04",Hidraulike,Kanalizime & Sifone,,,,hidraulike,active
"Pilete lineare trup plastik koke inox 304, M, 60cm, horizontale ø 50 sifon S 360°, kundra aromave – IMS-160-04",Hidraulike,Kanalizime & Sifone,,,,hidraulike,active
"Pilete lineare trup plastik koke inox 304, D, 600cm, horizontale ø 50 sifon S 360°, kundra aromave – IDS-160-04",Hidraulike,Kanalizime & Sifone,,,,hidraulike,active
"Set me 5 aksesore tualeti “Nida”, koshi 5l hapje me buton, polipropilen, ngjyre antrasit",Hidraulike,,,,,hidraulike,active
"Shataf me saracineske dyshe, inox 304, kromuar",Hidraulike,,,,,hidraulike,active
"Raft tualeti “Magic fix” drejtkendor me ngjitje shumeperdorimshe, 2 kate, 9.5×28.5 cm, e zeze, druri",Hidraulike,,,,,hidraulike,active
"Koke dushi katrore inox 304, 20×20 cm, lidhje universale, e zeze",Hidraulike,,,,,hidraulike,active
"Koke dushi katrore inox 304, 25×25 cm, lidhje universale, kromuar",Hidraulike,,,,,hidraulike,active
"Koke dushi rrethore inox 304, Ø20 cm, lidhje universale, e zeze",Hidraulike,,,,,hidraulike,active
"Pilete lineare trup plastik koke inox 304, S, 50cm, horizontale ø 50 sifon S 360°, kundra aromave – ISS-150-04",Hidraulike,Kanalizime & Sifone,,,,hidraulike,active
"Pilete lineare trup plastik koke inox 304, R, 50cm, horizontale ø 50 sifon S 360°, kundra aromave – IRS-150-04",Hidraulike,Kanalizime & Sifone,,,,hidraulike,active
"Pilete lineare trup plastik koke inox 304, O, 50cm, horizontale ø 50 sifon S 360°, kundra aromave – IOS-150-04",Hidraulike,Kanalizime & Sifone,,,,hidraulike,active
"Pilete lineare trup plastik koke inox 304, M, 50cm, horizontale ø 50 sifon S 360°, kundra aromave – IMS-150-04",Hidraulike,Kanalizime & Sifone,,,,hidraulike,active
"Pilete lineare trup plastik koke inox 304, D, 500cm, horizontale ø 50 sifon S 360°, kundra aromave – IDS-150-04",Hidraulike,Kanalizime & Sifone,,,,hidraulike,active
"4022.TY050K.040.1 – Pilete dushi standart, horizontale, koke inox, trup plastik me membrane tekstile Ø 50 40cm",Hidraulike,,,,,hidraulike,active
"4012.0Y050K.050.1 – Pilete dushi classic, horizontale/vertikale koke inox, trup plastik Ø 50 50cm",Hidraulike,,,,,hidraulike,active
"Raft tualeti “Magic fix” kendor me ngjitje shumeperdorimshe, 1 kat, 21 cm, e zeze, druri",Hidraulike,,,,,hidraulike,active
"4012.0Y050K.040.1 – Pilete dushi classic, horizontale/vertikale koke inox, trup plastik Ø 50 40cm",Hidraulike,,,,,hidraulike,active
Koke dushi e rregullueshme,Hidraulike,,,,,hidraulike,active
"Kapak tualet slim i bardhe, 350*440mm",Hidraulike,,,,,hidraulike,active
"Pilete lineare trup plastik koke inox 304, R, 40cm, horizontale ø 50 sifon S 360°, kundra aromave – IRS-140-04",Hidraulike,Kanalizime & Sifone,,,,hidraulike,active
"Pilete lineare trup plastik koke inox 304, O, 40cm, horizontale ø 50 sifon S 360°, kundra aromave – IOS-140-04",Hidraulike,Kanalizime & Sifone,,,,hidraulike,active
"Pilete lineare trup plastik koke inox 304, D, 40cm, horizontale ø 50 sifon S 360°, kundra aromave – IDS-140-04",Hidraulike,Kanalizime & Sifone,,,,hidraulike,active
"Kosh tualeti “Coliseum” rrethor, 5 lt, hapje me pedal, ngjyre antrasit, Ø23.0 X 27.5cm",Hidraulike,,,,,hidraulike,active
"Set me 5 aksesore tualeti “Linea”, koshi 5l hapje me lavjers, polipropilen, ngjyre e zeze",Hidraulike,,,,,hidraulike,active
"Set me 5 aksesore tualeti “Linea”, koshi 5l hapje me lavjers, polipropilen, ngjyre e bardhe",Hidraulike,,,,,hidraulike,active
"4022.TY050K.033.1 – Pilete dushi standart, horizontale, koke inox, trup plastik me membrane tekstile Ø 50 33cm",Hidraulike,,,,,hidraulike,active
2959278 – Shirit Izolues Tangit Uni-Lock (Teflon) 160m,Hidraulike,Aksesorë Hidraulikë,,,,hidraulike,active
"55500 – Zhbllokuese lavamani
7 cm",Hidraulike,Lavamane & Lavatriçe,,,,hidraulike,active
"Koke dushi rrethore inox 304, Ø25 cm, lidhje universale, kromuar",Hidraulike,,,,,hidraulike,active
2515200 – Aspirator tualeti Ø150,Hidraulike,,,,,hidraulike,active
"Raft tualeti “Magix fix”drejtkendor me ngjitje shumeperdorimshe, 1 kat, 9.5×28.5 cm, e zeze, druri",Hidraulike,,,,,hidraulike,active
"Kosh tualeti “Bella” rrethor, 5 lt, hapje me buton, ngjyre e bardhe, druri, Ø19 X 22.5cm",Hidraulike,,,,,hidraulike,active
Zhvbllokues tubash fleksibel Ø9x10m – WDD2310,Hidraulike,,,,,hidraulike,active
"4012.0Y050K.033.1 – Pilete dushi classic, horizontale/vertikale koke inox, trup plastik Ø 50 33cm",Hidraulike,,,,,hidraulike,active
"Saracineske dyshe inox 304, e zeze",Hidraulike,,,,,hidraulike,active
"Koke dushi katrore inox 304, 20×20 cm, lidhje universale, kromuar",Hidraulike,,,,,hidraulike,active
"Koke dushi rrethore inox 304, Ø20 cm, lidhje universale, kromuar",Hidraulike,,,,,hidraulike,active
"Pilete lineare trup plastik koke inox 304, S, 40cm, horizontale ø 50 sifon S 360°, kundra aromave – ISS-140-04",Hidraulike,Kanalizime & Sifone,,,,hidraulike,active
"Pilete lineare trup plastik koke inox 304, S, 33cm, horizontale ø 50 sifon S 360°, kundra aromave – ISS-133-04",Hidraulike,Kanalizime & Sifone,,,,hidraulike,active
"Pilete lineare trup plastik koke inox 304, R, 33cm, horizontale ø 50 sifon S 360°, kundra aromave – IRS-133-04",Hidraulike,Kanalizime & Sifone,,,,hidraulike,active
"Pilete lineare trup plastik koke inox 304, O, 33cm, horizontale ø 50 sifon S 360°, kundra aromave – IOS-133-04",Hidraulike,Kanalizime & Sifone,,,,hidraulike,active
"Pilete lineare trup plastik koke inox 304, M, 33cm, horizontale ø 50 sifon S 360°, kundra aromave – IMS-133-04",Hidraulike,Kanalizime & Sifone,,,,hidraulike,active
"Pilete lineare trup plastik koke inox 304, D, 33cm, horizontale ø 50 sifon S 360°, kundra aromave – IDS-133-04",Hidraulike,Kanalizime & Sifone,,,,hidraulike,active
"Galexhant, lidhje 3/8″, lartesi e rregullueshme 32-41CM, 2 butona, aksesoret e montimit te perfshire – NK00125",Hidraulike,,,,,hidraulike,active
2512200 – Aspirator tualeti Ø120,Hidraulike,,,,,hidraulike,active
2510200 – Aspirator tualeti Ø100,Hidraulike,,,,,hidraulike,active
"Kapak tualeti “LILIA” plastik, soft close, bardhe, mentesha te rregullueshme, antibakterial, 43.7 x  – NK01786",Hidraulike,,,,,hidraulike,active
"Galexhant, lidhje 3/8″, lartesi e rregullueshme 33-41.5cm, 1 buton, aksesoret e montimit te perfshir",Hidraulike,,,,,hidraulike,active
"Kosh tualeti “Square” katror , 5 lt, hapje me buton, ngjyre kafe, 18 X 18 X 22.5cm",Hidraulike,,,,,hidraulike,active
Saracineske dyshe 1/2”x1/2” x1/2”,Hidraulike,,,,,hidraulike,active
1285 – Doreze me krruajtese dhe pastruese brenda/jashte diam.4/42mm,Hidraulike,,,,,hidraulike,active
"Kapak tualeti “ORHIDEA” plastik, bardhe, mentesha te rregullueshme, antibakterial, 42.7 x 35.9 cm – NK01173",Hidraulike,,,,,hidraulike,active
"Furce tualeti “Bella” plastike rrethore, ngjyre e bardhe druri, Ø10.5 X 33.5cm",Hidraulike,,,,,hidraulike,active
"Saracineske dyshe inox 304, gjatesore, e zeze",Hidraulike,,,,,hidraulike,active
"Pilete katrore 15x15cm, me lartesi te rregullueshme dhe rrjete, horizontale ø 40, koke inox 304 – IKY-140-32",Hidraulike,,,,,hidraulike,active
"Pilete katrore 15x15cm, me lartesi te rregullueshme dhe rrjete, vertikale ø 50, koke inox 304 – IKA-150-32",Hidraulike,,,,,hidraulike,active
"Galexhant, lidhje 3/8″, lartesi e rregullueshme, 1 buton, aksesoret e montimit te perfshire – NK03034",Hidraulike,,,,,hidraulike,active
"Kapak tualeti “MAGNOLIA” plastik, bardhe, mentesha te rregullueshme, antibakterial, 45.2 x 36.9 cm – NK00815",Hidraulike,,,,,hidraulike,active
"Furce tualeti “Coliseum” plastike rrethore, ngjyre antrasit, Ø12 X 34.5cm",Hidraulike,,,,,hidraulike,active
"Kapak tualet I bardhe Soft close , 430*360mm – 658804",Hidraulike,,,,,hidraulike,active
Set zhbllokimi 3ne1 – WDD9301,Hidraulike,,,,,hidraulike,active
Shataf set ABS + saracineske me mbajtese inox 1Meter (40cope),Hidraulike,,,,,hidraulike,active
"4012.0Y050K.020.1 – Pilete dushi classic, horizontale/vertikale koke inox, trup plastik Ø 50 20cm",Hidraulike,,,,,hidraulike,active
55544 – Zhbllokuese tubi. 9MM LENGTH: 5M,Hidraulike,,,,,hidraulike,active
"BTW4640 – Koke dushi I argjende, rrethore, me 5 opsione, Φ81",Hidraulike,,,,,hidraulike,active
"BTW4660 – Koke dushi I argjende, rrethore, me 5 opsione, Φ110",Hidraulike,,,,,hidraulike,active
69317 – Mbajtese letre tualeti e kromuar,Hidraulike,,,,,hidraulike,active
"5108.0A100.15.1 – Pilete shkarkimi vertikale katrore koke Inox, trup plastik me fileto 15×15 cm",Hidraulike,,,,,hidraulike,active
"Fuce tualeti e bardhe me bisht dhe kapak gold, Φ9,5x38cm",Hidraulike,,,,,hidraulike,active
"BTW9068 – Fuce tualeti I zeze me bisht dhe kapak gold, Φ9,5x38cm",Hidraulike,,,,,hidraulike,active
Mbajtese sapuni murale 500ml,Hidraulike,,,,,hidraulike,active
"Kapak tualeti “LOTUS” slim plastik, bardhe, mentesha te rregullueshme, antibakterial, 44.4 x 36 cm – NK02101",Hidraulike,,,,,hidraulike,active
Shataf set ABS 1Meter,Hidraulike,,,,,hidraulike,active
Koke dushi me tub 1.5 m ngjyre gri e zene,Hidraulike,,,,,hidraulike,active
Koke dushi me tub 1.5 m ngjyre gri e lehte,Hidraulike,,,,,hidraulike,active
Mbajtese letre tualeti e kromuar,Hidraulike,,,,,hidraulike,active
"Kapak tualeti “LILIA” plastik, bardhe, mentesha te rregullueshme, antibakterial, 43.7 x 37 cm – NK01695",Hidraulike,,,,,hidraulike,active
"Galexhant, lidhje 3/8″ bronzi, lartesi e rregullueshme – NK00276",Hidraulike,,,,,hidraulike,active
"Furce tualeti “Square” plastike katrore, ngjyre kafe, 10.4 x 10.4 x 35.7cm",Hidraulike,,,,,hidraulike,active
"3013.0A070K.015.1 – Pilete shkarkimi LEGAL vertikale katrore koke inox, trup plastik 70 Ø 15×15 cm",Hidraulike,,,,,hidraulike,active
"3013.0Y070K.015.1 – Pilete shkarkimi LEGAL horizontale katrore koke inox, trup plastik 70 Ø 15×15 cm",Hidraulike,,,,,hidraulike,active
"BTW9058 – Shishe qeramike per sapun te legshem, I zi, me detaje gold Φ7,2x17cm",Hidraulike,,,,,hidraulike,active
"BTW9030 – Zorre dushi argjendi, 1,5m",Hidraulike,,,,,hidraulike,active
"Pilete katrore 15x15cm, me lartesi te rregullueshme dhe rrjete, horizontale ø 50, koke inox 304 – IKY-150-32",Hidraulike,,,,,hidraulike,active
"Mbajtese sapuni “Magic fix” me ngjitje shumeperdorimshe, metalike/ABS/qelq, kromuar",Hidraulike,,,,,hidraulike,active
"Mbajtese furce dhembesh “Magic fix” me ngjitje shumeperdorimshe, metalike/ABS/qelq, kromuar",Hidraulike,,,,,hidraulike,active
"Mekanizem WC galixhant plastike 28cm, kapje nga poshte 1/2",Hidraulike,,,,,hidraulike,active
"3013.0A050K.015.1 – Pilete shkarkimi LEGAL vertikale katrore koke inox, trup plastik 50 Ø 15×15 cm",Hidraulike,,,,,hidraulike,active
"3013.0A040K.015.1 – Pilete shkarkimi LEGAL vertikale katrore koke inox, trup plastik 40 Ø 15×15 cm",Hidraulike,,,,,hidraulike,active
"3013.0Y050K.015.1 – Pilete shkarkimi LEGAL horizontale katrore koke inox, trup plastik 50 Ø 15×15 cm",Hidraulike,,,,,hidraulike,active
"3013.0Y040K.015.1 – Pilete shkarkimi LEGAL horizontale katrore koke inox, trup plastik 40 Ø 15×15 cm",Hidraulike,,,,,hidraulike,active
"Koke dushi rrethore krom dhe e zeze, funksione, ABS",Hidraulike,,,,,hidraulike,active
"Galexhant, lidhje 3/8″ bronzi, lartesi e rregullueshme – NK00429",Hidraulike,,,,,hidraulike,active
"Mbajtese sapuni “Magic fix” me ngjitje shumeperdorimshe, metalike/ABS/qelq, e zeze",Hidraulike,,,,,hidraulike,active
"Mbajtese furce dhembesh “Magic fix” me ngjitje shumeperdorimshe, metalike/ABS/qelq, e zeze",Hidraulike,,,,,hidraulike,active
"3013.0Y032K.015.1 – Pilete shkarkimi LEGAL horizontale katrore koke inox, trup plastik 32 Ø 15×15 cm",Hidraulike,,,,,hidraulike,active
"BTW4620 – Koke dushi gri I erret, rrethore,  Φ85",Hidraulike,,,,,hidraulike,active
"Saracineske dyshe inox 304, gjatesore, kromuar",Hidraulike,,,,,hidraulike,active
"Pilete katrore 15x15cm, trup plastik, koke dhe kornizeinox 304, horizontale ø 50, kundra aromave – PCK-1515-20",Hidraulike,,,,,hidraulike,active
"Dispenser “Bella” sapuni rrethor plastik, ngjyre e bardhe, druri, Ø6.5 X 15.5cm",Hidraulike,,,,,hidraulike,active
"Mbajtese letre higjenike “Magic fix” me ngjitje shumeperdorimshe, metalike/ABS, kromuar",Hidraulike,,,,,hidraulike,active
Saracineske me leve 1/2” 190g bronx bugatti,Hidraulike,,,,,hidraulike,active
"5102.0A100.10.1 – Pilete shkarkimi vertikale katrore koke Inox, trup plastik me fileto 10×10 cm",Hidraulike,,,,,hidraulike,active
"BTW4610 – Koke dushi gri I erret, katrore, Φ41*248mm",Hidraulike,,,,,hidraulike,active
"Galexhant, lidhje 3/8″, lartesi e rregullueshme – NK01598",Hidraulike,,,,,hidraulike,active
"Mbajtese letre higjenike “Magic fix” me ngjitje shumeperdorimshe, metalike/ABS, e zeze",Hidraulike,,,,,hidraulike,active
"Varese “Magic fix” me ngjitje shumeperdorimshe, metalike/ABS, 2 ganxha, kromuar",Hidraulike,,,,,hidraulike,active
"Varese “Magic fix” me ngjitje shumeperdorimshe, metalike/ABS, 1 ganxhe, kromuar",Hidraulike,,,,,hidraulike,active
"3014.0A050K.015.9 – Pilete shkarkimi Vertikale katrore koke inox, trup plastik 50 Ø – 15x15cm",Hidraulike,,,,,hidraulike,active
"3014.0Y050K.015.9 – Pilete shkarkimi horizontale katrore koke inox, trup plastik 50 Ø – 15x15cm",Hidraulike,,,,,hidraulike,active
"3014.0Y032K.015.9 – Pilete shkarkimi horizontale katrore koke inox, trup plastik 32 Ø – 15x15cm",Hidraulike,,,,,hidraulike,active
Tub spiral per koke dushi 2 m,Hidraulike,,,,,hidraulike,active
"Koke dushi rrethore kromuar, funksione, ABS",Hidraulike,,,,,hidraulike,active
"Krah mbajtes dushi rrethor, inox 304, 40 cm, kromuar",Hidraulike,,,,,hidraulike,active
"Pilete katrore 10x10cm, me lartesi te rregullueshme dhe rrjete, horizontale ø 50, koke inox 304 – IKY-150-30",Hidraulike,,,,,hidraulike,active
"Pilete katrore 10x10cm, me lartesi te rregullueshme dhe rrjete, horizontale ø 40, koke inox 304 – IKY-140-30",Hidraulike,,,,,hidraulike,active
"Pilete katrore 10x10cm, me lartesi te rregullueshme dhe rrjete, vertikale ø 50, koke inox 304 – IKA-150-30",Hidraulike,,,,,hidraulike,active
"Varese “Magic fix” me ngjitje shumeperdorimshe, metalike/ABS, 2 ganxha, e zeze",Hidraulike,,,,,hidraulike,active
"Varese “Magic fix” me ngjitje shumeperdorimshe, metalike/ABS, 1 ganxhe, e zeze",Hidraulike,,,,,hidraulike,active
"Koke dushi rrethore e zeze, funksione, ABS, e zeze",Hidraulike,,,,,hidraulike,active
"Pilete katrore “Classic” 15x15cm, trup plastik, koke inox 304, horizontale ø 50, kundra aromave – PCK-1515-18",Hidraulike,,,,,hidraulike,active
"Dispenser “Square” sapuni katroriplastik, ngjyre kafe, 7  X 7 X 10cm",Hidraulike,,,,,hidraulike,active
"Mbajtese “Bella” furcash rrethore plastike, ngjyre e bardhe, druri, Ø6.5 X 12cm",Hidraulike,,,,,hidraulike,active
"Dispenser sapuni “Coliseum” rrethor plastik, ngjyre antrasit, Ø7.8 X 18.5cm",Hidraulike,,,,,hidraulike,active
Tub dushi 1.5M Bronx+Inox,Hidraulike,,,,,hidraulike,active
"3013.0A070K.010.1 – Pilete shkarkimi LEGAL vertikale katrore koke inox, trup plastik 70 Ø 10×10 cm",Hidraulike,,,,,hidraulike,active
"3013.0Y070K.010.1 – Pilete shkarkimi LEGAL horizontale katrore koke inox, trup plastik 70 Ø 10×10 cm",Hidraulike,,,,,hidraulike,active
"3014.0Y050K.010.9 – Pilete shkarkimi horizontale katrore koke inox, trup plastik 50 Ø – 10x10cm",Hidraulike,,,,,hidraulike,active
"3014.0Y032K.010.9 – Pilete shkarkimi horizontale katrore koke inox, trup plastik 32 Ø – 10x10cm",Hidraulike,,,,,hidraulike,active
6002.0A100.16.0 – Pilete shkarkimi plastike per kend ballkoni 100 Ø,Hidraulike,,,,,hidraulike,active
"Tub dushi kundra perdredhjes, 1.5 m, i zi",Hidraulike,,,,,hidraulike,active
Set koke dushi ABS 1.5M + mbajtese,Hidraulike,,,,,hidraulike,active
Tub dushi inox 1.5M,Hidraulike,,,,,hidraulike,active
"3013.0A050K.010.1 – Pilete shkarkimi LEGAL vertikale katrore koke inox, trup plastik 50 Ø 10×10 cm",Hidraulike,,,,,hidraulike,active
"3013.0A040K.010.1 – Pilete shkarkimi LEGAL vertikale katrore koke inox, trup plastik 40 Ø 10×10 cm",Hidraulike,,,,,hidraulike,active
"3013.0Y050K.010.1 – Pilete shkarkimi LEGAL horizontale katrore koke inox, trup plastik 50 Ø 10×10 cm",Hidraulike,,,,,hidraulike,active
"3013.0Y040K.010.1 – Pilete shkarkimi LEGAL horizontale katrore koke inox, trup plastik 40 Ø 10×10 cm",Hidraulike,,,,,hidraulike,active
"3014.0A050K.010.9 – Pilete shkarkimi Vertikale katrore koke inox, trup plastik 50 Ø – 10x10cm",Hidraulike,,,,,hidraulike,active
6001.0A070.13.0 – Pilete shkarkimi plastike per kend ballkoni 70 Ø,Hidraulike,,,,,hidraulike,active
Minifilter lavatrice 1/2”x 3/4” 156g bronx bugatti (12cope)(120cope),Hidraulike,Lavamane & Lavatriçe,,,,hidraulike,active
71825 – Tub fleksibel F/M 1/2″ 1/2″ 1000MM,Hidraulike,,,,,hidraulike,active
"Tub dushi i zi, 1.5m",Hidraulike,,,,,hidraulike,active
"Tub dushi kundra perdredhjes, 1.5 m, gri argjend",Hidraulike,,,,,hidraulike,active
Pilete lavamnai e zeze ABS 8cm,Hidraulike,,,,,hidraulike,active
"Shataf vetem koke, zink, kromuar",Hidraulike,,,,,hidraulike,active
"Pilete katrore 10x10cm, trup plastik, koke dhe kornize inox 304, horizontale ø 50, kundra aromave – PCK-1010-19",Hidraulike,,,,,hidraulike,active
Pilete lavamani Inox 8cm,Hidraulike,Lavamane & Lavatriçe,,,,hidraulike,active
"3013.0Y032K.010.1 – Pilete shkarkimi LEGAL horizontale katrore koke inox, trup plastik 32 Ø 10×10 cm",Hidraulike,,,,,hidraulike,active
"5710.0A070K.010.1 – Pilete shkarkimi vertikale katrore koke Inox, trup plastik, Kuca Ø 70 10x10cm",Hidraulike,,,,,hidraulike,active
"5710.0A050K.010.1 – Pilete shkarkimi vertikale katrore koke Inox, trup plastik,  Kuca Ø 50 10x10cm",Hidraulike,,,,,hidraulike,active
Minifilter 1/2”x 1/2” 136g bronx bugatti (12cope)(120cope),Hidraulike,,,,,hidraulike,active
71819 – Tub fleksibel F/F 3/8″ 3/8″ 1000MM,Hidraulike,,,,,hidraulike,active
71805 – Tub fleksibel F/F 1/2″ 1/2″ 1000MM,Hidraulike,,,,,hidraulike,active
55542 – Zhbllokuese tubi 6MM LENGTH: 3M,Hidraulike,,3M,,,hidraulike,active
71824 – Tub fleksibel F/M 1/2″ 1/2″ 800MM,Hidraulike,,,,,hidraulike,active
71804 – Tub fleksibel F/F 1/2″ 1/2″ 800MM,Hidraulike,,,,,hidraulike,active
"Tub fleksibel F 1/2″ – F 1/2″, 80 cm, DN8 – 701080005",Hidraulike,,,,,hidraulike,active
"Tub fleksibel M 1/2″ – F 1/2″, 80 cm, DN8 – 701080001",Hidraulike,,,,,hidraulike,active
71823 – Tub fleksibel F/M 1/2″ 1/2″ 600MM,Hidraulike,,,,,hidraulike,active
"Tub fleksibel F 3/8″ – F 1/2″, 80 cm, DN8 – 701080007",Hidraulike,,,,,hidraulike,active
71838 – Tub fleksibel F/M 3/8″ 3/8″ 1000MM,Hidraulike,,,,,hidraulike,active
71818 – Tub fleksibel F/F 3/8″ 3/8″ 800MM,Hidraulike,,,,,hidraulike,active
71822 – Tub fleksibel F/M 1/2″ 1/2″ 500MM,Hidraulike,,,,,hidraulike,active
71803 – Tub fleksibel F/F 1/2″ 1/2″ 600MM,Hidraulike,,,,,hidraulike,active
WDD2303 – Zhvbllokues tubash fleksibel Ø6x3m,Hidraulike,,3M,,,hidraulike,active
"Tub fleksibel M10-C – F 1/2″,80 cm, DN8 – 721080085",Hidraulike,,,,,hidraulike,active
"Tub fleksibel F 3/8″ – F 3/8″, 80 cm, DN8 – 701080006",Hidraulike,,,,,hidraulike,active
"Tub fleksibel F 1/2″ – F 1/2″, 60 cm, DN8 – 701060005",Hidraulike,,,,,hidraulike,active
"Tub fleksibel M 1/2″ – F 1/2″, 60 cm, DN8 – 701060001",Hidraulike,,,,,hidraulike,active
"Tub fleksibel F 3/8″ – F 1/2″, 60 cm, DN8 – 701060007",Hidraulike,,,,,hidraulike,active
"Tub fleksibel F 1/2″ – F 1/2″, 50 cm, DN8 – 701050005",Hidraulike,,,,,hidraulike,active
"Tub fleksibel M 1/2″ – F 1/2″, 50 cm, DN8 – 701050001",Hidraulike,,,,,hidraulike,active
71821 – Tub fleksibel F/M 1/2″ 1/2″ 400MM,Hidraulike,,,,,hidraulike,active
71802 – Tub fleksibel F/F 1/2″ 1/2″ 500MM,Hidraulike,,,,,hidraulike,active
"Tub fleksibel M10-C – F 1/2″,60 cm, DN8 – 721060085",Hidraulike,,,,,hidraulike,active
"Tub fleksibel F 3/8″ – F 3/8″, 60 cm, DN8 – 701060006",Hidraulike,,,,,hidraulike,active
71836 – Tub fleksibel F/M 3/8″ 3/8″ 600MM,Hidraulike,,,,,hidraulike,active
"Tub fleksibel F 3/8″ – F 1/2″, 50 cm, DN8 – 701050007",Hidraulike,,,,,hidraulike,active
"Tub fleksibel F 1/2″ – F 1/2″, 40 cm, DN8 – 701040005",Hidraulike,,,,,hidraulike,active
"Tub fleksibel M 1/2″ – F 1/2″, 40 cm, DN8 – 701040001",Hidraulike,,,,,hidraulike,active
"Tub fleksibel M10-C – F 1/2″,50 cm, DN8 – 721050085",Hidraulike,,,,,hidraulike,active
"Tub fleksibel F 3/8″ – F 3/8″, 50 cm, DN8 – 701050006",Hidraulike,,,,,hidraulike,active
"Pilete katrore “Classic” 10x10cm, trup plastik, koke inox 304, horizontale ø50, kundra aromave – PCK-1010-17",Hidraulike,,,,,hidraulike,active
Pilete lavamani ABS 8cm,Hidraulike,Lavamane & Lavatriçe,,,,hidraulike,active
Tub dushi 1.5M ABS+inox,Hidraulike,,,,,hidraulike,active
71835 – Tub fleksibel F/M 3/8″ 3/8″ 500MM,Hidraulike,,,,,hidraulike,active
71817 – Tub fleksibel F/F 3/8″ 3/8″ 600MM,Hidraulike,,,,,hidraulike,active
71820 – Tub fleksibel F/M 1/2″ 1/2″ 300MM,Hidraulike,,,,,hidraulike,active
71801 – Tub fleksibel F/F 1/2″ 1/2″ 400MM,Hidraulike,,,,,hidraulike,active
"Tub fleksibel F 3/8″ – F 1/2″, 40 cm, DN8 – 701040007",Hidraulike,,,,,hidraulike,active
"Tub fleksibel F 1/2″ – F 1/2″, 30 cm, DN8 – 701030005",Hidraulike,,,,,hidraulike,active
"Tub fleksibel M 1/2″ – F 1/2″, 30 cm, DN8 – 701030001",Hidraulike,,,,,hidraulike,active
71834 – Tub fleksibel F/M 3/8″ 3/8″ 400MM,Hidraulike,,,,,hidraulike,active
71816 – Tub fleksibel F/F 3/8″ 3/8″ 500MM,Hidraulike,,,,,hidraulike,active
Koke dushi rrethore ABS (200cope),Hidraulike,,,,,hidraulike,active
"Tub fleksibel M10-C – F 1/2″,40 cm, DN8 – 721040085",Hidraulike,,,,,hidraulike,active
"Tub fleksibel F 3/8″ – F 3/8″, 40 cm, DN8 – 701040006",Hidraulike,,,,,hidraulike,active
"Tub fleksibel F 3/8″ – F 1/2″, 30 cm, DN8 – 701030007",Hidraulike,,,,,hidraulike,active
"Tub fleksibel M10-C – F 1/2″,30 cm, DN8 – 721030085",Hidraulike,,,,,hidraulike,active
"Tub fleksibel F 3/8″ – F 3/8″, 30 cm, DN8 – 701030006",Hidraulike,,,,,hidraulike,active
"Mentesha kapaku tualeti, material plastik/ABS, te bardha koke e kromuar – NK00519",Hidraulike,,,,,hidraulike,active
"Mbajtese “Square” sapuni drejtkendore plastike, ngjyre kafe, 12 X 8.2 X 2.6cm",Hidraulike,,,,,hidraulike,active
"Mbajtese “Square” furcash katrore plastike, ngjyre kafe, 7  X 7 X 10cm",Hidraulike,,,,,hidraulike,active
"Mbajtese “Bella” sapuni ovale plastike, ngjyre e bardhe, 13 X 9 X 2.5cm",Hidraulike,,,,,hidraulike,active
"Mbajtese sapuni “Coliseum” ovale plastike, ngjyre antrasit, 12.5 X 9 X 2.9cm",Hidraulike,,,,,hidraulike,active
"Mbajtese furcash “Coliseum” rrethore plastike, ngjyre antrasit, Ø7.8 X 12cm",Hidraulike,,,,,hidraulike,active
Galixhant kasete wc dalje 1/2”,Hidraulike,,,,,hidraulike,active
Tub shkarkimi lavatrice 1.5M,Hidraulike,Lavamane & Lavatriçe,,,,hidraulike,active
Tub furnizimi lavatrice 1.5M,Hidraulike,Lavamane & Lavatriçe,,,,hidraulike,active
Koke dushi  ABS (200cope),Hidraulike,,,,,hidraulike,active
71833 – Tub fleksibel F/M 3/8″ 3/8″ 300MM,Hidraulike,,,,,hidraulike,active
71815 – Tub fleksibel F/F 3/8″ 3/8″ 400MM,Hidraulike,,,,,hidraulike,active
71800 – Tub fleksibel F/F 1/2″ 1/2″ 300MM,Hidraulike,,,,,hidraulike,active
Koke dushi me 5 pozicione ABS,Hidraulike,,,,,hidraulike,active
71814 – Tub fleksibel F/F 3/8″ 3/8″ 300MM,Hidraulike,,,,,hidraulike,active
"Mentesha kapaku tualeti me permasa te rregulluyeshme, material plastik – NK01274",Hidraulike,,,,,hidraulike,active
"Mentesha kapaku tualeti, material plastik, te bardha – NK00316",Hidraulike,,,,,hidraulike,active
Koke dushi katrore ABS (250cope),Hidraulike,,,,,hidraulike,active
WT1212 – Izolues I bardhe kundra ujit 12mm x 12m,Hidraulike,Aksesorë Hidraulikë,,,,hidraulike,active
75201 – Teflon 12Mx12MMx0.1MM,Hidraulike,Aksesorë Hidraulikë,,,,hidraulike,active
"GSE80003 – Gjenerator Silencioz me nafte 3 Fazor 8Kw, 13.0Hp,  Sistem ftohje me ajer, Ndezje me buton",Hidraulike,,,,,hidraulike,active
"GSE65001 – Gjenerator Silencioz me nafte 6.5Kw, 12.0Hp,  Sistem ftohje me ajer, Ndezje me buton",Hidraulike,,,,,hidraulike,active
"LDG6500SA – Gjenerator me nafte me ndezje me celes, motor LA88F, 5.0-5.3 KW",Hidraulike,,,,,hidraulike,active
GSE50003 – Silent diesel generator,Hidraulike,,,,,hidraulike,active
GDE50001 – Gjenerator me nafte 5.0 Kw (9.0 Hp),Hidraulike,,,,,hidraulike,active
"GEI47506E – Gjenerator Inverter Silencioz me benzine 4.0Kw, 190CC, Ndezje me buton + litar",Hidraulike,,,,,hidraulike,active
"Gjenerator me nafte me ndezje me litar, motor LA170F, 1.7-2.0 KW",Hidraulike,,,,,hidraulike,active
GDE30001 – Gjenerator me nafte 2.8 Kw (5.7 Hp),Hidraulike,,,,,hidraulike,active
GE90006 – Gjenerator 4 kohesh me benxine / 9.0 Kw / 220 – 240 V Sistem ftohje me ajer ndezje me buton,Hidraulike,,,,,hidraulike,active
GE65006 – Gjenerator 4 kohesh me benxine / 5.0 Kw / Sistem ftohje me ajer ndezje me litar starteri,Hidraulike,,,,,hidraulike,active
"GEI35006 – Gjenerator Inverter Silencioz me benzine 3.2Kw, 140CC, Ndezje me litar starteri",Hidraulike,,,,,hidraulike,active
"LDP100CE – Motopompe me nafte 4”, motor LA186FP , H 25m, prurja 90 m³/hr, thithja 8m",Hidraulike,,,,,hidraulike,active
GE55003 – Gjenerator 4 kohesh me benzine,Hidraulike,,,,,hidraulike,active
GEI30001 –Gjenerator Inverter me benzine,Hidraulike,,,,,hidraulike,active
"LDTP50DC – Motopompe me nafte kermill 2”, motor LT420F, H 55m, prurja 25 m³/hr, thithja 8m",Hidraulike,,,,,hidraulike,active
CBM303 – Pompe Centrifugale 3″ CBM303 / 2.20 Kw 17 m 1000 l/min,Hidraulike,,,,,hidraulike,active
"920000 – Dinamo / Gjenerator per shkundese ulliri me motorr LONCIN 6,5 Hp , 196 cc",Hidraulike,,,,,hidraulike,active
"GEP401 – Motopompe me nafte 4″, 8.3 HP, 1420 l/min, 25 m",Hidraulike,,,,,hidraulike,active
CBM203 – Pompe Centrifugale 3″ CBM203 / 1.50 Kw 16 m 900 l/min,Hidraulike,,,,,hidraulike,active
GE35006ES – Gjenerator 4 kohesh me benxine / 3.5 Kw / 5.5 HP / Sistem ftohje me ajer ndezje me buton,Hidraulike,,,,,hidraulike,active
APM150 – Pompe Thithje APM150 / 1.10 Kw 46 m 20 l/min,Hidraulike,,,,,hidraulike,active
2CM25/160B – Pompe Centrifugale me dy helika 2CM25/160B – 1.5 Kw 58 m 160 l/min,Hidraulike,,,,,hidraulike,active
2CM25/160C – Pompe Centrifugale me dy helika 2CM25/160C – 1.1 Kw 51 m 160 l/min,Hidraulike,,,,,hidraulike,active
"LTF80C – Motopompe presioni me benzine 3”, motor LT420F, H 65m, prurja 40 m³/hr, thithja 8m",Hidraulike,,,,,hidraulike,active
GE35006 – Gjenerator 4 kohesh me benxine / 3.5 Kw / 5.5 HP / Sistem ftohje me ajer ndezje me litar starteri,Hidraulike,,,,,hidraulike,active
"GEI15006 – Gjenerator Inverter Silencioz me benzine 1.1Kw, 56CC, Ndezje me litar starteri",Hidraulike,,,,,hidraulike,active
"750000 – Pompe ushqimore NOVAX 40-M 1.2HP, 110lt/min, H15m, diam 40mm, per cdo lloj lengu (jo-vaj)",Hidraulike,,,,,hidraulike,active
"LDF50C – Motopompe presioni me nafte 2”, motor LA178F, H 55m, prurja 20 m³/hr, thithja 8m",Hidraulike,,,,,hidraulike,active
"LA178F – Motor nafte LA178F, 296 cc, 5.4 HP me kiavete",Hidraulike,,,,,hidraulike,active
"938000 – Pompe ushqimore NOVAX 30-B, 1000W, 1,20HP, 85l/min, H10m, diam 30mm, Per lengje dhe vajra deri ne 95°C",Hidraulike,,,,,hidraulike,active
"4FRM426-K – Pompe Zhytese 2.2 KW, thellesia max 260 m, me 50m kabell dhe kuader elektrik",Hidraulike,,,,,hidraulike,active
"LTTP80DC – Motopompe presioni me benzine IRON 3”, motor LA186F, H 65m, prurja 50 m³/hr, thithja 8m",Hidraulike,,,,,hidraulike,active
"GEP301 – Motopompe me nafte 3″, 5.5 HP, 1000 l/min, 28 m",Hidraulike,,,,,hidraulike,active
GEP201-SP-50 – Motorr per GEP201,Hidraulike,,,,,hidraulike,active
"LA170F – Motor nafte LA170F, 211 cc, 4.2 HP me kiavete",Hidraulike,,,,,hidraulike,active
"LTTP50DC – Motopompe me benzine IRON 2”, motor LT270F, H 55m, prurja 25 m³/hr, thithja 8m",Hidraulike,,,,,hidraulike,active
"LTF50C – Motopompe presioni me benzine 2”, motor LT210P, H 35m, prurja 28 m³/hr, thithja 8m",Hidraulike,,,,,hidraulike,active
PM25 – Pompe Ushqimore PM25 / 0.75 Kw 19 m 55 l/min,Hidraulike,,,,,hidraulike,active
APM100 – Pompe Thithje APM100 / 0.75 Kw 30 m 15 l/min,Hidraulike,,,,,hidraulike,active
CM35 – Pompe Centrifugale CM35 / 1.15 Kw 36 m 125 l/min,Hidraulike,,,,,hidraulike,active
"4FRM419-K – Pompe Zhytese 1.5 KW, thellesia max 197 m, me 50m kabell dhe kuader elektrik",Hidraulike,,,,,hidraulike,active
GEP201 – Motopompe me nafte 3.8 Hp,Hidraulike,,,,,hidraulike,active
RSM5 – Pompe Centrifugale me shume helika RSM5 / 1.1 Kw 60 m 90 l/min,Hidraulike,,,,,hidraulike,active
GE30005 – Gjenerator 4 kohesh me benxine / 2.8 Kw / 220 – 240 V Sistem ftohje me ajer ndezje me litar starterin,Hidraulike,,,,,hidraulike,active
"SPDB22008 – Pompe zhytese per ujra te ndotur 2200 W / 3.0 HP, hedhja 13M / 38M3/Hn",Hidraulike,,3M,,,hidraulike,active
CAM130 – Pompe Presioni CAM130 / 1.0 Kw 47 m 60 l/min,Hidraulike,,,,,hidraulike,active
"939000 – Pompe ushqimore NOVAX 25-B, 660W, 0.90HP, 45lt/min, H10m, diam 25mm, per lengje deri 95°C",Hidraulike,,,,,hidraulike,active
RSM4 – Pompe Centrifugale me shume helika RSM4 / 0.75 Kw 45 m 90 l/min,Hidraulike,,,,,hidraulike,active
TFE1000/S – Pompe Zhytese per ujera te ndotur TFE1000/S – 1.0 Kw 11 m 240 l/min,Hidraulike,,,,,hidraulike,active
"4FRM414-K – Pompe Zhytese 1.1 KW, thellesia max 112 m, me 40m kabell dhe kuader elektrik",Hidraulike,,,,,hidraulike,active
"GWP302 – Motopompe me benzine 3″, 7 HP, 1000 l/min, 32 m",Hidraulike,,,,,hidraulike,active
SVX1100 – Pompe Zhytese Inoxi per ujra te pista SVX1000/ 1.1 Kw 10 m 110 l/min,Hidraulike,,,,,hidraulike,active
"Motopompe me benzine 7HP, 208cc 4 kohe, H25m, prurja 30m³/h – AB50",Hidraulike,,,,,hidraulike,active
SDX1100 – Pompe Zhytese Inoxi per ujra te pasterta SDX1100/ 1.0 Kw 9 m 280 l/min,Hidraulike,,,,,hidraulike,active
PM20 – Pompe Ushqimore PM20 / 0.37 Kw 14 m 25 l/min,Hidraulike,,,,,hidraulike,active
"Pompe Presioni 1500W, Hedhja 60m, Prurja 125 Lt/min – JP150068",Hidraulike,,,,,hidraulike,active
"LT270 – Motor benzine LT270, 270 cc, 9.0 HP me kiavete",Hidraulike,,,,,hidraulike,active
"LTP80C – Motopompe me benzine 3”, motor LT210P, H 25m, prurja 25 m³/hr, thithja 8m",Hidraulike,,,,,hidraulike,active
"965000 – Pompe ushqimore ROVER 30 CE 1HP, 75lt/min, H20m, diam 30mm,    Per cdo lloj lengu (jo-vaj)",Hidraulike,,,,,hidraulike,active
Pompe Zhytese Inoxi per ujra te pista SVX550/ 0.55 Kw 7 m 180 l/min,Hidraulike,,,,,hidraulike,active
CAM100 – Pompe Presioni CAM100 / 1.00 Hp 0.75 Kw,Hidraulike,,,,,hidraulike,active
"Pompë zhytëse e shkurter 1.5 kW për puse, thellesia max 120 m, me 20m kabell dhe kuader elektrik – 4FKM-1.5",Hidraulike,,,,,hidraulike,active
"GWP202 – Motopompe me benzine 2″, 7 HP, 550 l/min, 28 m",Hidraulike,,,,,hidraulike,active
"SPDB15008 – Pompe Zhytese per Ujra te ndotur 1500 W (2.0 Hp), hedhja 14.5m, prurja 20 m3/h",Hidraulike,,,,,hidraulike,active
"LTP50C – Motopompe me benzine 2”, motor LT210F, H 25m, prurja 30 m³/hr, thithja 8m",Hidraulike,,,,,hidraulike,active
"4FKM-1.1 – Pompe Zhytese e shkurter 1.1 KW, thellesia max 89 m, me 20m kabell dhe kuader elektrik",Hidraulike,,,,,hidraulike,active
"Pompe vaditje 3″, 3 HP, 800 l/min, 15 m – MHF22001",Hidraulike,,,,,hidraulike,active
CAM80 – Pompe Presioni Inoxi CAM80 / 0.60 Kw 38 m 50 l/min,Hidraulike,,,,,hidraulike,active
CM32/BR – Pompe Centrifugale CM32 /BR – 0.75 Kw 29 m 125 l/min,Hidraulike,,,,,hidraulike,active
5293472-01 – Motorr HS 123 cm 1.95KW,Hidraulike,,,,,hidraulike,active
"4FRM410-K – Pompe Zhytese 750 W, thellesia max 105 m, me 30m kabell dhe kuader elektrik",Hidraulike,,,,,hidraulike,active
Pompe zhytese inoxi 1000watt 40m 6500 L/H,Hidraulike,,,,,hidraulike,active
FET200 – Pompe Presioni 1.5 KW Watt,Hidraulike,,,,,hidraulike,active
"FET150 – Pompe Presioni 1.1 KW Watt, lartesia hedhjes  55m, prurja 80 Lt",Hidraulike,,,,,hidraulike,active
"GWP152 – Motopompe me benzine 1.5″, 2.5 HP, 167 l/min, 18 m",Hidraulike,,,,,hidraulike,active
"SPDS11008 – Pompe Zhytese per Ujra te ndotur 1100 W (1.5 Hp), hedhja 15 m, prurja 22 m3/h",Hidraulike,,,,,hidraulike,active
GLM141181-SP-B25 – Motorr per GLM141181,Hidraulike,,,,,hidraulike,active
SDX400 – Pompe Zhytese Inoxi per ujra te pasterta SDX400/ 0.4 Kw 7 m 110 l/min,Hidraulike,,,,,hidraulike,active
CAM40 – Pompe Presioni CAM40 / 0.60 Kw 38 m 50 l/min,Hidraulike,,,,,hidraulike,active
CM22 – Pompe Centrifugale CM22 / 0.37 Kw 20 m 100 l/min,Hidraulike,,,,,hidraulike,active
"Motopompe presioni me benzine 2″, 168F, 196 cc, 6.5 HP, 65 m, 42.000 l/ore",Hidraulike,,,,,hidraulike,active
"WP15G – Motopompe me benzine 2-koheshe 41 CC, 1.25 kW, 1.5″. 35 m, 250 l/min",Hidraulike,,,,,hidraulike,active
"4FKM-75 – Pompe Zhytese e shkurter 750 W, thellesia max 55 m, me 20m kabell dhe kuader elektrik",Hidraulike,,,,,hidraulike,active
"Pompe Centrifugale 1500 Watt, lartesia hedhjes 41 m, prurja 120 Lt",Hidraulike,,,,,hidraulike,active
"Motopompe me benzine 1″, 2.5 HP, 100 l/min, 16 m – GWP102",Hidraulike,,,,,hidraulike,active
"540000CE – Pompe ushqimore ROVER 25, 590Wm 0.8HP, 40lt/min, H25m, diam 25mm, per lengje (jo-vaj)",Hidraulike,,,,,hidraulike,active
"MHF15008 – Pompe vaditje 2″, 2 HP, 450 l/min, 18 m",Hidraulike,,,,,hidraulike,active
TSN300/S – Pompe Zhytese per ujra te paster TSN300 /S – 0.3 Kw 6.5 m 90 l/min,Hidraulike,,,,,hidraulike,active
SVC900 – Pompe Zhytese per ujra te ndotur SVC900 / 0.9 Kw 9 m 230 l/min,Hidraulike,,,,,hidraulike,active
"4FRM405-K – Pompe Zhytese 370 W, thellesia max 63 m, me 20m kabell dhe kuader elektrik",Hidraulike,,,,,hidraulike,active
"SPDS7508 – Pompe Zhytese per Ujra te ndotur 750 W, hedhja 13 m, prurja 18 m3/h",Hidraulike,,,,,hidraulike,active
GE8002 – Gjenerator,Hidraulike,,,,,hidraulike,active
LT950DC – Gjenerator portabel me benzine 63CC  720/880 Watt,Hidraulike,,,,,hidraulike,active
"FCP170 – Pompe Centrifugale 750 Wat, hedhja 38 m, prurja 120 l/min",Hidraulike,,,,,hidraulike,active
"WP10I – Motopompe me benzine me 4 Kohe Force Pro 1” , 35CC, 1.1Kw, 30m, 135l/min",Hidraulike,,,,,hidraulike,active
"Motopompe me benzine 2-koheshe 41 CC, 1.25 kW, 1″, 30 m, 135 l/min",Hidraulike,,,,,hidraulike,active
KPM80 – Pompe Uji volumetrike KPM80 /0.60 Kw 59 m 50 l/min,Hidraulike,,,,,hidraulike,active
"WX-WP30 – Motopompe me benzine 3″, 168F, 196 cc, 6.5 HP, 28 m, 60.000 l/ore",Hidraulike,,,,,hidraulike,active
"4FRM408-K – Pompe Zhytese 550 W, thellesia max 84 m",Hidraulike,,,,,hidraulike,active
Pompe Zhytese per ujra te paster SDC550G / 0.55 Kw 8 m 165 l/min,Hidraulike,,,,,hidraulike,active
"NP1130 – Pompe zhytese per ujra te pista Inox 1300W, 25.000lt/h, hedhja 11m",Hidraulike,,,,,hidraulike,active
"WX-WP20 – Motopompe me benzine 2″, 168F, 196 cc, 5.5 HP, 23 m, 36.000 l/ore",Hidraulike,,,,,hidraulike,active
FTQB60 – Pompe thithje automatike me depozite,Hidraulike,,,,,hidraulike,active
GWP102-SP-1 – Motorr per GWP102,Hidraulike,,,,,hidraulike,active
"SWP7501 – Pompe zhytese 3”, 750 W, Hedhja max 103m, Prurja max 33L/min, me 9m kabell",Hidraulike,,3M,,,hidraulike,active
Pompe Zhytese per ujra te paster SDC300 / 0.3 Kw 7 m 100 l/min,Hidraulike,,,,,hidraulike,active
SVC400 – Pompe Zhytese per ujra te ndotur SVC400 / 0.4 Kw 7 m 140 l/min,Hidraulike,,,,,hidraulike,active
"FGDA-75 – Pompe Zhytese 750 W, 4” , thellesia max 100m, me 10m kabell dhe kuader elektrik",Hidraulike,,,,,hidraulike,active
"FCP158 – Pompe Centrifugale 750 Wat, hedhja 30 m, prurja 100 l/min",Hidraulike,,,,,hidraulike,active
SPC7508 – Pompe Zhytese per ujra te paster 750 W Hedhja 32m,Hidraulike,,,,,hidraulike,active
"Pompe zhytese per ujra te pista 1100W Inox, Lt/H : 16,500, H10.5m",Hidraulike,,,,,hidraulike,active
"Pompe zhytese per ujra te paster Inox 550W, Lt/H : 8,500, H7.5m",Hidraulike,,,,,hidraulike,active
JPS075082 – Pompe presioni me koke inoxi 750W / 40M,Hidraulike,,,,,hidraulike,active
"WX-168F – Motorr benzine Honda WX-168F, 196 cc, 6.5 HP, me kiavete",Hidraulike,,Honda,,,hidraulike,active
"FGDA-50 – Pompe Zhytese 550 W, 4” , thellesia max 50m, me 10m kabell dhe kuader elektrik",Hidraulike,,,,,hidraulike,active
"FGJ800 – Pompe presioni Inox 0.8 KW ,46m, prurja 50 Lt",Hidraulike,,,,,hidraulike,active
"FJSW/10M – Pompe Presioni e shkurter 750 Watt, lartesia hedhjes 34m, prurja 70 Lt",Hidraulike,,,,,hidraulike,active
"FET100 – Pompe Presioni 750 Watt, lartesia hedhjes 40m, prurja 50 Lt",Hidraulike,,,,,hidraulike,active
Pompe Centrifugale 550 W / Lartesi 25 M /Prurje 105L/min,Hidraulike,,,,,hidraulike,active
"Pompe Zhytese per Ujra te Paster 550W (0.75 HP), Hedhja 25m, Prurja 117 Lt/min",Hidraulike,,,,,hidraulike,active
"WWPQA03 – Pompe zhytese per ujra te paster 750W/1.0 Hp,  hedhja max 30m, prurja max 110Lt/min",Hidraulike,,,,,hidraulike,active
"SWP3701 – Pompe zhytese 3”, 370 W, Hedhja max 72m, Prurja max 25L/min, me 9m kabell",Hidraulike,,,,,hidraulike,active
SPD10001 – Pompe uji per ujra te piset 1000 W / Lartesi 9 M / Prurje 333L/min,Hidraulike,,,,,hidraulike,active
"WWPJA03 – Pompe uji presione 750W/1.0 Hp, hedhja max 45m, prurja max 50Lt/min",Hidraulike,,,,,hidraulike,active
"FGDA-37 – Pompe Zhytese 370 W, 4” , thellesia max 50m, me 10m kabell dhe kuader elektrik",Hidraulike,,,,,hidraulike,active
"Pompe Volumetrike 750W, hedhja 45 m, prurja 53 l/min",Hidraulike,,,,,hidraulike,active
"FJSW/6M – Pompe Presioni e shkurter 370 Watt, lartesia hedhjes 29m, prurja 55 Lt",Hidraulike,,,,,hidraulike,active
"SPC3708 – Pompe Zhytese per ujra te paster 370 W, hedhja max 17m",Hidraulike,,,,,hidraulike,active
"VPMS37082 – Pompe Volumetrike me koke inoxi 370 Wat, hedhja 35 m, prurja 35 l/min",Hidraulike,,,,,hidraulike,active
"FCP130 – Pompe centrifugale 370 W, hedhja 20m, prurja 72 l/min",Hidraulike,,,,,hidraulike,active
KPM50 Pompe Uji volumetrike -Speroni,Hidraulike,,,,,hidraulike,active
SDC200 – Pompe Zhytese per ujra te paster SDC200 / 0.2 Kw 5 m 60 l/min,Hidraulike,,,,,hidraulike,active
"Pompe zhytese per ujra te pista 900W, Lt/H : 14,000, H8.5m",Hidraulike,,,,,hidraulike,active
"WWPCA03 – Pompe uji centrifugale 750W/1.0 Hp, hedhja max 28m, prurja max 100Lt/min",Hidraulike,,,,,hidraulike,active
"NP1070 – Pompe zhytese per ujra te paster 750W Lt/H : 13000 , H8.5m",Hidraulike,,,,,hidraulike,active
"Pompe zhytese per ujra te pista 550W, Lt/H : 10,000, H7m",Hidraulike,,,,,hidraulike,active
VPZ3708 – Pompe Uji 370 W,Hidraulike,,,,,hidraulike,active
"Pompe Volumetrike 550W, Hedhja 45m, Prurja 45 Lt/min – VPM55068",Hidraulike,,,,,hidraulike,active
"Pompe zhytese per ujra te paster 750W Lt/H : 12,500 . H8m",Hidraulike,,,,,hidraulike,active
"FB70 – Pompe Volumetrike 550 W, hedhja 45 m, prurja 48 l/min",Hidraulike,,,,,hidraulike,active
FGP125 – Pompe Uji Vakumi 370 W me depozite / Lartesi 35 M / Prurje 35 L/mi,Hidraulike,,,,,hidraulike,active
"CPM3708 – Pompe centrifugale 370 W, hedhja 18 m, prurja 80 l/min",Hidraulike,,,,,hidraulike,active
"Pompe zhytese per ujra te paster 400W Lt/H : 7000 , H8m",Hidraulike,,,,,hidraulike,active
7111770 – Rregullator Presioni 150-D,Hidraulike,,,,,hidraulike,active
SPD7508 – Pompe zhytese per ujra te ndotur 750W / 8m,Hidraulike,,,,,hidraulike,active
FGP125T – Pompe Uji Vakumi 370 W / Lartesi 35 M / Prurje 35 L/min,Hidraulike,,,,,hidraulike,active
VPS3708 – Pompe Uji 370 W / Lartesi 32 M / Prurje 35 L/min,Hidraulike,,,,,hidraulike,active
"WWPFW03 – Pompe zhytese per ujra te paster 750W/1.0 Hp,  hedhja max 8m, prurja max 217Lt/min",Hidraulike,,,,,hidraulike,active
"SPC4008 – Pompe Zhytese per ujra te paster 400 W, 117lit/min, 8 m",Hidraulike,,,,,hidraulike,active
"VPM37068 – Pompe Volumetrike 370W, Hedhja 38m, Prurja 36 Lt/min",Hidraulike,,,,,hidraulike,active
"Pompe Volumetrike 370 Wat, hedhja 35 m, prurja 35 l/min",Hidraulike,,,,,hidraulike,active
"WWPFQ01 – Pompe zhytese per ujra te paster 400W/0.5 Hp,  hedhja max 8m, prurja max 134Lt/min",Hidraulike,,,,,hidraulike,active
"Pompe Volumetrike 370 Wat, hedhja 35 m, prurja 35 l/min ( 6 cope )",Hidraulike,,,,,hidraulike,active
"VPM3708 – Pompe Volumetrike 370 Wat, hedhja 35 m, prurja 35 l/min",Hidraulike,,,,,hidraulike,active
"WWPQDC12 – Pompe zhytese per ujra te paster me bateri 12V/170W/0.2 Hp, hedhja max 10m, prurja max 50Lt/min",Hidraulike,,,,,hidraulike,active
"WWPVA01 – Pompe uji volumetrike 370W, hedhja max 30m, prurja max 30Lt/min",Hidraulike,,,,,hidraulike,active
"FNC-1K – Presostat pompe automatik 1.1kw-220V 10 Bar , me kabull",Hidraulike,,,,,hidraulike,active
"FNC-1 – Presostat pompe automatik 1.1kw-220V 10 Bar , pa kabull",Hidraulike,,,,,hidraulike,active
"SP1210 – Pompe cekine me bateri 12V/DC, 80W, 5M, 4000 Lt/ore",Hidraulike,,,,,hidraulike,active
WAPS002 – Presostat pompe automatik 10 bar/ me manometer,Hidraulike,,,,,hidraulike,active
WAPS001 – Presostat pompe automatik 10 bar,Hidraulike,,,,,hidraulike,active
"WPC1A01 – Presostat uji automatik 10Bar, 10A, 1”x1”",Hidraulike,,,,,hidraulike,active
FK-2.2 – Kuader Elektrik per pompe zhytese 2.2 kw,Hidraulike,,,,,hidraulike,active
FK-1.5 – Kuader Elektrik per pompe zhytese 1.5 kw,Hidraulike,,,,,hidraulike,active
FK-1.1 – Kuader Elektrik per pompe zhytese 1.1 kw,Hidraulike,,,,,hidraulike,active
FK-0.75 – Kuader Elektrik per pompe zhytese 0.75 kw,Hidraulike,,,,,hidraulike,active
FFS-5 – Galixhant pompe zhytese me 5m kabell,Hidraulike,,,,,hidraulike,active
CF250 – Kartuç filtri 243×63,Hidraulike,,,,,hidraulike,active
FK-0.55 – Kuader Elektrik per pompe zhytese 0.55 kw,Hidraulike,,,,,hidraulike,active
Presostat Presioni – SPERONI,Hidraulike,,,,,hidraulike,active
FK-0.37 – Kuader Elektrik per pompe zhytese 0.37 kw,Hidraulike,,,,,hidraulike,active
FPS9A – Presostat Presioni 0.05 – 0.15 Bar 220V  IP44,Hidraulike,,,,,hidraulike,active
FFS-2 – Galixhant pompe zhytese me 2m kabell,Hidraulike,,,,,hidraulike,active
71812 – Tub fleksibel F/F 1/2″ 3/8″ 1000MM,Hidraulike,,,,,hidraulike,active
5908443-01 – Kandele HQT-8 per motokosa CMR5H,Hidraulike,,,,,hidraulike,active
5908440-01 – Kandele HQT-5 per motora me 2 kohe,Hidraulike,,,,,hidraulike,active
5907102-01 – Kandele HQT-4  per motokosa bari  motorra 2 kohesh.,Hidraulike,,,,,hidraulike,active
5908438-01 – Kandele HQT-3 per motorra 2 kohesh CMR6H,Hidraulike,,,,,hidraulike,active
"5908445-01 – Kandele HQT-10  per mototrra 2 kohesh  motokosa, krasitese lsh  motokosa, krasitese ligustrash, etc.",Hidraulike,,,,,hidraulike,active
77-306-1 – Kandele tip O-PR17 me qafe te shkurter (motosharre),Hidraulike,,,,,hidraulike,active
77-321-1 – Kandele tip O-N17C me qafe te gjate,Hidraulike,,,,,hidraulike,active
77-305-1 – Kandele tip O-JR19,Hidraulike,,,,,hidraulike,active
77-355-1 – Kandele tip CMR6H per motokosa Dhe motosharra,Hidraulike,,,,,hidraulike,active
77-324-1 – Kandele tip Champion RCJ7Y,Hidraulike,,,,,hidraulike,active
77-307-1 – Kandele tip Champion RCJ6Y,Hidraulike,,,,,hidraulike,active
77-315-1 – Kandele per gjeneratore,Hidraulike,,,,,hidraulike,active
71832 – Tub fleksibel F/M 1/2″ 3/8″ 1000MM,Hidraulike,,,,,hidraulike,active
71811 – Tub fleksibel F/F 1/2″ 3/8″ 800MM,Hidraulike,,,,,hidraulike,active
71830 – Tub fleksibel F/M 1/2″ 3/8″ 600MM,Hidraulike,,,,,hidraulike,active
71810 – Tub fleksibel F/F 1/2″ 3/8″ 600MM,Hidraulike,,,,,hidraulike,active
71829 – Tub fleksibel F/M 1/2″ 3/8″ 500MM,Hidraulike,,,,,hidraulike,active
71809 – Tub fleksibel F/F 1/2″ 3/8″ 500MM,Hidraulike,,,,,hidraulike,active
5908444-01 – Kandele HQT-8 per motorra B&S-Kawasaki RJ19LM RC12YC,Hidraulike,,,,,hidraulike,active
"5908442-01 – Kandele HQT-7 per motorra 4 Kohesht HONDA OHV, Kawasaki.",Hidraulike,,Honda,,,hidraulike,active
5908441-01 – Kandele HQT-6 per motorra korrese bari B&S-Kawasaki RJ19LM,Hidraulike,,,,,hidraulike,active
71828 – Tub fleksibel F/M 1/2″ 3/8″ 400MM,Hidraulike,,,,,hidraulike,active
71808 – Tub fleksibel F/F 1/2″ 3/8″ 400MM,Hidraulike,,,,,hidraulike,active
71827 – Tub fleksibel F/M 1/2″ 3/8″ 300MM,Hidraulike,,,,,hidraulike,active
71807 – Tub fleksibel F/F 1/2″ 3/8″ 300MM,Hidraulike,,,,,hidraulike,active
5774840-01 – Kandele motosharre (O-PR17),Hidraulike,,,,,hidraulike,active
"5907101-01 – Kandele HQT-2 per motorrsharrra, mund te perdoret per makineri te tjra  Shtil, Oleo-Mak, Alko.",Hidraulike,,,,,hidraulike,active
125FCM-1.1 – Kabull Petashuk per pompa zhytese 4 x 2.5mm / Top 400ml,Hidraulike,,,,,hidraulike,active
577616603 – Kandele RDJ8J me qafe te shkurter per motora 2-kohe H16mm,Hidraulike,,,,,hidraulike,active
577616604 – Kandele  RDJ7Y me qafe te shkurter per motora 2-kohe H16mm,Hidraulike,,,,,hidraulike,active
577616606 – Kandele RC12YC me qafe te gjate per korrese bari 16mm,Hidraulike,,,,,hidraulike,active
577616605 – Kandele RN9YC me qafe te gjate per motora me 4-kohe H21mm,Hidraulike,,,,,hidraulike,active
577616601 – Kandele RJ19LM per korrese bari H21mm,Hidraulike,,,,,hidraulike,active
577616602 – Kandele RCJ7Y me qafe te shkurter per motora 2-kohe H19mm,Hidraulike,,,,,hidraulike,active
125FCM-75 – Kabull Petashuk per pompa zhytese 4 x 2mm / Top 400ml,Hidraulike,,,,,hidraulike,active
577616610 – Kandele per motora 2T/4T H19mm,Hidraulike,,,,,hidraulike,active
577616612 – Kandele me qafe te gjate per motora 4-kohe,Hidraulike,,,,,hidraulike,active
125FCM-55 – Kabull Petashuk per pompa zhytese 4 x 1.5mm / Top 700ml,Hidraulike,,,,,hidraulike,active
"Saldatrice MIG-MAG/MMA/TIG DC, Mastermig 405i, trefazore,me aksesore",Ndertim,,,,,ndertim,active
"Saldatrice TIG, Technology 202 AD/DC, 180A per alumin, me aksesore",Ndertim,,,,,ndertim,active
"Saldatrice TIG, Technology 230 DC, 220A, me aksesore",Ndertim,,,,,ndertim,active
"Saldatrice inverter MMA Linear 350i, 270A trefazore, profesionale",Ndertim,,,,,ndertim,active
"Saldatrice Plasma Technology 60A, prerje 20mm/Max, me aksesore",Ndertim,,,,,ndertim,active
GDW65001 – Motosaldatrice gjenerator me nafte 4.2kW/180A me,Ndertim,,,,,ndertim,active
"GSF16-1 – Prerese Asfalti me benzine motorr HONDA GX390, 9.6 Kw",Ndertim,Zhavorr & Rërë,Honda,,,ndertim,active
GCP125-1 – Ngjeshes me benzine para-mbrapa me motor:Honda GX160Fuqia:4.0Kw(5.5HP),Ndertim,,Honda,,,ndertim,active
"GSF16-2E – Prerese asfalti me benzine 9.6 Kw, 13 Hp, thellesia max e prerjes 14 cm (pa perfshire diskun)",Ndertim,Zhavorr & Rërë,,,,ndertim,active
GRT75-1 – Tokmak me benzine Honda GX160Fuqia:4.0Kw(5.5HP),Ndertim,,Honda,,,ndertim,active
"Saldatrice MIG/MAG Maxima 230 Synergic, me aksesore",Ndertim,,,,,ndertim,active
"Saldatrice Plasma Infinity 40A, prerje 15mm/Max, me aksesore",Ndertim,,,,,ndertim,active
"Prerese asfalti/betoni/celiku me benzine 5.4HP, disk 400×25.4mm (pa disk)",Ndertim,Zhavorr & Rërë,,,,ndertim,active
GPT361-1 – Nivelues betoni me benxine Honda GX160 / 4 Kw / 5.5 Hp / Diameter 91 cm / 4 thika 35×15 cm,Ndertim,,Honda,,,ndertim,active
"Saldatrice MIG/MAG Maxima 200 Synergic, me aksesore",Ndertim,,,,,ndertim,active
GRT75-2 – Tokmak me benzine 4.8 Kw 6.5,Ndertim,,,,,ndertim,active
GPT361-2 – Helikopter betoni 4.8 Kw (6.5 hp),Ndertim,,,,,ndertim,active
WGTMWA25 – Saldatrice inverter MAG/MIG/MMA/TIG/LIFT 250A me ekran LED,Ndertim,,,,,ndertim,active
"ING-ACDCTIG2001 – Saldatrice Inverter ACDC TIG/ MMA 200A, per elektrode 1.6-4.0mm + Aksesore",Ndertim,,,,,ndertim,active
ING-MMA5008 – Saldatrice Inverter trefazore MMA me teknologji IGBT 500 A elektrode 3.2-5.0 mm,Ndertim,,,,,ndertim,active
GCP100-2 – Ngjeshes me benzine me motor Honda,Ndertim,,Honda,,,ndertim,active
"CAV000037 – Kabell saldimi PVC, 70 MM², 25m",Ndertim,,,,,ndertim,active
"Vinc elektrik 1600 W, 1000 kg, 18 m",Ndertim,,,,,ndertim,active
"CAV000021 – Kabell saldimi PVC, 35 MM², 50m",Ndertim,,,,,ndertim,active
GVR-1 – Vibratore betoni me benzine me motor:Honda GX160Fuqia :4.0Kw(5.5HP),Ndertim,,Honda,,,ndertim,active
Torce plasma 6M 60A,Ndertim,,,,,ndertim,active
HHPT01301 – Transpalete me piston gize 3000 kg,Ndertim,,,,,ndertim,active
WNH1R30 – Transpalete 3000Kg me goma Poliuretani,Ndertim,,,,,ndertim,active
Torce saldimi TIG 350A DX50,Ndertim,,,,,ndertim,active
Torce plasma 4M 40A,Ndertim,,,,,ndertim,active
Saldatrice inverter MMA 200 INFINITY/ 200A me aksesore,Ndertim,,,,,ndertim,active
"ING-MMA40010 – Saldatrice Inverter 3 Fazore MMA 400A, per elektrode 2.5-5.0mm",Ndertim,,,,,ndertim,active
"EH10001 – Vinc elektrik 1600 Watt, 1000 kg",Ndertim,,,,,ndertim,active
Transpalete 2500Kg me goma Poliuretani,Ndertim,,,,,ndertim,active
"CAV000027 – Kabell saldimi PVC, 50 MM², 25m",Ndertim,,,,,ndertim,active
Torce saldimi TIG 250A DX50,Ndertim,,,,,ndertim,active
ING-MGT1601 – Saldatrice per MMA/MIG/MAG,Ndertim,,,,,ndertim,active
"Saldatrice inverter MMA Tecnica 188MPGE, 150A per gjenerator, me aksesore",Ndertim,,,,,ndertim,active
"CAV000014 – Kabell saldimi PVC, 25 MM², 50m",Ndertim,,,,,ndertim,active
CM30-1E – Betoniere elektrike 800W,Ndertim,,,,,ndertim,active
"Torce saldimi MIG MT36, 5m, 500A",Ndertim,,,,,ndertim,active
Saldatrice inverter MMA 170 INFINITY/ 140A me aksesore – 816124,Ndertim,,,,,ndertim,active
ING-TIG1601 – Saldatrice inverter TIG MMA 160/140 A,Ndertim,,,,,ndertim,active
Torce saldimi TIG 200A DX25,Ndertim,,,,,ndertim,active
"Torce saldimi MIG MT36, 4m, 500A",Ndertim,,,,,ndertim,active
"CAV000020 – Kabell saldimi PVC, 35 MM², 25m",Ndertim,,,,,ndertim,active
ING-CUT401 – Saldatrice prerese plazma inverter,Ndertim,Zhavorr & Rërë,,,,ndertim,active
"Torce saldimi MIG MT36, 3m, 500A",Ndertim,,3M,,,ndertim,active
"ING-MMA25079 – Saldatrice inverter MMA /TIG 250A, per elektrode 1.6-5.0mm",Ndertim,,,,,ndertim,active
GVR-2 – Vibratore betoni me benzine Fuqia 4.0Kw (5.5HP),Ndertim,,,,,ndertim,active
"CAV000010 – Kabell saldimi PVC, 16 MM², 50m",Ndertim,,,,,ndertim,active
22.551.50 – Vinc elektrik TC-EH 250-RED 1050 W – 600 Kg – 16. m,Ndertim,,,,,ndertim,active
ING-MMA2508 – Saldatrice Inverter MMA me teknologji IGBT 250 A elektrode 1.6-5.0 mm,Ndertim,,,,,ndertim,active
"Torce saldimi MIG MT25, 5m, 350A",Ndertim,,,,,ndertim,active
"CAV000013 – Kabell saldimi PVC, 25 MM², 25m",Ndertim,,,,,ndertim,active
22.551.40 – Vinc elektrik TC-EH 500-RED 1000 W – 500 Kg – 11.5 m,Ndertim,,,,,ndertim,active
"Vinc elektrik 1050 W, 600 kg, 18 m",Ndertim,,,,,ndertim,active
ING-MMA2506 – Saldatrice Inverter MMA me teknologji IGBT 250 A elektrode 1.6-5.0 mm,Ndertim,,,,,ndertim,active
Vinc elektrik 400Kg  950W,Ndertim,,,,,ndertim,active
"Kit saldimi MMA 300A,25mm / 4+3M AX50",Ndertim,,3M,,,ndertim,active
"Torce saldimi MIG MT25, 4m, 350A",Ndertim,,,,,ndertim,active
EH5001 – Vinc elektrik 900 W / 250 – 500 Kg,Ndertim,,,,,ndertim,active
VBP1601 – Tub vibrimi per beton 580×60 mm,Ndertim,,,,,ndertim,active
"Vinc elektrik TC-EH 250-RED 500 W – 250 Kg, 11.5 m – 22.551.30",Ndertim,,,,,ndertim,active
"Torce saldimi MIG MT25, 3m, 220A",Ndertim,,3M,,,ndertim,active
Reduktor gazi argoni dhe CO2 32l/min,Ndertim,,,,,ndertim,active
ING-MMA200691 – Saldatrice Inverter MMA 200A Lift Tig VRD,Ndertim,,,,,ndertim,active
Vinc elektrik 200kg 480W,Ndertim,,,,,ndertim,active
"CAV000009 – Kabell saldimi PVC, 16 MM², 25m",Ndertim,,,,,ndertim,active
"BIW2010 – Saldatrice inverter 200A/60%, ekran dixhital, permban maske dhe aksesore",Ndertim,,,,,ndertim,active
ING-MMA20069 – Saldatrice Inverter MMA 200A,Ndertim,,,,,ndertim,active
"Saldatrice MIG/MAG pa gaz , 130A, 450gr/1000gr (0,8-0,9mm) – BIW1135",Ndertim,,,,,ndertim,active
VBP1451 – Tub Vibrimi per beton 45 mm,Ndertim,,,,,ndertim,active
"Saldatrice MIG/MMA 120A, 60%",Ndertim,,,,,ndertim,active
Saldatrice me Tel Argoni pa Gas 130A + Maske Saldimi me Fotoelemente 90×35mm (AHM009),Ndertim,,,,,ndertim,active
VBP1381 – Tub Vibrimi per beton 38 mm,Ndertim,,,,,ndertim,active
"Torce saldimi MIG MT15, 4m, 220A",Ndertim,,,,,ndertim,active
COS23095 – Set Saldatrice MMA 160A + 7aksesore saldimi,Ndertim,,,,,ndertim,active
"Kit saldimi MMA 250A,25mm / 3+2M AX25",Ndertim,,,,,ndertim,active
"BIW1570 – Saldatrice inverter 170A/45%, ekran dixhital, permban maske dhe aksesore",Ndertim,,,,,ndertim,active
"Torce saldimi MIG MT15, 3m Kuqe, 220A",Ndertim,,3M,,,ndertim,active
"Saldatrice inverter Heo 250A MMA, 1.6-5.0mm, 50hz,panel dixhital, kontroll termostatik",Ndertim,,,,,ndertim,active
"Saldatrice inverter pa gas MIG/MMA 140A,Tel 0.8-1mm, 1kg / Elektrode 1.6-2.5mm, panel dixhital",Ndertim,,,,,ndertim,active
WWD32001 – Saldatrice inverter MMA200 A me ekran LED,Ndertim,,,,,ndertim,active
"ING-MMA18058 – Saldatrice Inverter Mini MMA 180A, per elektrode 1.6-4.0 mm",Ndertim,,,,,ndertim,active
1219KIT – Torce saldimi profesionale bashke me aksesore,Ndertim,,,,,ndertim,active
1431F – Kit kanelle me gaz me bombul 15 kg,Ndertim,,,,,ndertim,active
Karrele me zgjatues per pesha deri ne 250 kg,Ndertim,,,,,ndertim,active
YT-73926 – Kokore saldimi me fotoelemente automatike Xham 110x90mm,Ndertim,,,,,ndertim,active
L075010995 – Kit me 4 lingota kallji 99.9% kallaj (1Kg),Ndertim,,,,,ndertim,active
"Saldatrice inverter Heo 200A MMA, 1.6-5.0mm, 50hz,panel dixhital, kontroll termostatik",Ndertim,,,,,ndertim,active
203051 – Reduktor bombula acetileni,Ndertim,,,,,ndertim,active
"Saldatrice Inverter Mini MMA 160A, per elektrode 1.6-3.2mm + Aksesore",Ndertim,,,,,ndertim,active
Reduktor gazi argoni dhe CO2 12l/min,Ndertim,,,,,ndertim,active
"BIW1545 – Saldatrice inverter 140A/45%, ekran dixhital, permban maske dhe aksesore",Ndertim,,,,,ndertim,active
Krah vinci 1 Ton,Ndertim,,,,,ndertim,active
"Saldatrice inverter Heo 180A MMA, 1.6-5.0mm, 50hz,panel dixhital, kontroll termostatik",Ndertim,,,,,ndertim,active
Torce saldimi kit me 5m tub – 221960LT5F,Ndertim,,,,,ndertim,active
WWB1330 – Karrele me bazament me kapacitet 300 kg,Ndertim,,,,,ndertim,active
"QB0016 – Zorre e zeze per torca saldimi 5X8, 100 m",Ndertim,,,,,ndertim,active
121960LT5F – Torce saldimi kit me 5m tub,Ndertim,,,,,ndertim,active
201010 – Doreze alumini per torce saldimi me oksigjen,Ndertim,,,,,ndertim,active
"Maske saldimi automatike Stream Flame me 2 sensore 4-13DIN, 95x115mm, MMA/MIG-MAG/TIG",Ndertim,,,,,ndertim,active
Difuzor Plazma 41,Ndertim,,,,,ndertim,active
"HGV0303 – Xhakete Lekure Saldatori portokalli, Masa L",Ndertim,,,,,ndertim,active
WWB9A15 – Karrele e palosshme me kapacitet 150 Kg dhe platforme 710x420x950mm,Ndertim,,,,,ndertim,active
121960LP – Torce bitumi 100 cm me centil,Ndertim,Çati & Tjegulla,,,,ndertim,active
Difuzor Plazma 90,Ndertim,,,,,ndertim,active
"ING-MMA13049 – Saldatrice Inverter Mini MMA 130A, per elektrode 1.6-3.2mm + Aksesore",Ndertim,,,,,ndertim,active
"WWB8F03 – Karroce dore e galvanizuar 90Lt, doreze me 2 komponente",Ndertim,,,,,ndertim,active
WWD11601 – Saldatrice inverter MMA160 A me ekran LED,Ndertim,,,,,ndertim,active
22.553.98 – Krah Vinci SA1100 / 830x90x100,Ndertim,,,,,ndertim,active
"Saldatrice inverter Heo 160A MMA, 1.6-3.2mm, 50Hz, panel dixhital, kontroll termostatik",Ndertim,,,,,ndertim,active
"WWB8F01 – Karroce dore e galvanizuar 90Lt, doreze me 2 komponente",Ndertim,,,,,ndertim,active
Karrele e palosshme me kapacitet 130 Kg dhe platforme 560x506x1110mm,Ndertim,,,,,ndertim,active
Krah vinci 75 cm / 600 kg,Ndertim,,,,,ndertim,active
TR0022-40 – Elektrode Tungsteni 4.0×1.75 mm,Ndertim,,,,,ndertim,active
1217S – Torce saldimi kit e vogel bashke me 5m tub,Ndertim,,,,,ndertim,active
Kit saldim Torce + bombul + 1.5 m Tub,Ndertim,,,,,ndertim,active
AHM006 – Maske Saldimi me fotoelemente e verdhe,Ndertim,,,,,ndertim,active
"Saldatrice inverter Heo 140A MMA, 1.6-2.5mm, 50Hz, panel dixhital, kontroll termostatik",Ndertim,,,,,ndertim,active
BWR3001 – Karroce magazine me platforme 42x72x70cm/150KG,Ndertim,,,,,ndertim,active
Karrele alumini e palosshme per pesha deri ne 90 kg,Ndertim,,,,,ndertim,active
"Tel argoni inoxi MIG-MAG, 0.8MM/0.5Kg",Ndertim,,,,,ndertim,active
Qafe torce MT356/ 500A,Ndertim,,,,,ndertim,active
1600 – Havi kallaji profesionale me rregullim fuqie stacioner 0 – 48 W,Ndertim,,,,,ndertim,active
"Maske saldimi automatike Lion, 11DIN, MMA/MIG-MAG/TIG",Ndertim,,,,,ndertim,active
"Tel argoni alumini MIG-MAG, 0.8MM/0.45Kg",Ndertim,,,,,ndertim,active
"MG0110 – Qafe torce saldimi Ergoline 500, 500 A",Ndertim,,,,,ndertim,active
1062E – Torce profesionale saldimi me bombula Kemap 2400° C,Ndertim,,,,,ndertim,active
820AKIT – Kit saldimi 360 bashke me bombul me ndezes,Ndertim,,,,,ndertim,active
TL-0.8 – Tel Argoni 0.8 mm 15 kg,Ndertim,,,,,ndertim,active
TL-1.0 – Tel Argoni 1.0 mm 15 kg,Ndertim,,,,,ndertim,active
"Tel argoni alumini MIG-MAG, 1.0MM/0.45Kg",Ndertim,,,,,ndertim,active
"Maske saldimi me hapje, 11DIN, MMA/MIG-MAG/TIG",Ndertim,,,,,ndertim,active
WWB3F02 – Karroce dore e galvanizuar 65Lt,Ndertim,,,,,ndertim,active
WWB1315 – Karrele me bazament me kapacitet 150 kg,Ndertim,,,,,ndertim,active
"1040A – Torce saldimi me bombul butani & centil, 360°",Ndertim,,,,,ndertim,active
1217TKITSLM – Torce saldimi e vogel bashke me 5 aksesore,Ndertim,,,,,ndertim,active
TL-1.2 – Tel Argoni 1.2 mm 15 kg,Ndertim,,,,,ndertim,active
Torce saldimi me oksigjen 45 cm / 60 mm – 221960M,Ndertim,,,,,ndertim,active
"GM0612 – Gujane Tefloni per saldim alumini Ø1.0-1.2, 5m",Ndertim,,,,,ndertim,active
6026 – Torce saldimi profesionale me 2 kalime,Ndertim,,,,,ndertim,active
121960M – Torce saldimi me oksigjen 45 cm / 60 mm,Ndertim,,,,,ndertim,active
1047SET – Torce saldimi set bashke me bombla,Ndertim,,,,,ndertim,active
WWH3503 – Maskë Saldimi Auto-Darkening me Fotoelemente,Ndertim,,,,,ndertim,active
SI016923 – Havi Kallaji stacionare 60 Watt,Ndertim,,,,,ndertim,active
121960L – Torce saldimi 60 cm,Ndertim,,,,,ndertim,active
521 – Reduktor oksigjeni me valvul sigurie te integruar,Ndertim,,,,,ndertim,active
507E – Reduktor gazi me valvul sigurie te integruar,Ndertim,,,,,ndertim,active
AHM008 – Maske Saldimi me fotoelement,Ndertim,,,,,ndertim,active
Torce saldimi me oksigjen 35 cm / 45 mm – 221945M,Ndertim,,,,,ndertim,active
121945M – Torce saldimi me oksigjen 35 cm / 45 mm,Ndertim,,,,,ndertim,active
L070BS5AC2 – Tel kallaji 250 gr,Ndertim,,,,,ndertim,active
Torce saldimi ndalim gazi automatik bashke me 4 bombula,Ndertim,,,,,ndertim,active
Guajne teli celiku Ø1.0-1.2 5M Kuqe,Ndertim,,,,,ndertim,active
SI016911 – Havi Kallaji stacionare 60 Watt Super Select,Ndertim,,,,,ndertim,active
770 – Torce saldimi me trup metalik me bombula butani & centil,Ndertim,,,,,ndertim,active
121960C – Torce saldimi me oksigjen 25 cm / 60 mm,Ndertim,,,,,ndertim,active
Kit pirografie profesional,Ndertim,,,,,ndertim,active
L0740SN503 – Kit me 2 lingota kallji 50% kallaj (500 gr),Ndertim,,,,,ndertim,active
Karroce e galvanizuar 65 lt,Ndertim,,,,,ndertim,active
121930C – Torce saldimi me oksigjen 25 cm / 30 mm,Ndertim,,,,,ndertim,active
Qafe torce MT25 / 350A,Ndertim,,,,,ndertim,active
Karrele e palosshme me kapacitet 60 Kg dhe platforme 365x380x960mm,Ndertim,,,,,ndertim,active
"F11409 – Pince saldimi profesionale 400 A, doreze kundra rreshkitjes",Ndertim,,,,,ndertim,active
Pince saldimi Dallas MMA 600A,Ndertim,,,,,ndertim,active
"GM0760 – Gujane Tefloni per saldim alumini Ø1.2-1.6, 3m",Ndertim,,3M,,,ndertim,active
1047 – Kit saldimi me bombul,Ndertim,,,,,ndertim,active
Guajne teli celiku Ø0.6-0.8 5M Blu,Ndertim,,,,,ndertim,active
WWH3502 – Maske Saldimi me Fotoelemente,Ndertim,,,,,ndertim,active
KE3045 – Havi kallaji 30W,Ndertim,,,,,ndertim,active
"F11408 – Pince saldimi profesionale 300 A, doreze kundra rreshkitjes",Ndertim,,,,,ndertim,active
"GM0610 – Gujane Tefloni per saldim alumini Ø1.0-1.2, 3m",Ndertim,,3M,,,ndertim,active
170100 – Havi kallaj 100 W bashke me 2 maja,Ndertim,,,,,ndertim,active
Pince mase Toledo 600A,Ndertim,,,,,ndertim,active
"Menge lekure per saldim, qepje me Kevlar",Ndertim,,,,,ndertim,active
Torce saldimi me bombula butani,Ndertim,,,,,ndertim,active
Qafe torce MT15 / 220A,Ndertim,,,,,ndertim,active
WWL8303 – GOME ME KOMERDARE PER KARROCE DORE 16’’X4.0,Ndertim,,,,,ndertim,active
73400 – Torce me bombula butani,Ndertim,,,,,ndertim,active
1044KIT – Torce saldimi kit,Ndertim,,,,,ndertim,active
1047SC – Torce profesionale saldimi me bombula supergas,Ndertim,,,,,ndertim,active
Helmete saldimi elektronike me fotoelemente DIN11,Ndertim,,,,,ndertim,active
Torce map gas bronz per saldim me centil (30 cope),Ndertim,,,,,ndertim,active
"F11407 – Pince saldimi profesionale 250 A, doreze kundra rreshkitjes",Ndertim,,,,,ndertim,active
HBTCP6008L – Kabell starteri 600 AMP,Ndertim,,,,,ndertim,active
HGVA03 – Perparese saldatori lekure portokalli 90*60 cm,Ndertim,,,,,ndertim,active
AHM009 – Maske Saldimi me fotoelemente e zeze,Ndertim,,,,,ndertim,active
Kabell starteri 600 Amper,Ndertim,,,,,ndertim,active
Mbajtese maje teli M8 / MT40,Ndertim,,,,,ndertim,active
Bek konik I madh MT36,Ndertim,,,,,ndertim,active
WWH2501 – Maske Saldimi me Fotoelemente,Ndertim,,,,,ndertim,active
Perparese Lekure Saldatori gri 90x60cm,Ndertim,,,,,ndertim,active
TL-1.0/5 – Tel Argoni 1.0 mm 5 Kg,Ndertim,,,,,ndertim,active
TL-0.8/5 – Tel Argoni 0.8 mm 5 kg,Ndertim,,,,,ndertim,active
5993 – Shufra saldimi argjendi me oksigjen,Ndertim,,,,,ndertim,active
"F11406 – Pince saldimi profesionale 200 A, doreze kundra rreshkitjes",Ndertim,,,,,ndertim,active
6027 – Torce saldimi profesionale me 1 kalim,Ndertim,,,,,ndertim,active
170090 – Havi kallaj 80 W bashke me 2 maja,Ndertim,,,,,ndertim,active
R23250 – Rrote gome e levizeshme me frenim 250 mm / 4 cp,Ndertim,,,,,ndertim,active
L070BS5AC1 – Tel kallaji 50% kallaji 1.5 mm 100 gr,Ndertim,,,,,ndertim,active
170080 – Havi kallaj 60 W bashke me 2 maja,Ndertim,,,,,ndertim,active
Qafe torce TW160-180/ 170A me difuzor,Ndertim,,,,,ndertim,active
74422  Mase saldimi Ingco,Ndertim,,,,,ndertim,active
ES-4.0 – Elektroda Super B 4.0 mm 4.5 kg,Ndertim,,,,,ndertim,active
ES-3.2 – Elektroda Super B 3.2 mm 4.5 kg,Ndertim,,,,,ndertim,active
R21250 – Rrote gome e levizeshme 250 mm / 6 cp,Ndertim,,,,,ndertim,active
"Tel argoni celiku MIG-MAG, 0.8MM/0.8Kg",Ndertim,,,,,ndertim,active
Pince mase Toledo 400A,Ndertim,,,,,ndertim,active
Bek qeramik per torca TIG Nr.6 e gjate SR17-26,Ndertim,,,,,ndertim,active
Bek qeramik per torca TIG Nr.5 e gjate SR17-26,Ndertim,,,,,ndertim,active
Bek qeramik per torca TIG Nr.4 e gjate SR17-26,Ndertim,,,,,ndertim,active
76800 – Tel kallaji 0.5mm 100Gr,Ndertim,,,,,ndertim,active
"CX0524 – Spine saldimi TEXAS-TSK 95, 95 mm,  Ø 24 (e gatshme)",Ndertim,,,,,ndertim,active
MRS000060 – Mase saldimi 500 A,Ndertim,,,,,ndertim,active
ES-2.5 – Elektroda Super B 2.5 mm 3 kg,Ndertim,,,,,ndertim,active
AHM112 – Syze saldimi,Ndertim,,,,,ndertim,active
HGVW04 – Doreza lekure saldimi 16’’ 350,Ndertim,,,,,ndertim,active
170060 – Havi kallaj 40 W bashke me 2 maja,Ndertim,,,,,ndertim,active
AHM111 – Syze saldimi me fotoelemente,Ndertim,,,,,ndertim,active
WWL8301 – GOME ME KOMERDARE PER KARROCE DORE 16’’X4.0,Ndertim,,,,,ndertim,active
"MF0332 – Qafe torce saldimi Ergoplus 15, 200 A",Ndertim,,,,,ndertim,active
EF-4.0 – Elektroda Fino-M e bute 4.0 mm 4 kg,Ndertim,,,,,ndertim,active
EF-3.2 – Elektroda Fino-M e bute 3.2 mm 4 kg,Ndertim,,,,,ndertim,active
EF-2.5 – Elektroda Fino-M e bute 2.5 mm 4 kg,Ndertim,,,,,ndertim,active
R23200 – Rrote gome e levizeshme me frenim 200 mm / 6 cp,Ndertim,,,,,ndertim,active
10500 – Mikrosaldues me rimbushje,Ndertim,,,,,ndertim,active
170011 – Mbajtese per havi kallaji elektrike bashke me lupe,Ndertim,,,,,ndertim,active
10503 – Kit zevendesues per mikrosaldues 10500,Ndertim,,,,,ndertim,active
10521 – Aksesore mikrosaldimi per torcen 10500,Ndertim,,,,,ndertim,active
170100P – Maja per havi kallaj 100 W / 8mm,Ndertim,,,,,ndertim,active
12501 – Kit aksesoresh pastrimi per torçë saldimi,Ndertim,,,,,ndertim,active
74421 – Mase saldimi ZKB-70,Ndertim,,,,,ndertim,active
YT-08625 – Mbajtese magnetike per saldim e rrumbullaket 7kg 500A,Ndertim,,,,,ndertim,active
74420 – Mase saldimi ZKB-35,Ndertim,,,,,ndertim,active
R22250 – Rrote gome statike 250 mm / 6 cp,Ndertim,,,,,ndertim,active
SI00108 – Havi Kallaji 100 Watt,Ndertim,,,,,ndertim,active
HGVG01 – Doreza lekure saldimi 16’’,Ndertim,,,,,ndertim,active
R23180 – Rrote gome e levizeshme me frenim 180 mm / 6 cp,Ndertim,,,,,ndertim,active
5990 – Shufra saldimi hekuri me oksigjen,Ndertim,Hekur Betoni,,,,ndertim,active
5994 – Shufra saldimi bakri me oksigjen,Ndertim,,,,,ndertim,active
L090PASNE2 – Paste kallaji 250 gr,Ndertim,,,,,ndertim,active
CSILI2001 – Havi kallaj 20 V (vetem trup),Ndertim,,,,,ndertim,active
R23160 – Rrote gome e levizeshme me frenim 160 mm / 10 cp,Ndertim,,,,,ndertim,active
R21200 – Rrote gome e levizeshme 200 mm / 8 cp,Ndertim,,,,,ndertim,active
HBTCP2001 – Kabell starteri 200 AMP,Ndertim,,,,,ndertim,active
"CAV000021/1 – Kabell saldimi PVC, 35 MM², 1 m",Ndertim,,,,,ndertim,active
"GM0542 – Guajne celiku per torce saldimi Ø 1.2-1.6, 5 m",Ndertim,,,,,ndertim,active
"GM0512 – Guajne celiku per torce saldimi Ø 1.0-1.2, 5 m",Ndertim,,,,,ndertim,active
59902 – Shufra saldimi bronzi me oksigjen,Ndertim,,,,,ndertim,active
Pince saldimi Dallas MMA 400A,Ndertim,,,,,ndertim,active
WWA1501 – Syze Saldimi me Fotoelemente,Ndertim,,,,,ndertim,active
Tel per Saldim pa Gas 1 kg / 0.8mm,Ndertim,,,,,ndertim,active
HGVW03 – Doreza Saldimi Blu 14″ me qepje me kevlar,Ndertim,,,,,ndertim,active
MC0027 – Bek konik per torca saldimi Ø 16 / 84 mm,Ndertim,,,,,ndertim,active
R22200 – Rrote gome statike 200 mm / 8 cp,Ndertim,,,,,ndertim,active
R21180 – Rrote gome e levizeshme 180 mm / 8 cp,Ndertim,,,,,ndertim,active
5992 – Shufra saldimi tunxhi me oksigjen,Ndertim,,,,,ndertim,active
1048D – Mikro torce me rimbushje,Ndertim,,,,,ndertim,active
170090P – Maja per havi kallaj 80 W / 7mm,Ndertim,,,,,ndertim,active
AMWH6001 – Set me 6 kendore magnetike,Ndertim,,,,,ndertim,active
WAH10008 – Mbajtese Elektrode 1000 A,Ndertim,,,,,ndertim,active
FB20 – Bombul gazi Mapp gas 400gr,Ndertim,,,,,ndertim,active
"Spinote saldimi M, Atlas DX50MM",Ndertim,,,,,ndertim,active
Bek qeramik per torca TIG Nr.5 e shkurter ST9,Ndertim,,,,,ndertim,active
Bek qeramik per torca TIG Nr.4 e shkurter ST9,Ndertim,,,,,ndertim,active
Torce Gazi me çentil,Ndertim,,,,,ndertim,active
CX0059 – Prize saldimi TEXAS-TBE 70-95 mmm Ø 24,Ndertim,,,,,ndertim,active
5991 – Shufra saldimi celiku me oksigjen,Ndertim,,,,,ndertim,active
580 – Bombel gazi per rimbushje 600 Ml,Ndertim,,,,,ndertim,active
"SI0110831 – Havi Kallaji 100W, koha e ngrohjes 20 sekonda",Ndertim,,,,,ndertim,active
"CX0025 – Spine saldimi TEXAS-TSK 70 mm, Ø 21",Ndertim,,,,,ndertim,active
"GM0510 – Guajne celiku per torce saldimi Ø 1.0-1.2, 3 m",Ndertim,,,,,ndertim,active
R21160 – Rrote gome e levizeshme 160 mm / 12 cp,Ndertim,,,,,ndertim,active
AMWH75051 – Kendore magnetike 5″,Ndertim,,,,,ndertim,active
"Havi Kallaji 60W, koha e ngrohjes 3-5 minuta, doreze me 2 komponente",Ndertim,,,,,ndertim,active
Pince saldimi Dallas MMA 300A,Ndertim,,,,,ndertim,active
"CX0022 – Spine saldimi TEXAS-TSK 50 mm, Ø 21",Ndertim,,,,,ndertim,active
R22180 – Rrote gome statike 180 mm / 8 cp,Ndertim,,,,,ndertim,active
WAH8008 – Mbajtese Elektrode 800 A,Ndertim,,,,,ndertim,active
WAH5008 – Mbajtese Elektrode 500 A,Ndertim,,,,,ndertim,active
Bek konik I mesem MT25,Ndertim,,,,,ndertim,active
"CAV000014/1 – Kabell saldimi PVC, 25 MM², 1 m",Ndertim,,,,,ndertim,active
AMWH4001 – Set me 4 kendore magnetike,Ndertim,,,,,ndertim,active
CX0058 – Prize saldimi TEXAS-TBE 35-70 mmm Ø 21,Ndertim,,,,,ndertim,active
MRS000068 – Mase saldimi 250 A,Ndertim,,,,,ndertim,active
"GM0531 – Guajne celiku per torce saldimi Ø 1.2-1.6, 4 m",Ndertim,,,,,ndertim,active
"GM0500 – Guajne celiku per torce saldimi Ø 0.6-0.9, 3 m",Ndertim,,,,,ndertim,active
R22160 – Rrote gome statike 160 mm / 12 cp,Ndertim,,,,,ndertim,active
Kendrore magnetike per saldimin me kend te profileve.,Ndertim,Aksesorë Ndërtimi,,,,ndertim,active
580SMINI – Bombel gazi per rimbushje 110ml,Ndertim,,,,,ndertim,active
SI0248 – Havi Kallaji 40 Watt,Ndertim,,,,,ndertim,active
Mbajtese maje teli M8/ MT36,Ndertim,,,,,ndertim,active
AMWH4062 – Set 4-kendore magnetike,Ndertim,,,,,ndertim,active
MC0568 – Bek konik per torca saldimi  Ø 16 me kapje te shpejte,Ndertim,,,,,ndertim,active
R23125 – Rrote gome e levizeshme me frenim 125 mm / 20 cp,Ndertim,,,,,ndertim,active
575 – Bombul Supergas 330 gr,Ndertim,,,,,ndertim,active
WAH3008 – Mbajtese Elektrode 300 A,Ndertim,,,,,ndertim,active
Pince mase Toledo 300A,Ndertim,,,,,ndertim,active
Mbajtese maje teli M6 / MT25,Ndertim,,,,,ndertim,active
Mbajtese elektrode tungsteni 3.2mm AC/DC,Ndertim,,,,,ndertim,active
Mbajtese elektrode tungsteni 2.4mm AC/DC,Ndertim,,,,,ndertim,active
Mbajtese elektrode tungsteni 1.6mm AC/DC,Ndertim,,,,,ndertim,active
"CAV000009/1 – Kabell saldimi PVC, 16 MM², 1 m",Ndertim,,,,,ndertim,active
MC0023 – Bek konik per torca saldimi Ø 15 / 53 mm,Ndertim,,,,,ndertim,active
R52125 – Rrote portokalli e levizeshme me frenim 125 mm / 24 cp (30-cop),Ndertim,,,,,ndertim,active
1741BPRO – Maje rezerve per havine 1740PRO,Ndertim,,,,,ndertim,active
"Pinca kontakti baterie Colorado 150A, Zeze",Ndertim,,,,,ndertim,active
"Pinca kontakti baterie Colorado 150A, Kuqe",Ndertim,,,,,ndertim,active
Mbajtese elektrode tungsteni 1.0mm AC/DC,Ndertim,,,,,ndertim,active
SI016831 – Havi Kallaji 60 Watt Super Select,Ndertim,,,,,ndertim,active
170080P – Maja per havi kallaj 60 W / 6mm,Ndertim,,,,,ndertim,active
R23100 – Rrote gome e levizeshme me frenim 100 mm / 30 cp,Ndertim,,,,,ndertim,active
Pince mase Toledo 250A,Ndertim,,,,,ndertim,active
Maje celiku M8/ 1.0mm MT36,Ndertim,,,,,ndertim,active
WM128 – Maske saldimi,Ndertim,,,,,ndertim,active
MC0018 – Bek konik per torca saldimi Ø 12 / 53 mm,Ndertim,,,,,ndertim,active
170060P – Maja per havi kallaj 40 W / 5mm,Ndertim,,,,,ndertim,active
577 – Bombul rezerve gazi 227 gr,Ndertim,,,,,ndertim,active
WM101 – Maske Saldimi,Ndertim,,,,,ndertim,active
"Spinote saldimi M, Atlas DX25MM",Ndertim,,,,,ndertim,active
"Prize saldimi F, Atlas DX25mm",Ndertim,,,,,ndertim,active
Mbajtese elektrode tungsteni 1.6mm AC,Ndertim,,,,,ndertim,active
Mbajtese elektrode tungsteni 1.0mm AC,Ndertim,,,,,ndertim,active
"CX0520 – Spine saldimi TEXAS-TSK 25, 10-25 mm, Ø 14 (e gatshme)",Ndertim,,,,,ndertim,active
CX0030 – Prize saldimi TEXAS-TBE 10-25 mmm Ø 21,Ndertim,,,,,ndertim,active
R52100 – Rrote portokalli e levizeshme me frenim 100 mm / 30 cp,Ndertim,,,,,ndertim,active
R50125 – Rrote portokalli e levizeshme 125 mm / 30 cp,Ndertim,,,,,ndertim,active
R21125 – Rrote gome e levizeshme 125 mm / 24 cp,Ndertim,,,,,ndertim,active
L070BS5AC0 – Tel kallaji 50% kallaj 1.5 mm 20 gr,Ndertim,,,,,ndertim,active
"Kendore magnetike 4”, 50Lbs, kend 30?,45?,60?,75?,90?,105?,120?,135?,150?",Ndertim,,,,,ndertim,active
YT-82744 – Pompe per mikrosaldim elektronik 30x330mm,Ndertim,,,,,ndertim,active
Maje celiku M8/ 1.6mm MT36/40,Ndertim,,,,,ndertim,active
Maje alumini M6/ 1.2mm MT15/25,Ndertim,,,,,ndertim,active
"PD0063-12 – Hundez qeramike TIG e shkurter CB 50-CB 70 Ø1,2mm",Ndertim,,,,,ndertim,active
"ME0016 – Difuzor majash saldimi M6, 35 mm",Ndertim,,,,,ndertim,active
FB0117 – Difuzor majash saldimi 37 mm,Ndertim,,,,,ndertim,active
"MD0131-00 – Adaptor majash saldimi M6, 32 mm",Ndertim,,,,,ndertim,active
R50100 – Rrote portokalli e levizeshme 100 mm / 36 cp,Ndertim,,,,,ndertim,active
R22125 – Rrote gome statike 125 mm / 24 cp,Ndertim,,,,,ndertim,active
R21100 – Rrote gome e levizeshme 100 mm / 36 cp,Ndertim,,,,,ndertim,active
HHWM102 – Maske saldimi 100% PP,Ndertim,,,,,ndertim,active
Suste torce e madhe,Ndertim,,,,,ndertim,active
Maje celiku M8/ 1.2mm MT36,Ndertim,,,,,ndertim,active
Maje alumini M6/ 1.0mm MT15/25,Ndertim,,,,,ndertim,active
76830 – Tel kallaji 1mm 16G,Ndertim,,,,,ndertim,active
"CX0020 – Spine saldimi TEXAS-TSK 10-25 mm, Ø 14",Ndertim,,,,,ndertim,active
R51125 – Rrote portokalli statike 125 mm / 30 cp,Ndertim,,,,,ndertim,active
10051 – Bombul gazi me 6 adaptore per rimbushje 90 gr,Ndertim,,,,,ndertim,active
Maje celiku M6/ 1.0mm L28mm MT25,Ndertim,,,,,ndertim,active
Maje alumini M6/ 0.8mm MT15/25,Ndertim,,,,,ndertim,active
R22100 – Rrote gome statike 100 mm / 36 cp,Ndertim,,,,,ndertim,active
R51100 – Rrote portokalli statike 100 mm / 30 cp,Ndertim,,,,,ndertim,active
R52075 – Rrote portokalli e levizeshme me frenim 75 mm / 36 cp/ (40-cop),Ndertim,,,,,ndertim,active
R50075 – Rrote portokalli e levizeshme 75 mm / 40 cp,Ndertim,,,,,ndertim,active
R23075 – Rrote gome e levizeshme me frenim 75 mm / 60 cp,Ndertim,,,,,ndertim,active
Maje celiku M6/ 0.8mm M25,Ndertim,,,,,ndertim,active
YT-82743 – Pompe per mikrosaldim elektronik 21.8x206mm,Ndertim,,,,,ndertim,active
YT-82514 – Stilolaps vakumi per saldime,Ndertim,,,,,ndertim,active
R51075 – Rrote portokalli statike 75 mm / 40 cp,Ndertim,,,,,ndertim,active
HSG07 – Syze mbrojtese (vetem per saldim),Ndertim,,,,,ndertim,active
Suste torce e vogel,Ndertim,,,,,ndertim,active
Maje celiku M6/ 1.0mm MT15,Ndertim,,,,,ndertim,active
Pompe per mikrosaldim elektronik 19.5x190mm,Ndertim,,,,,ndertim,active
"MD0005-82 – Maja teli M8 per torca saldimi 1,2×30 mm",Ndertim,,,,,ndertim,active
Furce pastrimi per skorje saldimi,Ndertim,,,,,ndertim,active
1120S1 – Bombul gazi tradicionale Butan 190 gr,Ndertim,,,,,ndertim,active
Maje celiku M6/ 0.8mm MT15,Ndertim,,,,,ndertim,active
EA0304 – Suste adaptori majash saldimi per torce 300 A,Ndertim,,,,,ndertim,active
EA0303 – Suste adaptori majash saldimi per torce 200 A,Ndertim,,,,,ndertim,active
ME0517 – Difuzor majash saldimi qeramike 32 mm,Ndertim,,,,,ndertim,active
ME0579 – Difuzor majash saldimi qeramike 16 mm,Ndertim,,,,,ndertim,active
BW0056 – Kapak fundor Torce TIG i mesem 17/18/16,Ndertim,,,,,ndertim,active
BW0063 – Kapak fundor Torce TIG i gjate 9-20V,Ndertim,,,,,ndertim,active
BW0066 – Kapak fundor Torce TIG i gjate -17/18/26,Ndertim,,,,,ndertim,active
MD0005-12 – Maja teli M8 per torca saldimi 1.2×30 mm,Ndertim,,,,,ndertim,active
MD0005-10 – Maja teli M8 per torca saldimi 1.08×30 mm,Ndertim,,,,,ndertim,active
TE0003-24 – Hundez qeramike TIG e shkurter 9 /20 / 25 – 2.4 mm,Ndertim,,,,,ndertim,active
SHB-3 – Shufra bronx 3 mm me gjatesi 1 m,Ndertim,,,,,ndertim,active
R52050 – Rrote portokalli e levizeshme me frenim 50 mm / 80 cp,Ndertim,,,,,ndertim,active
R21075 – Rrote gome e levizeshme 75 mm / 90 cp,Ndertim,,,,,ndertim,active
R22075 – Rrote gome statike 75 mm / 90 cp,Ndertim,,,,,ndertim,active
BW0067 – Kapak fundor Torce TIG i shkurter 17/18/26 57Y02,Ndertim,,,,,ndertim,active
WSG3811 – Syze saldimi me hapje DIN 8,Ndertim,,,,,ndertim,active
MD0005-08 – Maja teli M8 per torca saldimi 0.8×30 mm,Ndertim,,,,,ndertim,active
ME0079 – Difuzor majash saldimi plastik i bardhe 28 mm,Ndertim,,,,,ndertim,active
R51050 – Rrote portokalli statike 50 mm / 100 cp,Ndertim,,,,,ndertim,active
R50050 – Rrote portokalli e levizeshme 50 mm / 100 cp,Ndertim,,,,,ndertim,active
"TC0004 – Hundez qeramike TIG e gjate 9.8.2×47 mm, gr.6",Ndertim,,,,,ndertim,active
"TC0002 – Hundez qeramike TIG e gjate 6.4×47 mm, gr.4",Ndertim,,,,,ndertim,active
"TC0006 – Hundez qeramike TIG e gjate 12.7×47 mm, gr.8",Ndertim,,,,,ndertim,active
BW0065 – Kapak fundor Torce TIG i shkurter 9-20/41V33,Ndertim,,,,,ndertim,active
TD0001-24 – Hundez qeramike TIG e gjate 17 / 18 / 26 – 2.4 mm,Ndertim,,,,,ndertim,active
MD0009-12 – Maja teli M6 per torca saldimi 1.2×28 mm,Ndertim,,,,,ndertim,active
MD0009-10 – Maja teli M6 per torca saldimi 1.0×28 mm,Ndertim,,,,,ndertim,active
MD0009-08 – Maja teli M6 per torca saldimi 0.8×28 mm,Ndertim,,,,,ndertim,active
MD0009-60 – Maja teli M6 per saldim alumini 1.0×28 mm,Ndertim,,,,,ndertim,active
LVC000001 – Xham mbrojtes per kokore saldimi  75X98 DIN 9,Ndertim,,,,,ndertim,active
LVC000005 – Xham mbrojtes per kokore saldimi  75X98 DIN 13,Ndertim,,,,,ndertim,active
LVC000004 – Xham mbrojtes per kokore saldimi  75X98 DIN 12,Ndertim,,,,,ndertim,active
LVC000003 – Xham mbrojtes per kokore saldimi  75X98 DIN 11,Ndertim,,,,,ndertim,active
LVC000002 – Xham mbrojtes per kokore saldimi  75X98 DIN 10,Ndertim,,,,,ndertim,active
MD0008-10 – Maja teli M6 per torca saldimi 1.0×25 mm,Ndertim,,,,,ndertim,active
MD0008-08 – Maja teli M6 per torca saldimi 0.8×25 mm,Ndertim,,,,,ndertim,active
MD0009-62 – Maja teli M6 per saldim alumini 1.2×280 mm,Ndertim,,,,,ndertim,active
"TC0013 – Hundez qeramike TIG e shkurter 8.0×30 mm, gr.5",Ndertim,,,,,ndertim,active
"TC0012 – Hundez qeramike TIG e shkurter 6.4×30 mm, gr.4",Ndertim,,,,,ndertim,active
"TC0017 – Hundez qeramike TIG e shkurter 15.7×30 mm, gr.10",Ndertim,,,,,ndertim,active
"TC0016 – Hundez qeramike TIG e shkurter 12.7×30 mm, gr.8",Ndertim,,,,,ndertim,active
TD0003-16 – Hundez qeramike TIG e gjate 9 /20 / 25 – 1.6 mm,Ndertim,,,,,ndertim,active
TD0003-24 – Hundez qeramike TIG e gjate  9 /20 / 25 – 2.4 mm,Ndertim,,,,,ndertim,active
LVC000085 – Xham mbrojtes per kokore saldimi  50×105 DIN 9,Ndertim,,,,,ndertim,active
LVC000089 – Xham mbrojtes per kokore saldimi  50×105 DIN 13,Ndertim,,,,,ndertim,active
LVC000088 – Xham mbrojtes per kokore saldimi  50×105 DIN 12,Ndertim,,,,,ndertim,active
LVC000087 – Xham mbrojtes per kokore saldimi  50×105 DIN 11,Ndertim,,,,,ndertim,active
LVC000086 – Xham mbrojtes per kokore saldimi  50×105 DIN 10,Ndertim,,,,,ndertim,active
MD0008-12 – Maja teli M6 per torca saldimi 1.2×25 mm,Ndertim,,,,,ndertim,active
LVC000023 – Xham bazik transparent  90X110,Ndertim,,,,,ndertim,active
581 – Bullon i zi DIN 931 10.9 8×110 (100 cope),Ndertim,Aksesorë Ndërtimi,,,,ndertim,active
"Set Karroce veglash me 7 sirtare + Pistolete Dadicekesh me bateri 1350Nm + Ndricues, Testues, MultiM",Ndertim,Aksesorë Ndërtimi,,,,ndertim,active
"Prese Kapikordash Elektrike me 2 bateri 20V/5.0 Ah, per kapikorda 16-400mm², 120Kn",Ndertim,,,,,ndertim,active
"Set Karroce veglash me 7 sirtare + Pistolete Dadicekesh me bateri 850Nm + Ndricues, Testues, MultiMeter – HTCS283692",Ndertim,Aksesorë Ndërtimi,,,,ndertim,active
Karroce veglash profesionale e kompletuar me 6 sirtare,Ndertim,Aksesorë Ndërtimi,,,,ndertim,active
Karroce veglash e kompletuar me 7 sirtare (328 vegla dore) 765x465x812mm,Ndertim,Aksesorë Ndërtimi,,,,ndertim,active
HTCS273281 – Karroce Veglash me 7 sirtare me 328 vegla mekanike 765x465x812mm,Ndertim,Aksesorë Ndërtimi,,,,ndertim,active
AD03 – Organizues kutish No.3 (permban 40 kuti te kuqe PA03) 260x700x1600 mm,Ndertim,,,,,ndertim,active
AD02 – Organizues kutish No.2 (permban 84 kuti blu PA02) 260x700x1600 mm,Ndertim,,,,,ndertim,active
Karroce Veglash me 7 sirtare me 211 vegla mekanike 688x458x735mm,Ndertim,Aksesorë Ndërtimi,,,,ndertim,active
Prerese pllakash 152 cm,Ndertim,Zhavorr & Rërë,,,,ndertim,active
YT-55299 – Karroce veglash profesionale  me 6 sirtare ( Bosh ),Ndertim,Aksesorë Ndërtimi,,,,ndertim,active
HDTC01072 – Karroce per vegla mekanike me 7 sirtare,Ndertim,Aksesorë Ndërtimi,,,,ndertim,active
Prerese pllakash 129 cm,Ndertim,Zhavorr & Rërë,,,,ndertim,active
YT-09000 – Karroce veglash metalike profesionale me 7 sirtare ( Bosh ) 665X453X932mm,Ndertim,Aksesorë Ndërtimi,,,,ndertim,active
01900800 – Celes fiso-stel me kend 80 mm,Ndertim,,,,,ndertim,active
01900750 – Celes fiso-stel me kend 75 mm,Ndertim,,,,,ndertim,active
Karroce Veglash me 7 sirtare 680x458x802mm  (pa vegla),Ndertim,Aksesorë Ndërtimi,,,,ndertim,active
HDTC01042 – Karroce per vegla mekanike me 4 + 1srtare,Ndertim,Aksesorë Ndërtimi,,,,ndertim,active
WCS2A05-Karroce veglash me 5 sirtare 688x458x735mm,Ndertim,Aksesorë Ndërtimi,,,,ndertim,active
"144 – Komplet filetimi metrik 110 cope, M2-18",Ndertim,,,,,ndertim,active
Prerese pllakash 95 cm,Ndertim,Zhavorr & Rërë,,,,ndertim,active
"Kompet kriketi 192 cope, 1/4 3/8 1/2 ’ , hex 4-32 mm, me 6 faqe",Ndertim,,,,,ndertim,active
"Set Kriketi  1/4″,3/8″& 1/2″ 150 cope",Ndertim,,,,,ndertim,active
YT-09161 – Set valixhe 3 ne 1 me rrota S1 system 585x425x810 mm,Ndertim,,,,,ndertim,active
BTC2200 – Prerese pllakash 75 cm,Ndertim,Zhavorr & Rërë,,,,ndertim,active
Set valixhe metalike me 147 vegla dore – THKTHP21476,Ndertim,Aksesorë Ndërtimi,,,,ndertim,active
YT-09173 – Set valixhe 3 ne 1 me rrota S12 system 685x450x380 mm,Ndertim,,,,,ndertim,active
"Stativ per montimin e pllakave te porcelanit dhe gipsit, kapaciteti 68kg",Ndertim,,,,,ndertim,active
81830 – Karroce veglash metalike me 2 kate 618X330X660MM (bosh),Ndertim,Aksesorë Ndërtimi,,,,ndertim,active
60600001 – Doreze kriketi 1″,Ndertim,,,,,ndertim,active
45.101.70 – Karroce per mbajtjen e veglave me 5 syrtare,Ndertim,Aksesorë Ndërtimi,,,,ndertim,active
HKTHP21421 – Set me vegla dore 142 cope,Ndertim,Aksesorë Ndërtimi,,,,ndertim,active
HKTHP21471 – Set valixhe metalike me 147 vegla dore,Ndertim,Aksesorë Ndërtimi,,,,ndertim,active
Komplet Kriketi 1/4″+ 3/8″ & 1/2″ 216 cope,Ndertim,,,,,ndertim,active
Komplet Kriketi + Vegla dore 1/2 ” 1/4” 3/8” – 156 cope ne valixhe plastike,Ndertim,Aksesorë Ndërtimi,,,,ndertim,active
"1171 – Komplet kriketi 17, 1/4 3/8 1/2′ hexagon 4-32mm, me 6 faqe",Ndertim,,,,,ndertim,active
KXCAS454085 – Set Valixhe C Block me doreze Alumini 3 ne 1 450x380x845mm,Ndertim,,,,,ndertim,active
KOMPLET KRIKETI  1/4″& 1/2″ + 122 vegla dore,Ndertim,Aksesorë Ndërtimi,,,,ndertim,active
Prerese Pllakash 180cm – WTR3518,Ndertim,Zhavorr & Rërë,,,,ndertim,active
HBV085 – Morsete Bango e rrotullueshme 125 mm,Ndertim,,,,,ndertim,active
"149 – Komplet filetimi metrik 45 cope, M6-24",Ndertim,,,,,ndertim,active
Prerese Pllakash 160cm – WTR3516,Ndertim,Zhavorr & Rërë,,,,ndertim,active
YT-38872 – Komplet kriketi 1/4” & 1/2 ”,Ndertim,,,,,ndertim,active
YT-39009 – Set me 68 vegla elektricisti,Ndertim,Aksesorë Ndërtimi,,,,ndertim,active
"YT-38931 – Komplet kriketi 173 cope 1/4”, 3/8” & 1/2”",Ndertim,,,,,ndertim,active
1100 – Llampe per ekspozitor me etiketen Ruko,Ndertim,,,,,ndertim,active
Komplet Kriketi + Vegla dore 1/2 ” 1/4” 3/8” – 135 cope ne valixhe plastike – HKTHP21351,Ndertim,Aksesorë Ndërtimi,,,,ndertim,active
HKTHP22161 – Komplet kriketi 21 1/2 ” 1/4” 3/8”,Ndertim,,,,,ndertim,active
Prerese pllakash 63 cm,Ndertim,Zhavorr & Rërë,,,,ndertim,active
Modul me 3 valixhe me rrota  size:520x320x720mm + doreze te zgjatueshme,Ndertim,,,,,ndertim,active
Komplet Kriketi + Vegla dore 1/2 ” 1/4” 3/8” – 156 cope ne valixhe plastike – HKTHP21561,Ndertim,Aksesorë Ndërtimi,,,,ndertim,active
KXCS454080 – Set Valixhe Compact Block 3 ne 1 450x380x800mm,Ndertim,,,,,ndertim,active
Komplet kriketi me 23 cope – 41149231,Ndertim,,,,,ndertim,active
01900550 – Celes fiso-stel me kend 55 mm,Ndertim,,,,,ndertim,active
HPTCT021 – KARROCE PER VEGLA MEKANIKE,Ndertim,Aksesorë Ndërtimi,,,,ndertim,active
HBV088 – Morsete Bango e rrotullueshme 8,Ndertim,,,,,ndertim,active
YT-09162 – Set valixhe 2 ne 1 me rrota S1 system 585x425x645 mm,Ndertim,,,,,ndertim,active
HKTS034151 – Set me 15 koka kriketi 3/4”,Ndertim,,,,,ndertim,active
58700 – Komplet kriketi 1/2″ + 3/8” + 1/4” 21,Ndertim,,,,,ndertim,active
Set valixhe C Block me doreze Alumini 2 ne 1 450x380x545mm,Ndertim,,,,,ndertim,active
"Komplet kriketi 1/2”, 3/8” & 1/4” 171 cope",Ndertim,,,,,ndertim,active
01900500 – Celes fiso-stel me kend 50 mm,Ndertim,,,,,ndertim,active
"Komplet me 10 filetues 1/2″,3/4″,1″,1 1-1/4″,1-1/2″,2″ – WJK1D91",Ndertim,,,,,ndertim,active
YT-09166 – Valixhe veglash me rrota S1 system 585x425x410 mm,Ndertim,Aksesorë Ndërtimi,,,,ndertim,active
Komplet kriketi 1/4” & 1/2” – YT-38831,Ndertim,,,,,ndertim,active
YT-38791 – Komplet kriketi 1/4″ & 1/2″ 108 cope CRV,Ndertim,,,,,ndertim,active
YT-08974 – Valixhe veglash me 3 sirtare S12 system 450x320x240 mm,Ndertim,Aksesorë Ndërtimi,,,,ndertim,active
YT-09185 – Valixhe veglash Vagon me doreze dhe rrota 793x385x322 mm,Ndertim,Aksesorë Ndërtimi,,,,ndertim,active
HTC041201 – Prerese Pllakash 120cm,Ndertim,Zhavorr & Rërë,,,,ndertim,active
50600001 – Doreze kriketi 3/4″ me buton & 2 ane,Ndertim,,,,,ndertim,active
HKTHP21001 – Set me 100 vegla dore (doreze kriketi 1/2” 45 T),Ndertim,Aksesorë Ndërtimi,,,,ndertim,active
01900460 – Celes fiso-stel me kend 46 mm,Ndertim,,,,,ndertim,active
Prerese Pllakash 100cm – WTR3510,Ndertim,Zhavorr & Rërë,,,,ndertim,active
Prerese pllakash 1200 mm – WTR1512,Ndertim,Zhavorr & Rërë,,,,ndertim,active
Pistolete gozhdesh 19-45mm me suste dhe rregullim thellesie,Ndertim,Aksesorë Ndërtimi,,,,ndertim,active
Prerese Pllakash 100cm,Ndertim,Zhavorr & Rërë,,,,ndertim,active
YT-12691 – Komplet kriketi 1/2”,Ndertim,,,,,ndertim,active
58688 – Komplet kriketi 1/2″ + 3/8” + 1/4” 173 cope,Ndertim,,,,,ndertim,active
KXC454040 – Valixhe veglash Compact Block 4 me rrota 450x380x380mm,Ndertim,Aksesorë Ndërtimi,,,,ndertim,active
KXCA454040 – Valixhe veglash C Block 4 me rrota dhe doreze alumini 450x380x388mm,Ndertim,Aksesorë Ndërtimi,,,,ndertim,active
KMSS553585B – Set Valixhe veglash block 4 ne 1 530x355x825mm,Ndertim,Aksesorë Ndërtimi,,,,ndertim,active
YT-12681 – Komplet kriketi 94 cope 1/2” & 1/4”,Ndertim,,,,,ndertim,active
Karroce veglash metalike me 3 sirtare 795x790x370mm,Ndertim,Aksesorë Ndërtimi,,,,ndertim,active
60750800 – Koke kriketi me 12 faqe 1″ 80 mm,Ndertim,,,,,ndertim,active
61720020 – Celes dinanometrik 1/2″ 42 – 210 Nm,Ndertim,,,,,ndertim,active
"2135 – Komplet fiso-stel i kromuar 25 cope, 6-32 mm",Ndertim,,,,,ndertim,active
Komplet kriketi 1/2” & 1/4” 110 cope,Ndertim,,,,,ndertim,active
Komplet me koka kriketi 1/4” +  1/2” 94 cope – THT421942,Ndertim,,,,,ndertim,active
KXB8040WF – Valixhe veglash vagon me kapese plastike 795x380x307mm,Ndertim,Aksesorë Ndërtimi,,,,ndertim,active
60750750 – Koke kriketi me 12 faqe 1″ 75 mm,Ndertim,,,,,ndertim,active
5960004 – Celes hidraulik Suedez 45° 2 530 mm,Ndertim,,,,,ndertim,active
HPTW200N1 – Celes dinanometrik 1/2″,Ndertim,,,,,ndertim,active
HKTS42941 – Komplet me koka kriketi 1/4” plus 1/2” 94 cope,Ndertim,,,,,ndertim,active
76750700 – Koke kriketi 1″ ajri e shkurter 70 mm,Ndertim,,,,,ndertim,active
HKITH1601 – Set me vegla elektrike VDE 16 cope,Ndertim,Aksesorë Ndërtimi,,,,ndertim,active
HBV086 – Morsete Bango e rrotullueshme 6,Ndertim,,,,,ndertim,active
Komplet kriketi 1/2” & 1/4” 96 cope,Ndertim,,,,,ndertim,active
YT-09167 – Valixhe veglash me kapese plastike S1 system,Ndertim,Aksesorë Ndërtimi,,,,ndertim,active
60640001 – Zgjatues T 1″ 600 mm,Ndertim,,,,,ndertim,active
60750700 – Koke kriketi me 12 faqe 1″ 70 mm,Ndertim,,,,,ndertim,active
61720010 – Celes dinanometrik 3/8″ 22 – 110 Nm,Ndertim,,,,,ndertim,active
Karrocë veglash me 3 sergjene – HPTCT031,Ndertim,Aksesorë Ndërtimi,,,,ndertim,active
YT-37220 – Ventuze teke me vakum profesionale 58kg 204 MM e sheshte,Ndertim,,,,,ndertim,active
60660002 – Zgjatues 1″ 405 mm,Ndertim,,,,,ndertim,active
76750650 – Koke kriketi 1″ ajri e shkurter 65 mm,Ndertim,,,,,ndertim,active
5570400 – Celes hidraulik Pro i veshur 400 mm,Ndertim,,,,,ndertim,active
"4778 – Set me 10 koka kriketi ajri, 1/2″, M6S-M8S-M10S-M12S-8TS-10,12,14,19,20 mm",Ndertim,,,,,ndertim,active
HBC0848 – Gershere Teli 48-1200 mm,Ndertim,,,,,ndertim,active
HKTS42802 – Komplet Kriketi 1/4″ + 1/2″ 82 cope ne valixhe plasike,Ndertim,,,,,ndertim,active
60650002 – Zgjatues 1″ 400 mm,Ndertim,,,,,ndertim,active
103 – Komplet me cekica 7 cope,Ndertim,,,,,ndertim,active
01900410 – Celes fiso-stel me kend 41 mm,Ndertim,,,,,ndertim,active
7590010 – Komplet levash 4 cope 200 – 600 mm,Ndertim,,,,,ndertim,active
60750600 – Koke kriketi me 12 faqe 1″ 60 mm,Ndertim,,,,,ndertim,active
01900380 – Celes fiso-stel me kend 38 mm,Ndertim,,,,,ndertim,active
HHCT01240 – Prese hidraulike manuale per celik 70kn,Ndertim,,,,,ndertim,active
YT-38782 – Komplet kriketi 1/4” & 1/ ”,Ndertim,,,,,ndertim,active
76750600 – Koke kriketi 1″ ajri e shkurter 60 mm,Ndertim,,,,,ndertim,active
"145 – Komplet filetimi metrik 32 cope, M3-12",Ndertim,,,,,ndertim,active
Komplet Kriketi 1/4” + 1/2” 44 cope ne valixhe plasike,Ndertim,,,,,ndertim,active
HBC0842 – Gershere Teli 42-1000 mm,Ndertim,,,,,ndertim,active
KXCA454030 – Valixhe veglash C Block me doreze alumini 450x380x297mm,Ndertim,Aksesorë Ndërtimi,,,,ndertim,active
YT-09184 – Valixhe veglash me doreze alumini  650x270x272 mm,Ndertim,Aksesorë Ndërtimi,,,,ndertim,active
HKTS12602 – Komplet Kriketi 1/2′ 62 cope ne valixhe plastike,Ndertim,,,,,ndertim,active
58687 – Komplet kriketi 1/2” 94 cope,Ndertim,,,,,ndertim,active
60650001 – Zgjatues 1″ 205 mm,Ndertim,,,,,ndertim,active
75810500 – Koke kriketi ajri 3/4″ 50 mm e gjate,Ndertim,,,,,ndertim,active
"40610090 – Doreze kriketi 275 mm 1/2″ me buton, me 90 dhembe",Ndertim,,,,,ndertim,active
05970002 – Celes hidraulik Suedez 90° 1.1/2 405 mm,Ndertim,,,,,ndertim,active
5960003 – Celes hidraulik Suedez 45° 1.1/2 420 mm,Ndertim,,,,,ndertim,active
"4079/5SA – Komplet me celesa te care me kend, 4 cope 8-12 mm",Ndertim,,,,,ndertim,active
HKTTS1108 – Set Pllakashtruesi me 11 vegla dore,Ndertim,Aksesorë Ndërtimi,,,,ndertim,active
76810550 – Koke kriketi 1″ ajri e gjate 55 mm,Ndertim,,,,,ndertim,active
2003641 – Celes poligon 36 x 41 mm,Ndertim,,,,,ndertim,active
01900360 – Çeles fiso-stel me kend 36 mm,Ndertim,,,,,ndertim,active
"1008/1 – Komplet kriketi 19 cope, 1/2 ” , E10-24, T20-70",Ndertim,,,,,ndertim,active
HBAFH0711 – Komplet me cekic llamarinisti,Ndertim,,,,,ndertim,active
HHCT0170 – Prese per kapikorda elektrike 4-70mm2,Ndertim,,,,,ndertim,active
HKTS12251 – Komplet Kriketi 1/2” 25 cope,Ndertim,,,,,ndertim,active
YT-38681 – KOMPLET KRIKETI 1/2 19 COPE CRV,Ndertim,,,,,ndertim,active
YT-09160 – Kuti veglash dyshe me rrota 495x350x710mm me kapese plastike,Ndertim,Aksesorë Ndërtimi,,,,ndertim,active
12211 – Lima petashuqe,Ndertim,,,,,ndertim,active
7149050 – Komplet daltash te sheshta per metal 5 cope,Ndertim,,,,,ndertim,active
HKSPAR1061 – Komplet me celesa fiso-stel kriket 6 cope /19-32 mm,Ndertim,,,,,ndertim,active
HPW0848 – Celes hidraulik papagall 48 110 mm,Ndertim,,,,,ndertim,active
KXC454030 – Valixhe veglash Compact Block 3 450x380x290mm,Ndertim,Aksesorë Ndërtimi,,,,ndertim,active
5560400 – Celes hidraulik i veshur 400 mm,Ndertim,,,,,ndertim,active
4449090 – Set 9 copesh torx T10-T50 (E.L),Ndertim,,,,,ndertim,active
"Prerese Hidraulike per kabuj φ4-φ12mm, Force shtrenguese 45kN – WCR1D12",Ndertim,Zhavorr & Rërë,,,,ndertim,active
KHV603520 – Valixhe veglash Heavy block 2 585x360x217mm,Ndertim,Aksesorë Ndërtimi,,,,ndertim,active
Valixhe veglash Heavy block me rrota 450x360x640mm,Ndertim,Aksesorë Ndërtimi,,,,ndertim,active
HFPF09 – Kapese dore me goditje per maja PF,Ndertim,Aksesorë Ndërtimi,,,,ndertim,active
50751600 – Koke kriketi me 12 faqe 3/4″ 60 mm,Ndertim,,,,,ndertim,active
60750004 – Koke kriketi me 12 faqe 1″ 50 mm,Ndertim,,,,,ndertim,active
60750460 – Koke kriketi me 12 faqe 1″ 46 mm,Ndertim,,,,,ndertim,active
76750550 – Koke kriketi 1″ ajri e shkurter 55 mm,Ndertim,,,,,ndertim,active
76810500 – Koke kriketi 1″ ajri e gjate 50mm,Ndertim,,,,,ndertim,active
30610001 – Doreze kriketi 195 mm 3/8″ me buton,Ndertim,,,,,ndertim,active
5970001 – Celes hidraulik Suedez 90° 1 305 mm,Ndertim,,,,,ndertim,active
5960002 – Celes hidraulik Suedez 45° 1 315 mm,Ndertim,,,,,ndertim,active
"1010/12T – Komplet me koka te gjata 10 cope, 1/2″ CrMo, hex 13-24 mm, me 6 faqe",Ndertim,,,,,ndertim,active
"Komplet me celesa fiso-stel 25 cope, 6-32 mm",Ndertim,,,,,ndertim,active
912 – Komplet kacavidash 12 cope,Ndertim,Aksesorë Ndërtimi,,,,ndertim,active
50750600 – Koke kriketi me 6 faqe 3/4″ 60 mm,Ndertim,,,,,ndertim,active
YT-09171 – Valixhe veglash me kapese plastike S12 system,Ndertim,Aksesorë Ndërtimi,,,,ndertim,active
6809060 – Set me kacavida mekanike 6 cope,Ndertim,Aksesorë Ndërtimi,,,,ndertim,active
6811001 – Set me kacavida elektrike VDE 6 cope,Ndertim,Aksesorë Ndërtimi,,,,ndertim,active
50750550 – Koke kriketi me 6 faqe 3/4″ 55 mm,Ndertim,,,,,ndertim,active
"COS23090 – Set me 5 cope (cante shpine, cante dore, jelek dhe 2 breza)",Ndertim,,,,,ndertim,active
YT-2797 – Set kacavide me 22 maja te gjata,Ndertim,,,,,ndertim,active
"Kacavide me bateri 3,6V + 39 maja",Ndertim,,,,,ndertim,active
YT-2240 – Pince kapikordash 180mm 0.2-6mm,Ndertim,,,,,ndertim,active
YT-09181 – Kuti organizuese plastike 531 x 379 x 77 mm,Ndertim,,,,,ndertim,active
5890280 – Pince morsete me nofull te gjere 280 mm,Ndertim,,,,,ndertim,active
76810460 – Koke kriketi 1″ ajri e gjate 46 mm,Ndertim,,,,,ndertim,active
76810410 – Koke kriketi 1″ ajri e gjate 41 mm,Ndertim,,,,,ndertim,active
76810380 – Koke kriketi 1″ ajri e gjate 38 mm,Ndertim,,,,,ndertim,active
5570320 – Celes hidraulik Pro i veshur 320 mm,Ndertim,,,,,ndertim,active
3707 – Set me leva tapicerie plastike 5 cope,Ndertim,,,,,ndertim,active
"3709 – Set me leva makinash 11 cope, 160-200 mm",Ndertim,,,,,ndertim,active
"1101 – Komplet me maja 55 cope, 1/4  75 mm",Ndertim,,,,,ndertim,active
"10/12T – Komplet me celesa poligon 12 cope, 6-32 mm",Ndertim,,,,,ndertim,active
96/2 – Doreze Dinanometrike 1/2 ” 28-210 Nm,Ndertim,,,,,ndertim,active
75750650 – Koke kriketi ajri e shkurter 3/4″ 65 mm,Ndertim,,,,,ndertim,active
HBC0836 – Gershere Teli 36-900mm,Ndertim,,,,,ndertim,active
HALPW0124 – Celes Hidraulik Papagall alumini 600 mm,Ndertim,,,,,ndertim,active
YT-09183 – Valixhe veglash me doreze alumini S12 system 450x260x240 mm,Ndertim,Aksesorë Ndërtimi,,,,ndertim,active
HRRTB2015 – Cante pune me rrota dhe doreze 20”45x28x36 cm,Ndertim,,,,,ndertim,active
3730 – Set me leva tapicerie metalike 5 cope,Ndertim,,,,,ndertim,active
"210/4 – Komplet me maja 40 cope, 3/8 1/2 “",Ndertim,,,,,ndertim,active
KHV453520 – Valixhe veglash Heavy block 1 445x360x216mm,Ndertim,Aksesorë Ndërtimi,,,,ndertim,active
YT-0884 – Valixhe metalike me 3 hapje 460x200x180MM,Ndertim,,,,,ndertim,active
50640001 – Zgjatues T 3/4″ 560 mm,Ndertim,,,,,ndertim,active
50650002 – Zgjatues 3/4″ 420 mm,Ndertim,,,,,ndertim,active
50660002 – Zgjatues 3/4″ 400 mm,Ndertim,,,,,ndertim,active
50751550 – Koke kriketi me 12 faqe 3/4″ 55 mm,Ndertim,,,,,ndertim,active
60750002 – Koke kriketi me 12 faqe 1″ 41 mm,Ndertim,,,,,ndertim,active
60750360 – Koke kriketi me 12 faqe 1″ 36 mm,Ndertim,,,,,ndertim,active
75750600 – Koke kriketi ajri e shkurter 3/4″ 60 mm,Ndertim,,,,,ndertim,active
76750500 – Koke kriketi 1″ ajri e shkurter 50 mm,Ndertim,,,,,ndertim,active
20610001 – Doreze kriketi 140 mm 1/4″ me buton,Ndertim,,,,,ndertim,active
5960001 – Celes hidraulik Suedez 45° 1/2 265 mm,Ndertim,,,,,ndertim,active
60820001 – Adaptor 3/4″ M – 1″ F,Ndertim,,,,,ndertim,active
50830001 – Adaptor 3/4″ F – 1″ M,Ndertim,,,,,ndertim,active
"206/6KR – Set me adaptore ajri 6 cope, 1/4 ” -3/4 “",Ndertim,,,,,ndertim,active
"210/5 – Komplet me maja shlice 22 cope, 3/8+1/2” M5-13",Ndertim,,,,,ndertim,active
"2122 – Komplet kacavide maja 122 cope, 1/4  25 mm",Ndertim,,,,,ndertim,active
HBV084 – Morsete Bango e rrotullueshme 4,Ndertim,,,,,ndertim,active
HPW0836 – Celes hidraulik papagall 36 85 mm,Ndertim,,,,,ndertim,active
08291160 – Prerese kablli elektrike VDE 160 mm,Ndertim,Zhavorr & Rërë,,,,ndertim,active
50750500 – Koke kriketi me 6 faqe 3/4″ 50 mm,Ndertim,,,,,ndertim,active
1183 – Komplet me pinca me qafe te gjate 3 cope,Ndertim,,,,,ndertim,active
"25/12T – Komplet me celesa fiso-fiso 12 cope, 6-32 mm",Ndertim,,,,,ndertim,active
"5050 – Set me 6 pipo hexagon 1/2 “, 5-12 mm",Ndertim,,,,,ndertim,active
HPPF14 – Kapese per maja PF 6-14 mm,Ndertim,Aksesorë Ndërtimi,,,,ndertim,active
HP-J/VX16 – Kapese dore per maja VX 16 mm,Ndertim,Aksesorë Ndërtimi,,,,ndertim,active
5800410 – Pince fermo per hapje me maje te kthyer 290 mm A41,Ndertim,,,,,ndertim,active
7780002 – Komplet limash hekuri 5 cope 200 mm,Ndertim,Hekur Betoni,,,,ndertim,active
74811210 – Koke kriketi per dadiceke e veshur 1/2″ 21,Ndertim,,,,,ndertim,active
01900340 – Celes fiso-stel me kend 34 mm,Ndertim,,,,,ndertim,active
"5004 – Komplet me maja 4 cope, 1/2  , T70-100",Ndertim,,,,,ndertim,active
"4410 – Komplet me celesa fiso-stel te shkurter te kromuar 10 cope, 10-19 mm",Ndertim,,,,,ndertim,active
"1218/3 – Doreze kriketi me 72 dhembe, 1/2 ” me buton",Ndertim,,,,,ndertim,active
"PBXK0302 – Set me 3 Valixhe plastike me kapese metalike 14″, 17″, 20 “",Ndertim,Aksesorë Ndërtimi,,,,ndertim,active
HFC021404 – Morsete Marangozi Industriale 140×1000 mm,Ndertim,,,,,ndertim,active
HTB02 – Valixhe metalike veglash me 3 hapje 495x200x290mm,Ndertim,Aksesorë Ndërtimi,,,,ndertim,active
"HKSPAR1083 – Komplet me celesa fiso-stel kriket me kend 8-19 mm, 8 cope",Ndertim,,,,,ndertim,active
YT-14501 – Komplet kriketi 1/4”,Ndertim,,,,,ndertim,active
KHV603535 – Valixhe veglash Heavy block 4 585x360x337mm,Ndertim,Aksesorë Ndërtimi,,,,ndertim,active
KXCA454015 – Valixhe veglash C Block me doreze alumini 450x380x168mm,Ndertim,Aksesorë Ndërtimi,,,,ndertim,active
YT-38561 – Komplet kriketi 3/8” 22 cope,Ndertim,,,,,ndertim,active
76650001 – Zgjatues ajri 1″ 150 mm,Ndertim,,,,,ndertim,active
75750550 – Koke kriketi ajri e shkurter 3/4″ 55 mm,Ndertim,,,,,ndertim,active
75750500 – Koke kriketi ajri e shkurter 3/4″ 50 mm,Ndertim,,,,,ndertim,active
"35/17T – Komplet me celesa fiso-stel 17 cope, 6-24 mm",Ndertim,,,,,ndertim,active
Tavoline pune per punime ne dru,Ndertim,,,,,ndertim,active
HKSPA1143 – Komplet me celesa fiso-stel 12 cope / 6-32 mm,Ndertim,,,,,ndertim,active
75650003 – Zgjatues ajri 3/4″ 400 mm,Ndertim,,,,,ndertim,active
50750460 – Koke kriketi me 6 faqe 3/4″ 46 mm,Ndertim,,,,,ndertim,active
75650002 – Zgjatues ajri 3/4″ 250 mm,Ndertim,,,,,ndertim,active
5840410 – Pince fermo per mbyllje me maje te kthyer 290 mm J41,Ndertim,,,,,ndertim,active
5861205 – Pince elektrike me maje te kthyer VDE 205 mm,Ndertim,,,,,ndertim,active
5851205 – Pince elektrike me maje te drejte VDE 205 mm,Ndertim,,,,,ndertim,active
7199060 – Set me dalta dhe bulino 6 cope,Ndertim,,,,,ndertim,active
5820040 – Pince fermo per mbyllje me maje te drejte 310 mm J4,Ndertim,,,,,ndertim,active
75810460 – Koke kriketi ajri 3/4″ 46 mm e gjate,Ndertim,,,,,ndertim,active
76750460 – Koke kriketi 1″ ajri e shkurter 46 mm,Ndertim,,,,,ndertim,active
"22699/K38 – Koke kriketi ajri e gjate me 6 faqe 3/4 ” , 38 mm",Ndertim,,,,,ndertim,active
YT-36140 – Percinuese dore per rondele M3-6,Ndertim,,,,,ndertim,active
"00250 – Set kove me berdaf per pllakashtrues 10L/ 42*22*18CM, Sfungjer 140*280MM",Ndertim,,,,,ndertim,active
KXC454015P – Valixhe veglash Compact Block 2 450x380x135mm,Ndertim,Aksesorë Ndërtimi,,,,ndertim,active
YT-0208 – Komplet me celsa fiso-stel kriket 7 Cope 10-19mm,Ndertim,,,,,ndertim,active
40740001 – Zgjatues T me koke te levizshme 1/2″,Ndertim,,,,,ndertim,active
5860205 – Pince mekanike me maje te kthyer me 3 komponente 205 mm,Ndertim,,,,,ndertim,active
50751500 – Koke kriketi me 12 faqe 3/4″ 50 mm,Ndertim,,,,,ndertim,active
76750410 – Koke kriketi 1″ ajri e shkurter 41 mm,Ndertim,,,,,ndertim,active
76810360 – Koke kriketi 1″ ajri e gjate 36 mm,Ndertim,,,,,ndertim,active
"PBXK0301 – Set kuti plastike Super Select 3-cope / 14” , 17” , 20″ me kapese plastike",Ndertim,Aksesorë Ndërtimi,,,,ndertim,active
40030025 – Set me 7 koka kriketi ajri 1/2 plus adaptor me kapje 1/4,Ndertim,,,,,ndertim,active
YT-14471 – Komplet kriketi CRV 1/4  38cope,Ndertim,,,,,ndertim,active
75810410 – Koke kriketi ajri 3/4″ 41 mm e gjate,Ndertim,,,,,ndertim,active
3045 – Pince per shtrengimin e terminaleve 0.5 – 6 mm²,Ndertim,Aksesorë Ndërtimi,,,,ndertim,active
"22699/K36 – Koke kriketi ajri e gjate me 6 faqe 3/4 ” , 36 mm",Ndertim,,,,,ndertim,active
"1205/3 – Doreze kriketi me kend, 1/2 ” 255 mm 72 dhembe",Ndertim,,,,,ndertim,active
HFC021401 – Morsete Marangozi Industriale 140x1200mm,Ndertim,,,,,ndertim,active
50751460 – Koke kriketi me 12 faqe 3/4″ 46 mm,Ndertim,,,,,ndertim,active
HBC0830 – Gershere Teli 30-750mm,Ndertim,,,,,ndertim,active
5321160 – Tronkeze elektrike VDE 160 mm,Ndertim,,,,,ndertim,active
Pince universale elektrike VDE 205 mm,Ndertim,,,,,ndertim,active
Pince elektrike me maje te drejte VDE 170 mm,Ndertim,,,,,ndertim,active
5570250 – Celes hidraulik Pro i veshur 250 mm,Ndertim,,,,,ndertim,active
50650001 – Zgjatues 3/4″ 200 mm,Ndertim,,,,,ndertim,active
75810380 – Koke kriketi ajri 3/4″ 38 mm e gjate,Ndertim,,,,,ndertim,active
75810360 – Koke kriketi ajri 3/4″ 36 mm e gjate,Ndertim,,,,,ndertim,active
75810330 – Koke kriketi ajri 3/4″ 33 mm e gjate,Ndertim,,,,,ndertim,active
2003032 – Celes poligon 30 x 32 mm,Ndertim,,,,,ndertim,active
YT-09182 – Kuti organizuese 263 x 363 x 77 mm me kapese plastike,Ndertim,Aksesorë Ndërtimi,,,,ndertim,active
5850205 – Pince mekanike me maje te drejte me 3 komponente 205 mm,Ndertim,,,,,ndertim,active
76810330 – Koke kriketi 1″ ajri e gjate 33 mm,Ndertim,,,,,ndertim,active
76810320 – Koke kriketi 1″ ajri e gjate 32 mm,Ndertim,,,,,ndertim,active
5460300 – Dare karpentieri e veshur 300 mm,Ndertim,,,,,ndertim,active
22720 – Koke e levizshme per leve kriketi T 1 “,Ndertim,Aksesorë Ndërtimi,,,,ndertim,active
"Kuti veglash me rrota (per mbajtjen e moduleve) 537x360mm, kapaciteti max 100 kg",Ndertim,Aksesorë Ndërtimi,,,,ndertim,active
KHV453535 – Valixhe veglash Heavy block 3 445x360x337mm,Ndertim,Aksesorë Ndërtimi,,,,ndertim,active
"YT-37237 – Ventuze Treshe Alumini Profi 125mm, 190Kg",Ndertim,,,,,ndertim,active
HKTS12201 – Komplet kriketi 1/2 20 cope,Ndertim,,,,,ndertim,active
30740001 – Zgjatues T me koke te levizshme 3/8”,Ndertim,,,,,ndertim,active
7530004 – Leve gomash kamioni e kthyer 600 mm,Ndertim,Aksesorë Ndërtimi,,,,ndertim,active
7540003 – Leve gomash kamioni e drejte 500 mm,Ndertim,Aksesorë Ndërtimi,,,,ndertim,active
7189060 – Komplet bulino me 6 cope 3-10 mm,Ndertim,,,,,ndertim,active
50750410 – Koke kriketi me 6 faqe 3/4″ 41 mm,Ndertim,,,,,ndertim,active
76750380 – Koke kriketi 1″ ajri e shkurter 38 mm,Ndertim,,,,,ndertim,active
76750300 – Koke kriketi 1″ ajri e shkurter 30 mm,Ndertim,,,,,ndertim,active
76810300 – Koke kriketi 1″ ajri e gjate 30 mm,Ndertim,,,,,ndertim,active
"22510 – Zgjatues 3/4″, 400 mm",Ndertim,,,,,ndertim,active
4725/1 – Pince me kend per fashetat metalike te makinave,Ndertim,,,,,ndertim,active
"1121/5 – Komplet Torx i Gjate me vrime i temperuar 9 cope, T10-50",Ndertim,,,,,ndertim,active
3154 – Komplet per shtrengim dhe zhveshje teli 48/ copesh,Ndertim,,,,,ndertim,active
"1206/3 – Doreze kriketi me kend e gomuar, 1/2 ” 255 mm 72 dhembe",Ndertim,,,,,ndertim,active
HADW131182 – Celes Anglez 450 mm (18”),Ndertim,,,,,ndertim,active
HKSD2628 – Set me 26 kacavida mekanike,Ndertim,Aksesorë Ndërtimi,,,,ndertim,active
HALPW0118 – Celes Hidraulik Papagall alumini 450 mm,Ndertim,,,,,ndertim,active
"LASWT0901 – Set me celesa tubolar L, 9 cope (7, 8, 10, 11, 12, 13, 14, 17,19mm)",Ndertim,,,,,ndertim,active
58643 – Komplet kriketi 1/4″ 5,Ndertim,,,,,ndertim,active
KXC454015 – Valixhe veglash Compact Block 1 450x380x135mm,Ndertim,Aksesorë Ndërtimi,,,,ndertim,active
YT-13490 – Leve kriketi L 3/4” 600x100mm,Ndertim,Aksesorë Ndërtimi,,,,ndertim,active
YT-38821 – Komplet kriketi 1/2″ me varje 12cope CRV,Ndertim,,,,,ndertim,active
YT-21200 – Gershere elektricisti 160mm VDE,Ndertim,,,,,ndertim,active
5761160 – Zhveshese teli elektrike VDE 160 mm,Ndertim,,,,,ndertim,active
75650001 – Zgjatues ajri 3/4″ 150 mm,Ndertim,,,,,ndertim,active
5320180 – Tronkeze universale mekanike me 3 komponente 180 mm,Ndertim,,,,,ndertim,active
05321145 – Tronkeze elektrike VDE 145 mm,Ndertim,,,,,ndertim,active
5001180 – Pince universale elektrike VDE 180 mm,Ndertim,,,,,ndertim,active
75750460 – Koke kriketi ajri e shkurter 3/4″ 46 mm,Ndertim,,,,,ndertim,active
7700002 – Kacavide per vida te prishura,Ndertim,Aksesorë Ndërtimi,,,,ndertim,active
"3708 – Set me leva makinash 5 cope, 160-210 mm",Ndertim,,,,,ndertim,active
1582 – Set me 3 grepa per heqjen e permistopave,Ndertim,,,,,ndertim,active
4725 – Pince per fashetat metalike te makinave,Ndertim,,,,,ndertim,active
"Doreze 10 mm per prereset BTC2000, BTC2200,BTC2500",Ndertim,Zhavorr & Rërë,,,,ndertim,active
ATAD0402 – Set me 45 meshkuj filetimi,Ndertim,Rrjetë Metalike,,,,ndertim,active
HKISSD12102L – Set me koka kriketi me goditje 1/2” (10-24 mm) 10 cope,Ndertim,,,,,ndertim,active
HKSPAR1082 – Kompet me celesa fiso-stel kriket 8 cope/8-19mm,Ndertim,,,,,ndertim,active
7540002 – Leve gomash kamioni e drejte 400 mm,Ndertim,Aksesorë Ndërtimi,,,,ndertim,active
50751410 – Koke kriketi me 12 faqe 3/4″ 41 mm,Ndertim,,,,,ndertim,active
76810190 – Koke kriketi 1″ ajri e gjate 19 mm,Ndertim,,,,,ndertim,active
5360200 – Dare karpentieri me koke te gjere e veshur 200 mm,Ndertim,,,,,ndertim,active
2512224 – Celes i care 22 x 24 mm,Ndertim,,,,,ndertim,active
"22699/K33 – Koke kriketi ajri e gjate me 6 faqe 3/4 ” , 33 mm",Ndertim,,,,,ndertim,active
"1218/2 – Doreze kriketi me 72 dhembe, 3/8 ” me buton",Ndertim,,,,,ndertim,active
5001165 – Pince universale elektrike VDE 165 mm,Ndertim,,,,,ndertim,active
76750360 – Koke kriketi 1″ ajri e shkurter 36 mm,Ndertim,,,,,ndertim,active
YT-22293 – Gershere tubi plastik 64MM me trup Alumini V-CUT,Ndertim,,,,,ndertim,active
50750380 – Koke kriketi me 6 faqe 3/4″ 38 mm,Ndertim,,,,,ndertim,active
76750270 – Koke kriketi 1″ ajri e shkurter 27 mm,Ndertim,,,,,ndertim,active
2002528 – Celes poligon 25 x 28 mm,Ndertim,,,,,ndertim,active
294 – Pince gomisti 240 mm,Ndertim,,,,,ndertim,active
"22699/K32 – Koke kriketi ajri e gjate me 6 faqe 3/4 ” , 32 mm",Ndertim,,,,,ndertim,active
HKTS12171 – Komplet Kriketi 1/2” 17 cope me varje,Ndertim,,,,,ndertim,active
HTBG09 – CANTE VEGLASH ME 18 XHEPA,Ndertim,Aksesorë Ndërtimi,,,,ndertim,active
HTBG10 – CANTE VEGLASH ME 25 XHEPA,Ndertim,Aksesorë Ndërtimi,,,,ndertim,active
20740001 – Zgjatues T me koke te levizshme 1/4”,Ndertim,,,,,ndertim,active
7169060 – Set me dalta dhe bulino 5 cope,Ndertim,,,,,ndertim,active
5320160 – Tronkeze universale mekanike me 3 komponente 160 mm,Ndertim,,,,,ndertim,active
5850170 – Pince mekanike me maje te drejte me 3 komponente 170 mm,Ndertim,,,,,ndertim,active
"YT-37236 – Ventuze Dopio Alumini Profi 125mm , 60Kg",Ndertim,,,,,ndertim,active
75810320 – Koke kriketi ajri 3/4″ 32 mm e gjate,Ndertim,,,,,ndertim,active
75810300 – Koke kriketi ajri 3/4″ 30 mm e gjate,Ndertim,,,,,ndertim,active
76750330 – Koke kriketi 1″ ajri e shkurter 33 mm,Ndertim,,,,,ndertim,active
76750320 – Koke kriketi 1″ ajri e shkurter 32 mm,Ndertim,,,,,ndertim,active
5460260 – Dare karpentieri e veshur 260 mm,Ndertim,,,,,ndertim,active
3060/2 – Zhveshese kabulli 0.8-2.6 mm²,Ndertim,,,,,ndertim,active
3060/1 – Zhveshese kabulli 0.2-0.8 mm²,Ndertim,,,,,ndertim,active
HKISD1201 – Set me  12 kacavida elektrike te kembyeshme,Ndertim,Aksesorë Ndërtimi,,,,ndertim,active
"HFOR321 – Percinuese dore firzamonike 815mm,32″ 3.2mm,4mm,4.8mm,6mm,6.4mm",Ndertim,,,,,ndertim,active
5560240 – Celes hidraulik i veshur 240 mm,Ndertim,,,,,ndertim,active
Komplet kriketi 1/4” 46 cope,Ndertim,,,,,ndertim,active
"HBP01028 – Cante Shpine 380x170x460mm, kapaciteti max 8 kg",Ndertim,,,,,ndertim,active
55222 – Celes Hidraulik Suedez  2” 45grade,Ndertim,,,,,ndertim,active
YT-18960 – Gershere llamarine me kend 422.5-45-90 grade S2,Ndertim,,,,,ndertim,active
5800310 – Pince fermo per hapje me maje te kthyer 200 mm A31,Ndertim,,,,,ndertim,active
5780040 – Pince fermo per hapje me maje te drejte 310 mm A4,Ndertim,,,,,ndertim,active
40811320 – Koke kriketi e gjate me 12 faqe 1/2″ 32 mm,Ndertim,,,,,ndertim,active
40811300 – Koke kriketi e gjate me 12 faqe 1/2″ 30 mm,Ndertim,,,,,ndertim,active
76750240 – Koke kriketi 1″ ajri e shkurter 24 mm,Ndertim,,,,,ndertim,active
2002427 – Celes poligon 24 x 27 mm,Ndertim,,,,,ndertim,active
2511922 – Celes i care 19 x 22 mm,Ndertim,,,,,ndertim,active
"22699/K30 – Koke kriketi ajri e gjate me 6 faqe 3/4 ” , 30 mm",Ndertim,,,,,ndertim,active
"1205/2 – Doreze kriketi me kend, 3/8 ” 205 mm 72 dhembe",Ndertim,,,,,ndertim,active
YT-23051 – Pince kapikordash 175mm,Ndertim,,,,,ndertim,active
YT-13475 – Leve kriketi L 3/4” 400x100mm,Ndertim,Aksesorë Ndërtimi,,,,ndertim,active
YT-1350 – Leve kriketi T 3/4 CRV “500MM,Ndertim,Aksesorë Ndërtimi,,,,ndertim,active
5320145 – Tronkeze universale mekanike me 3 komponente 145 mm,Ndertim,,,,,ndertim,active
50751380 – Koke kriketi me 12 faqe 3/4″ 38 mm,Ndertim,,,,,ndertim,active
50751360 – Koke kriketi me 12 faqe 3/4″ 36 mm,Ndertim,,,,,ndertim,active
75750410 – Koke kriketi ajri e shkurter 3/4″ 41 mm,Ndertim,,,,,ndertim,active
75750380 – Koke kriketi ajri e shkurter 3/4″ 38 mm,Ndertim,,,,,ndertim,active
75750360 – Koke kriketi ajri e shkurter 3/4″ 36 mm,Ndertim,,,,,ndertim,active
75810270 – Koke kriketi ajri 3/4″ 27 mm e gjate,Ndertim,,,,,ndertim,active
75810240 – Koke kriketi ajri 3/4″ 24 mm e gjate,Ndertim,,,,,ndertim,active
75810220 – Koke kriketi ajri 3/4″ 22 mm e gjate,Ndertim,,,,,ndertim,active
75810190 – Koke kriketi ajri 3/4″ 19 mm e gjate,Ndertim,,,,,ndertim,active
75810180 – Koke kriketi ajri 3/4″ 18 mm e gjate,Ndertim,,,,,ndertim,active
75810170 – Koke kriketi ajri 3/4″ 17 mm e gjate,Ndertim,,,,,ndertim,active
76750220 – Koke kriketi 1″ ajri e shkurter 22 mm,Ndertim,,,,,ndertim,active
76750190 – Koke kriketi 1″ ajri e shkurter 19 mm,Ndertim,,,,,ndertim,active
7000005 – Cekic gome me bisht druri 40 mm (E.L),Ndertim,,,,,ndertim,active
76820001 – Adaptor ajri 3/4″ M – 1″ F,Ndertim,,,,,ndertim,active
"125 – Komplet me celes tubolar te drejte 8 cope, 6-22 mm",Ndertim,,,,,ndertim,active
HKTS14462 – Komplet Kriketi  1/4” 4  ne valixhe plastike,Ndertim,,,,,ndertim,active
04410190 – Celes i gjate L (Hexagon) 19.0 mm,Ndertim,,,,,ndertim,active
237120 – Matravide filetimi DIN EN 22568 M12,Ndertim,,,,,ndertim,active
5820030 – Pince fermo per mbyllje me maje te drejte 220 mm J3,Ndertim,,,,,ndertim,active
7530003 – Leve gomash kamioni e kthyer 500 mm,Ndertim,Aksesorë Ndërtimi,,,,ndertim,active
50750360 – Koke kriketi me 6 faqe 3/4″ 36 mm,Ndertim,,,,,ndertim,active
5460230 – Dare karpentieri e veshur 230 mm,Ndertim,,,,,ndertim,active
"4803/36 – Koke kriketi ajri me shlica 1/2 ” , 36 mm",Ndertim,,,,,ndertim,active
"22699/K28 – Koke kriketi ajri e gjate me 6 faqe 3/4 ” , 28 mm",Ndertim,,,,,ndertim,active
"22699/K27 – Koke kriketi ajri e gjate me 6 faqe 3/4 ” , 27 mm",Ndertim,,,,,ndertim,active
"22699/K24 – Koke kriketi ajri e gjate me 6 faqe 3/4 ” , 24 mm",Ndertim,,,,,ndertim,active
"22699/K22 – Koke kriketi ajri e gjate me 6 faqe 3/4 ” , 22 mm",Ndertim,,,,,ndertim,active
HPW04023 – Celes Hidraulik 2- 45,Ndertim,,,,,ndertim,active
HPW04021 – Celes hidraulik Suedez 90 2/ 67mm,Ndertim,,,,,ndertim,active
HPW0824 – Celes Hidraulik Papagall 24 600 mm,Ndertim,,,,,ndertim,active
HKSPA1142 – Set me 12 celesa fiso-stel 6-24 mm,Ndertim,,,,,ndertim,active
5000205 – Pince universale mekanike me 3 komponente 205 mm,Ndertim,,,,,ndertim,active
5840310 – Pince fermo per mbyllje me maje te kthyer 200 mm J31,Ndertim,,,,,ndertim,active
5780030 – Pince fermo per hapje me maje te drejte 220 mm A3,Ndertim,,,,,ndertim,active
40811270 – Koke kriketi e gjate me 12 faqe 1/2″ 27 mm,Ndertim,,,,,ndertim,active
01850320 – Celes fiso-stel 32 mm,Ndertim,,,,,ndertim,active
"157/2 – Krah per meshkuj filetimi DIN 1814, 280 mm, M4-12",Ndertim,Rrjetë Metalike,,,,ndertim,active
222 – Komplet kacavide me goditje 1/2  me 6 maja,Ndertim,,,,,ndertim,active
"1206/2 – Doreze kriketi me kend e gomuar, 3/8 ” 205 mm 72 dhembe",Ndertim,,,,,ndertim,active
Modul mbajtes per 4 kuti organizuese plastike 380x182x320mm – WTB8344,Ndertim,,,,,ndertim,active
2002123 – Celes poligon 21 x 23 mm,Ndertim,,,,,ndertim,active
"22600/50 – Koke kriketi me 6 faqe, 3/4 ” , 50 mm",Ndertim,,,,,ndertim,active
HKSD10028 – Set me 100 kacavida mekanike,Ndertim,Aksesorë Ndërtimi,,,,ndertim,active
HIKPS28318 – Set me 3 pinca elektrike,Ndertim,,,,,ndertim,active
5560180 – Celes hidraulik i veshur 180 mm,Ndertim,,,,,ndertim,active
"Vare me bisht fibre 5Kg, bisht 900mm – WHM2350",Ndertim,,,,,ndertim,active
40811240 – Koke kriketi e gjate me 12 faqe 1/2″ 24 mm,Ndertim,,,,,ndertim,active
75750330 – Koke kriketi ajri e shkurter 3/4″ 33 mm,Ndertim,,,,,ndertim,active
5360180 – Dare karpentieri me koke te gjere e veshur 180 mm,Ndertim,,,,,ndertim,active
"22644/50 – Koke kriketi me shlica 3/4 ” , me 12 faqe 50 mm",Ndertim,,,,,ndertim,active
20612 – Adaptor ajri 1  F-3/4″F,Ndertim,,,,,ndertim,active
5460180 – Dare karpentieri e veshur 180 mm,Ndertim,,,,,ndertim,active
"206/6 – Set me adaptore 6 cope 1/4-3/4″, CrV",Ndertim,,,,,ndertim,active
YT-0606 – Pince fashetash makine,Ndertim,,,,,ndertim,active
58641 – Komplet kriketi 1/4 ” 42 cope,Ndertim,,,,,ndertim,active
7000004 – Cekic gome me bisht druri 35 mm (E.L),Ndertim,,,,,ndertim,active
74830001 – Adaptor ajri 3/4″ M – 1/2″ F,Ndertim,,,,,ndertim,active
75830001 – Adaptor ajri 3/4″ F – 1″ M,Ndertim,,,,,ndertim,active
"22600/46 – Koke kriketi me 6 faqe, 3/4 ” , 46 mm",Ndertim,,,,,ndertim,active
50750340 – Koke kriketi me 6 faqe 3/4″ 34 mm,Ndertim,,,,,ndertim,active
2511719 – Celes i care 17 x 19 mm,Ndertim,,,,,ndertim,active
01900280 – Celes fiso-stel me kend 28 mm,Ndertim,,,,,ndertim,active
"1205/1 – Doreze kriketi me kend, 1/4 ” 145 mm 72 dhembe",Ndertim,,,,,ndertim,active
1203/1 – Doreze kriketi e shkurter me buton 1/4 ” 105 mm 72 dhembe,Ndertim,,,,,ndertim,active
"Doreze kriketi me kend e gomuar, 1/4 ” 145 mm 72 dhembe",Ndertim,,,,,ndertim,active
HQBC36803 – MORSETE SHTRENGUESE PLASTIKE 80x9000mm,Ndertim,,,,,ndertim,active
05312 – Ventuze dopio Profesionale alumini 2x115MM 70 kg,Ndertim,,,,,ndertim,active
5800210 – Pince fermo per hapje me maje te kthyer 165 mm A21,Ndertim,,,,,ndertim,active
2002022 – Celes poligon 20 x 22 mm,Ndertim,,,,,ndertim,active
HFC021203 – Morsete Marangozi Industriale 120×8000 mm,Ndertim,,,,,ndertim,active
HBC0824 – Gershere Teli 24-600 mm,Ndertim,,,,,ndertim,active
5000180 – Pince universale mekanike me 3 komponente 180 mm,Ndertim,,,,,ndertim,active
75750320 – Koke kriketi ajri e shkurter 3/4″ 32 mm,Ndertim,,,,,ndertim,active
"22644/46 – Koke kriketi me shlica 3/4 ” , me 12 faqe 46 mm",Ndertim,,,,,ndertim,active
"22600/K38 – Koke kriketi ajri me 6 faqe 3/4 ” , 38 mm",Ndertim,,,,,ndertim,active
Kuti veglash e montueshme 19″ (480x320x248mm),Ndertim,Aksesorë Ndërtimi,,,,ndertim,active
"Vare me bisht fibre 4Kg per thyerje guri, bisht 900mm – WHM9340",Ndertim,,,,,ndertim,active
"Vare me bisht fibre 4Kg, bisht 900mm – WHM2340",Ndertim,,,,,ndertim,active
"HTBGL04 – Cante Veglash 16” me 7 xhepa, kapaciteti max 15 kg",Ndertim,Aksesorë Ndërtimi,,,,ndertim,active
Pince universale mekanike me 3 komponente 165 mm,Ndertim,,,,,ndertim,active
YT-36012 – Percinuese dore 2.4 – 4.8 mm,Ndertim,,,,,ndertim,active
"YT-2228 – Gershere tubi plastik, 51 mm",Ndertim,,,,,ndertim,active
YT-2828 – Set me 7 kacavida elektrike,Ndertim,Aksesorë Ndërtimi,,,,ndertim,active
48350 – Gershere llamarine me kend 45-120 grade 5 ne 1,Ndertim,,,,,ndertim,active
58640 – Komplet kriketi 1/4”38 cope,Ndertim,,,,,ndertim,active
PBX2001 – Kuti veglash plasike 20″,Ndertim,Aksesorë Ndërtimi,,,,ndertim,active
YT-22443 – Pince telefoni RJ45/10/11,Ndertim,,,,,ndertim,active
YT-4945 – Celes kriket-kriket  10x13x17x19MM CRV,Ndertim,,,,,ndertim,active
237100 – Matravide filetimi DIN EN 22568 M10,Ndertim,,,,,ndertim,active
HTVX08 – Kapese dore per maja VX deri 8 mm,Ndertim,Aksesorë Ndërtimi,,,,ndertim,active
40921700 – Pipo Torx e gjate 1/2″ T70 x 100 mm,Ndertim,,,,,ndertim,active
40921600 – Pipo Torx e gjate 1/2″ T60 x 100 mm,Ndertim,,,,,ndertim,active
40921550 – Pipo Torx e gjate 1/2″ T55 x 100 mm,Ndertim,,,,,ndertim,active
40921500 – Pipo Torx e gjate 1/2″ T50 x 100 mm,Ndertim,,,,,ndertim,active
74920600 – Pipo Torx ajri 1/2” TX60,Ndertim,,,,,ndertim,active
5000165 – Pince universale mekanike me 3 komponente 165 mm,Ndertim,,,,,ndertim,active
5800110 – Pince fermo per hapje me maje te kthyer 125 mm A11,Ndertim,,,,,ndertim,active
7760005 – Lime gjysmerrethore 250 mm,Ndertim,,,,,ndertim,active
50750330 – Koke kriketi me 6 faqe 3/4″ 33 mm,Ndertim,,,,,ndertim,active
40750360 – Koke kriketi me 6 faqe 1/2″ 36 mm,Ndertim,,,,,ndertim,active
40811220 – Koke kriketi e gjate me 12 faqe 1/2″ 22 mm,Ndertim,,,,,ndertim,active
40811210 – Koke kriketi e gjate me 12 faqe 1/2″ 21 mm,Ndertim,,,,,ndertim,active
75750300 – Koke kriketi ajri e shkurter 3/4″ 30 mm,Ndertim,,,,,ndertim,active
2001922 – Celes poligon 19 x 22 mm,Ndertim,,,,,ndertim,active
2511417 – Celes i care 14 x 17 mm,Ndertim,,,,,ndertim,active
"22505 – Zgjatues 3/4″, 200 mm",Ndertim,,,,,ndertim,active
3720 – Set me 2 leva tapicerie,Ndertim,,,,,ndertim,active
265/600 – Leve gomash e drejte 600 mm,Ndertim,Aksesorë Ndërtimi,,,,ndertim,active
"Komplet me pinca precizioni 4 cope, 110-120 mm",Ndertim,,,,,ndertim,active
"35/12T – Komplet me celesa fiso-stel 12 cope, 6-22 mm",Ndertim,,,,,ndertim,active
"4803/34 – Koke kriketi ajri me shlica 1/2 ” , 34 mm",Ndertim,,,,,ndertim,active
"4803/33 – Koke kriketi ajri me shlica 1/2 ” , 33 mm",Ndertim,,,,,ndertim,active
"22600/K36 – Koke kriketi ajri me 6 faqe 3/4 ” , 36 mm",Ndertim,,,,,ndertim,active
PBX2002 – Valixhe plastike me kapese metalike 20″,Ndertim,Aksesorë Ndërtimi,,,,ndertim,active
HBV082 – Morsete Bango e rrotullueshme 60 mm,Ndertim,,,,,ndertim,active
HKSD2658 – Set me 26 kacavida,Ndertim,Aksesorë Ndërtimi,,,,ndertim,active
HKTS12122 – Komplet Kriketi 1/2” 12 cope,Ndertim,,,,,ndertim,active
YT-0530 – Set me 4 celesa E6-E24,Ndertim,,,,,ndertim,active
40921450 – Pipo Torx e gjate 1/2″ T45 x 100 mm,Ndertim,,,,,ndertim,active
40921400 – Pipo Torx e gjate 1/2″ T40 x 100 mm,Ndertim,,,,,ndertim,active
40921300 – Pipo Torx e gjate 1/2″ T30 x 100 mm,Ndertim,,,,,ndertim,active
40921270 – Pipo Torx e gjate 1/2″ T27 x 100 mm,Ndertim,,,,,ndertim,active
40791160 – Pipo shlic 1/2″ M16 x 100 mm,Ndertim,,,,,ndertim,active
4100/18 – Celes fiso-stel kriket 18 mm,Ndertim,,,,,ndertim,active
HBC0818 – Gershere Teli 18-450 mm,Ndertim,,,,,ndertim,active
YT-7433 – Cante rrobe me 16 xhepa 40x23x21CM,Ndertim,,,,,ndertim,active
40640001 – Zgjatues T 1/2″,Ndertim,,,,,ndertim,active
40790160 – Pipo shlic 1/2″ M16 x 60 mm,Ndertim,,,,,ndertim,active
40790140 – Pipo shlic 1/2″ M14 x 60 mm,Ndertim,,,,,ndertim,active
50751340 – Koke kriketi me 12 faqe 3/4″ 34 mm,Ndertim,,,,,ndertim,active
40810320 – Koke kriketi e gjate me 6 faqe 1/2″ 32 mm,Ndertim,,,,,ndertim,active
40810300 – Koke kriketi e gjate me 6 faqe 1/2″ 30 mm,Ndertim,,,,,ndertim,active
40810270 – Koke kriketi e gjate me 6 faqe 1/2″ 27 mm,Ndertim,,,,,ndertim,active
01900260 – Celes fiso-stel me kend 26 mm,Ndertim,,,,,ndertim,active
75820001 – Adaptor ajri 3/4″ F – 1/2″ M,Ndertim,,,,,ndertim,active
"1121/4 – Komplet Torx i Shkurter 9 cope, T10-50",Ndertim,,,,,ndertim,active
"1121/3 – Komplet Hexagon me kend i shkurter 9 cope, 1.5-10 mm",Ndertim,,,,,ndertim,active
09165 – Pistolete shkume me maje te gjate 500 mm,Ndertim,,,,,ndertim,active
5840210 – Pince fermo per mbyllje me maje te kthyer 165 mm J21,Ndertim,,,,,ndertim,active
40930550 – Pipo Torx me vrime 1/2″ T55 x 60 mm,Ndertim,,,,,ndertim,active
Pince fermo per mbyllje me maje te drejte 180 mm J2,Ndertim,,,,,ndertim,active
7760002 – Lime trekendeshe 250 mm,Ndertim,,,,,ndertim,active
75750270 – Koke kriketi ajri e shkurter 3/4″ 27 mm,Ndertim,,,,,ndertim,active
75750240 – Koke kriketi ajri e shkurter 3/4″ 24 mm,Ndertim,,,,,ndertim,active
75750220 – Koke kriketi ajri e shkurter 3/4″ 22 mm,Ndertim,,,,,ndertim,active
2001819 – Celes poligon 18 x 19 mm,Ndertim,,,,,ndertim,active
2511314 – Celes i care 13 x 14 mm,Ndertim,,,,,ndertim,active
01850300 – Celes fiso-stel 30 mm,Ndertim,,,,,ndertim,active
21930 – Adaptor ajri me koke te levizshme 1/2”F – 1/2” M,Ndertim,,,,,ndertim,active
HADW131152 – Celes Anglez I zhveshur 375 mm 15”,Ndertim,,,,,ndertim,active
"Vare me bisht fibre 3Kg, bisht 900mm – WHM2330",Ndertim,,,,,ndertim,active
40930500 – Pipo Torx me vrime 1/2″ T50 x 60mm,Ndertim,,,,,ndertim,active
40921250 – Pipo Torx e gjate 1/2″ T25 x 100 mm,Ndertim,,,,,ndertim,active
40921200 – Pipo Torx e gjate 1/2″ T20 x 100 mm,Ndertim,,,,,ndertim,active
40791140 – Pipo shlic 1/2″ M14 x 100 mm,Ndertim,,,,,ndertim,active
40791120 – Pipo shlic 1/2″ M12 x 100 mm,Ndertim,,,,,ndertim,active
5840110 – Pince fermo per mbyllje me maje te kthyer 125 mm J11,Ndertim,,,,,ndertim,active
5820010 – Pince fermo per mbyllje me maje te drejte 135 mm J1,Ndertim,,,,,ndertim,active
Pince fermo per hapje me maje te drejte 180 mm A2,Ndertim,,,,,ndertim,active
5780010 – Pince fermo per hapje me maje te drejte 135 mm A1,Ndertim,,,,,ndertim,active
"22600/K32 – Koke kriketi ajri me 6 faqe 3/4 ” , 32 mm",Ndertim,,,,,ndertim,active
04410170 – Celes i gjate L (Hexagon) 17.0 mm,Ndertim,,,,,ndertim,active
YT-0643 – Pince gomisti,Ndertim,,,,,ndertim,active
30650002 – Zgjatues 3/8″ 250 mm,Ndertim,,,,,ndertim,active
40930450 – Pipo Torx me vrime 1/2″ T45 x 60 mm,Ndertim,,,,,ndertim,active
50751330 – Koke kriketi me 12 faqe 3/4″ 33 mm,Ndertim,,,,,ndertim,active
40810240 – Koke kriketi e gjate me 6 faqe 1/2″ 24 mm,Ndertim,,,,,ndertim,active
40811190 – Koke kriketi e gjate me 12 faqe 1/2″ 19 mm,Ndertim,,,,,ndertim,active
40811170 – Koke kriketi e gjate me 12 faqe 1/2″ 17 mm,Ndertim,,,,,ndertim,active
40811160 – Koke kriketi e gjate me 12 faqe 1/2″ 16 mm,Ndertim,,,,,ndertim,active
2001719 – Celes poligon 17 x 19 mm,Ndertim,,,,,ndertim,active
2511113 – Celes i care 11 x 13 mm,Ndertim,,,,,ndertim,active
2511012 – Celes i care 10 x 12 mm,Ndertim,,,,,ndertim,active
11183/30 – Taf Torx T30 x 360 mm,Ndertim,,,,,ndertim,active
11183/25 – Taf Torx T25 x 360 mm,Ndertim,,,,,ndertim,active
11183/20 – Taf Torx T20 x 360 mm,Ndertim,,,,,ndertim,active
11183/10 – Taf Torx T10 x 360 mm,Ndertim,,,,,ndertim,active
"1006 – Set me 12 koka kriketi 1/4″ + 3/8″, E4-20",Ndertim,,,,,ndertim,active
4511 – Pipo shlic M10 adaptor per heqje motorrino me kapje 12 mm,Ndertim,,,,,ndertim,active
1121Z – Komplet hexagon i gjate 9 cope,Ndertim,,,,,ndertim,active
2136/32 – Celes fiso-stel i kromuar 32 mm,Ndertim,,,,,ndertim,active
3955 – Brez lekure 210×550 mm,Ndertim,,,,,ndertim,active
"HSTB34181 – Leve kriketi T, 3/4”, 450 mm me koke te levizshme",Ndertim,Aksesorë Ndërtimi,,,,ndertim,active
YT-0677 – Pince fleksibel per fasheta metalike 690mm,Ndertim,,,,,ndertim,active
YT-08426 – Set me 9 kacavida grep me maje te kthyer,Ndertim,Aksesorë Ndërtimi,,,,ndertim,active
50750320 – Koke kriketi me 6 faqe 3/4″ 32 mm,Ndertim,,,,,ndertim,active
50751320 – Koke kriketi me 12 faqe 3/4″ 32 mm,Ndertim,,,,,ndertim,active
40811150 – Koke kriketi e gjate me 12 faqe 1/2″ 15 mm,Ndertim,,,,,ndertim,active
40811140 – Koke kriketi e gjate me 12 faqe 1/2″ 14 mm,Ndertim,,,,,ndertim,active
2020/14 – Taf Pipo 14 x 230 mm,Ndertim,,,,,ndertim,active
2136/30 – Celes fiso-stel i kromuar 30 mm,Ndertim,,,,,ndertim,active
30640001 – Zgjatues T 3/8″ 200 mm,Ndertim,,,,,ndertim,active
"22600/41 – Koke kriketi me 6 faqe, 3/4 ” , 41 mm",Ndertim,,,,,ndertim,active
HCBS016001 – Sharre Dore Betoni 24″/600mm me 17 dhembe Tungsteni,Ndertim,,,,,ndertim,active
HKTS38122 – Komplet Kriketi 3/8”  me varje,Ndertim,,,,,ndertim,active
HQBC24802 – MORSETE SHTRENGUESE PLASTIKE 80x600mm,Ndertim,,,,,ndertim,active
HRTH08128L – DOREZE KRIKETI ME ZGJATIM 1/2’’ 72T,Ndertim,,,,,ndertim,active
53710 – Leve kriketi me koke te levizshme 3/4″x450MM,Ndertim,Aksesorë Ndërtimi,,,,ndertim,active
HSG1406 – Kapese dore per maja 2 In,Ndertim,Aksesorë Ndërtimi,,,,ndertim,active
"HHKT80838 – Set Taf – Torx 8 cope T10X75,T15X75,T20X100,T25X100,T30X150,T40X150,T45X200,T50X200",Ndertim,,,,,ndertim,active
"HKSPAR1062 – Set me 6 celsa FISO-STEL KRIKET 8-10-12-13-14-17 mm,",Ndertim,,,,,ndertim,active
237080 – Matravide filetimi DIN EN 22568 M8,Ndertim,,,,,ndertim,active
40660002 – Zgjatues me kend 1/2″ 250 mm,Ndertim,,,,,ndertim,active
50750300 – Koke kriketi me 6 faqe 3/4″ 30 mm,Ndertim,,,,,ndertim,active
40810220 – Koke kriketi e gjate me 6 faqe 1/2″ 22 mm,Ndertim,,,,,ndertim,active
75750190 – Koke kriketi ajri e shkurter 3/4″ 19 mm,Ndertim,,,,,ndertim,active
75750180 – Koke kriketi ajri e shkurter 3/4″ 18 mm,Ndertim,,,,,ndertim,active
74810320 – Koke kriketi ajri e gjate 1/2″ 32 mm,Ndertim,,,,,ndertim,active
74810300 – Koke kriketi ajri e gjate 1/2″ 30 mm,Ndertim,,,,,ndertim,active
74810270 – Koke kriketi ajri e gjate 1/2″ 27 mm,Ndertim,,,,,ndertim,active
02511011 – Celes i care 10 x 11 mm,Ndertim,,,,,ndertim,active
1850280 – Celes fiso-stel 28 mm,Ndertim,,,,,ndertim,active
"22500 – Zgjatues 3/4″, 100 mm",Ndertim,,,,,ndertim,active
2027/13 – Taf Pipo 13 x 230 mm,Ndertim,,,,,ndertim,active
20703 – Set me 3 adaptor magnetik per koka kriketi 1/4 3/8 1/2″,Ndertim,,,,,ndertim,active
"157/1.5 – Krah per meshkuj filetimi DIN 1814, 180 mm, M1-12",Ndertim,Rrjetë Metalike,,,,ndertim,active
"22644/41 – Koke kriketi me shlica 3/4 ” , me 12 faqe 41 mm",Ndertim,,,,,ndertim,active
"22644/38 – Koke kriketi me shlica 3/4 ” , me 12 faqe 38 mm",Ndertim,,,,,ndertim,active
"22600/K30 – Koke kriketi ajri me 6 faqe 3/4 ” , 30 mm",Ndertim,,,,,ndertim,active
BHT1510 – Pistolete silikoni sallam 600 cc,Ndertim,,,,,ndertim,active
HWBA01482 – Leve dizermimi 48″(1200mm)x1-1/8″(29mm)x19/32″(15.0mm),Ndertim,Aksesorë Ndërtimi,,,,ndertim,active
HKISSD12101 – Kompet koka kriketi me goditje 10 cop. 1/2″ 10-24 mm,Ndertim,,,,,ndertim,active
"HSG1404 – Kapese dore per maja 4 – 14 mm, (perfshire 1000 maja)",Ndertim,Aksesorë Ndërtimi,,,,ndertim,active
"HR131 – Percinuese Dore 13 per percina 3.2, 4.0, 4.8, 6.0 mm",Ndertim,,,,,ndertim,active
"HKSD1028 – Set me 10 kacavida 1pcs SL3.0*3*75 , SL4.0*4*100, SL5.5*5*125, SL6.5*6*150",Ndertim,Aksesorë Ndërtimi,,,,ndertim,active
HFC021205 – Morsete Marangozi Industriale 120x600mm,Ndertim,,,,,ndertim,active
HFC021202 – Morsete Marangozi Industriale 120×500 mm,Ndertim,,,,,ndertim,active
HFC021204 – Morsete Marangozi Industriale 120×400 mm,Ndertim,,,,,ndertim,active
"HTSNK0110 – Set me 3 gershere llamarine 250mm 10 (majtas,djathtas,drejte)",Ndertim,,,,,ndertim,active
"HCCPS01180 – Set me 4 pinca fermo: 2 cp 180,2 cp 90 7″/180mm",Ndertim,,,,,ndertim,active
"HCCPS26180 – Set me 4 pinca fermo 7″/180mm, 2cp 180,2cp 90",Ndertim,,,,,ndertim,active
"HCCPS26125 – Set me 4 pinca fermo 5″/150mm, 2cp 180,2cp 90",Ndertim,,,,,ndertim,active
"HKHLPS2831 – Set me 3 pinca (pince 8, pince me maje te gjate 6, trokeze 7)",Ndertim,,,,,ndertim,active
HADW131128 – Celes Anglez i veshur 300 mm 12,Ndertim,,,,,ndertim,active
LASWT0601 – Set me celesa tubolar L 1/2 – 6 cope (7-14mm),Ndertim,,,,,ndertim,active
HKSPA3088 – Komplet me celesa poligon 8 cope / 6-22 mm,Ndertim,,,,,ndertim,active
55221 – Celes hidraulik suedez,Ndertim,,,,,ndertim,active
40660001 – Zgjatues me kend 1/2″ 125 mm,Ndertim,,,,,ndertim,active
40791100 – Pipo shlic 1/2″ M10 x 100 mm,Ndertim,,,,,ndertim,active
50751300 – Koke kriketi me 12 faqe 3/4″ 30 mm,Ndertim,,,,,ndertim,active
40810210 – Koke kriketi e gjate me 6 faqe 1/2″ 21 mm,Ndertim,,,,,ndertim,active
2001617 – Celes poligon 16 x 17 mm,Ndertim,,,,,ndertim,active
"Pince fiksuese me hark 210mm me nofull te dhembezuar, doreze e gomuar – WZB8002",Ndertim,,,,,ndertim,active
"BHT7984 – Kove llaci e zeze rrethore 90L, me shkalle matese",Ndertim,Çimento & Llaç,,,,ndertim,active
"BHT7978 – Kove llaci e zeze drejtekendore 80L, 78×55.5×30.3cm",Ndertim,Çimento & Llaç,,,,ndertim,active
YT-70020 – Kapse tapicerie 3 funksione,Ndertim,,,,,ndertim,active
YT-2827 – Set me 5 kacavida elektrike,Ndertim,Aksesorë Ndërtimi,,,,ndertim,active
HTBG08 – CANTE VEGLASH ME  16 XHEPA,Ndertim,Aksesorë Ndërtimi,,,,ndertim,active
"YT-10671 – Set me 6 adaptore CRV 3/8M*1/4F, 1/4M*3/8F, 3/8F*1/2M, 1/2M*3/8F, 3/4M*1/2F, 1/2M*3/4F",Ndertim,,,,,ndertim,active
05302 – Ventuze treshe 3x115MM100 kg,Ndertim,,,,,ndertim,active
40930400 – Pipo Torx me vrime 1/2″ T40 x 60 mm,Ndertim,,,,,ndertim,active
40920600 – Pipo Torx 1/2″ T60 x 60 mm,Ndertim,,,,,ndertim,active
50750270 – Koke kriketi me 6 faqe 3/4″ 27 mm,Ndertim,,,,,ndertim,active
50750240 – Koke kriketi me 6 faqe 3/4″ 24 mm,Ndertim,,,,,ndertim,active
75750170 – Koke kriketi ajri e shkurter 3/4″ 17 mm,Ndertim,,,,,ndertim,active
2001415 – Celes poligon 14 x 15 mm,Ndertim,,,,,ndertim,active
0440 0190 – Celes i shkurter L (Hexagon) 19.0 mm,Ndertim,,,,,ndertim,active
HISS1601 – Gershere elektricisti,Ndertim,,,,,ndertim,active
159/2 – Krah mbajtes kriket i shkurter per meshkuj filetimi M5-12,Ndertim,Rrjetë Metalike,,,,ndertim,active
21926 – Koke kriketi me kend per maja 1/4,Ndertim,,,,,ndertim,active
20450/2 – Kacavide mekaniku e gjate 450 mm PH2,Ndertim,,,,,ndertim,active
"20450/6 – Kacavide mekanike pete e gjate 450 mm, 6.5 mm",Ndertim,,,,,ndertim,active
"921 – Kacavide fleksibel me kapje 1/4  F, 320 mm",Ndertim,,,,,ndertim,active
4100/16 – Celes fiso-stel kriket 16 mm,Ndertim,,,,,ndertim,active
3525/32 – Celes fiso-stel 32 mm,Ndertim,,,,,ndertim,active
20611 – Adaptor ajri 3/4 F x 1 M,Ndertim,,,,,ndertim,active
HRCPG05210 – Pince shtrenuese automatike  6″,Ndertim,,,,,ndertim,active
HMPS06115 – Set me mini pinca,Ndertim,,,,,ndertim,active
HPW0818 – Celes Hidraulik Papagall 18 450 mm,Ndertim,,,,,ndertim,active
HWBA01362 – Leve dizermimi 36″(900mm)x1-1/8″(29mm)x19/32″(15.0mm),Ndertim,Aksesorë Ndërtimi,,,,ndertim,active
HBC0814 – Gershere Teli 14 350 mm,Ndertim,,,,,ndertim,active
HPW04153 – Celes Hidraulik 1 1/2- 45,Ndertim,,,,,ndertim,active
Valixhe plastike 19″ me kapese metalike – WTB3319,Ndertim,Aksesorë Ndërtimi,,,,ndertim,active
HKTS14271 – Komplet Kriketi 1/4” 27 cope me varje,Ndertim,,,,,ndertim,active
241112 – Krah per meshkuj filetimi M1-M12,Ndertim,Rrjetë Metalike,,,,ndertim,active
40920550 – Pipo Torx 1/2″ T55 x 60 mm,Ndertim,,,,,ndertim,active
40790120 – Pipo shlic 1/2″ M12 x 60 mm,Ndertim,,,,,ndertim,active
50751270 – Koke kriketi me 12 faqe 3/4″ 27 mm,Ndertim,,,,,ndertim,active
2001317 – Celes poligon 13 x 17 mm,Ndertim,,,,,ndertim,active
"22600/K28 – Koke kriketi ajri me 6 faqe 3/4 ” , 28 mm",Ndertim,,,,,ndertim,active
55220 – Celes Hidraulik Suedez  1” 45grade,Ndertim,,,,,ndertim,active
237060 – Matravide filetimi DIN EN 22568 M6,Ndertim,,,,,ndertim,active
237050 – Matravide filetimi DIN EN 22568 M5,Ndertim,,,,,ndertim,active
237040 – Matravide filetimi DIN EN 22568 M4,Ndertim,,,,,ndertim,active
6710140 – T-pipo 14 mm,Ndertim,,,,,ndertim,active
40811130 – Koke kriketi e gjate me 12 faqe 1/2″ 13 mm,Ndertim,,,,,ndertim,active
40811120 – Koke kriketi e gjate me 12 faqe 1/2″ 12 mm,Ndertim,,,,,ndertim,active
40811110 – Koke kriketi e gjate me 12 faqe 1/2″ 11 mm,Ndertim,,,,,ndertim,active
40811100 – Koke kriketi e gjate me 12 faqe 1/2″ 10 mm,Ndertim,,,,,ndertim,active
53810040 – Kacavide profesionale me koke HEX 1/4” x 10 me adaptor,Ndertim,,,,,ndertim,active
"12071/K18 – Pipo Shlice 1/2 ” , M18 x 80 mm",Ndertim,,,,,ndertim,active
"12022/24 – Pipo Hegzagon i shkurter 1/2 ” , 24×55 mm",Ndertim,,,,,ndertim,active
Mbajtese letre rulon me rrota per servise,Ndertim,,,,,ndertim,active
40930300 – Pipo Torx me vrime 1/2″ T30 x 60 mm,Ndertim,,,,,ndertim,active
40930270 – Pipo Torx me vrime 1/2″ T27 x 60 mm,Ndertim,,,,,ndertim,active
40930250 – Pipo Torx me vrime 1/2″ T25 x 60 mm,Ndertim,,,,,ndertim,active
40930200 – Pipo Torx me vrime 1/2″ T20 x 60 mm,Ndertim,,,,,ndertim,active
74920550 – Pipo Torx ajri 1/2” TX55,Ndertim,,,,,ndertim,active
40920500 – Pipo Torx 1/2″ T50 x 60 mm,Ndertim,,,,,ndertim,active
7760004 – Lime katrore 250 mm,Ndertim,,,,,ndertim,active
7760001 – Lime drejtkendeshe 250 mm,Ndertim,,,,,ndertim,active
40810190 – Koke kriketi e gjate me 6 faqe 1/2″ 19 mm,Ndertim,,,,,ndertim,active
74750320 – Koke kriketi ajri 1/2″ 32 mm,Ndertim,,,,,ndertim,active
2510810 – Celes i care 8 x 10 mm,Ndertim,,,,,ndertim,active
74820001 – Adaptor ajri 3/8″ M – 1/2″ F,Ndertim,,,,,ndertim,active
"12073/K70 – Pipo Torx Ajri 1/2 ” , T70 x 80 mm",Ndertim,,,,,ndertim,active
"22600/K27 – Koke kriketi ajri me 6 faqe 3/4 ” , 27 mm",Ndertim,,,,,ndertim,active
20610 – Adaptor ajri 3/4  F-1/2 M”,Ndertim,,,,,ndertim,active
HKSDB0268 – Set me 26 maja + adaptor,Ndertim,,,,,ndertim,active
YT-1690 – Celes Fiso-Stel kriket me koke te levizshme 24mm,Ndertim,,,,,ndertim,active
HEB34081 – Leve kriketi T 3/4’’,Ndertim,Aksesorë Ndërtimi,,,,ndertim,active
6710130 – T-pipo 13 mm,Ndertim,,,,,ndertim,active
40791080 – Pipo shlic 1/2″ M8 x 100 mm,Ndertim,,,,,ndertim,active
40791060 – Pipo shlic 1/2″ M6 x 100 mm,Ndertim,,,,,ndertim,active
40791050 – Pipo shlic 1/2″ M5 x 100 mm,Ndertim,,,,,ndertim,active
7750014 – Lime gjysmerrethore 200 mm,Ndertim,,,,,ndertim,active
50750190 – Koke kriketi me 6 faqe 3/4″ 19 mm,Ndertim,,,,,ndertim,active
50751240 – Koke kriketi me 12 faqe 3/4″ 24 mm,Ndertim,,,,,ndertim,active
40810180 – Koke kriketi e gjate me 6 faqe 1/2″ 18 mm,Ndertim,,,,,ndertim,active
40810170 – Koke kriketi e gjate me 6 faqe 1/2″ 17 mm,Ndertim,,,,,ndertim,active
2001213 – Celes poligon 12 x 13 mm,Ndertim,,,,,ndertim,active
1850270 – Celes fiso-stel 27 mm,Ndertim,,,,,ndertim,active
7000003 – Cekic gome me bisht druri 32 mm,Ndertim,,,,,ndertim,active
50820001 – Adaptor 3/4″ F – 1/2″ M,Ndertim,,,,,ndertim,active
HKTCB83230083 – Set skaf me rrula boje,Ndertim,,,,,ndertim,active
4100/15 – Celes fiso-stel kriket 15 mm,Ndertim,,,,,ndertim,active
3525/30 – Celes fiso-stel 30 mm,Ndertim,,,,,ndertim,active
"Rrul per prerese pllakash per BTC2000, 2200, 2500, 3000 & 3250",Ndertim,Zhavorr & Rërë,,,,ndertim,active
HR081 – Percinuese per percina metrike,Ndertim,,,,,ndertim,active
HKSD1428 – Set me kacavide precizoni,Ndertim,,,,,ndertim,active
HPW1410 – Celes hidraulik me qafe 10” / 250 mm,Ndertim,,,,,ndertim,active
HKTS12101 – Set me 10 koka kriketi 1/2”,Ndertim,,,,,ndertim,active
"SHHR106 – Percinuese me koke te rrotullueshme 2,4 – 4,8 mm",Ndertim,,,,,ndertim,active
HKSD1828 – Set me 18 kacavida (10 kacavida precizionime 8 kacavida),Ndertim,Aksesorë Ndërtimi,,,,ndertim,active
HFC021201 – Morsete Marangozi Industriale 120×300 mm,Ndertim,,,,,ndertim,active
HPW04151 – Celes hidraulik Suedez 90 1.5/ 55mm,Ndertim,,,,,ndertim,active
YT-1688 – Celes Fiso-Stel kriket me koke te levizshme 22mm,Ndertim,,,,,ndertim,active
"247/90 – Pipo kandelesh 3/8”, 14mm me 12 faqe I gjate 90 mm",Ndertim,,,,,ndertim,active
BHT1517 – Pistolete silikoni profesionale  (e hapur) 310ml,Ndertim,,,,,ndertim,active
40920450 – Pipo Torx 1/2″ T45 x 60 mm,Ndertim,,,,,ndertim,active
7760003 – Lime rrethore 250mm,Ndertim,,,,,ndertim,active
50751220 – Koke kriketi me 12 faqe 3/4″ 20 mm,Ndertim,,,,,ndertim,active
50751190 – Koke kriketi me 12 faqe 3/4″ 19 mm,Ndertim,,,,,ndertim,active
2027/10 – Taf Pipo 10 x 230 mm,Ndertim,,,,,ndertim,active
5730 – Pince per heqjen e kandeleve 280 mm,Ndertim,Aksesorë Ndërtimi,,,,ndertim,active
265/500 – Leve gomash e drejte 500 mm,Ndertim,Aksesorë Ndërtimi,,,,ndertim,active
"22600/K24 – Koke kriketi ajri me 6 faqe 3/4 ” , 24 mm",Ndertim,,,,,ndertim,active
"22600/K22 – Koke kriketi ajri me 6 faqe 3/4 ” , 22 mm",Ndertim,,,,,ndertim,active
HBC0812 – Gershere Teli 12-300 mm,Ndertim,,,,,ndertim,active
40650003 – Zgjatues 1/2″ 250 mm,Ndertim,,,,,ndertim,active
6710120 – T-pipo 12 mm,Ndertim,,,,,ndertim,active
40810160 – Koke kriketi e gjate me 6 faqe 1/2″ 16 mm,Ndertim,,,,,ndertim,active
40810150 – Koke kriketi e gjate me 6 faqe 1/2″ 15 mm,Ndertim,,,,,ndertim,active
40810140 – Koke kriketi e gjate me 6 faqe 1/2″ 14 mm,Ndertim,,,,,ndertim,active
40810130 – Koke kriketi e gjate me 6 faqe 1/2″ 13 mm,Ndertim,,,,,ndertim,active
40810120 – Koke kriketi e gjate me 6 faqe 1/2″ 12 mm,Ndertim,,,,,ndertim,active
40810110 – Koke kriketi e gjate me 6 faqe 1/2″ 11 mm,Ndertim,,,,,ndertim,active
40810100 – Koke kriketi e gjate me 6 faqe 1/2″ 10 mm,Ndertim,,,,,ndertim,active
74810240 – Koke kriketi ajri e gjate 1/2″ 24 mm,Ndertim,,,,,ndertim,active
74810220 – Koke kriketi ajri e gjate 1/2″ 22 mm,Ndertim,,,,,ndertim,active
74810210 – Koke kriketi ajri e gjate 1/2″ 21 mm,Ndertim,,,,,ndertim,active
74810200 – Koke kriketi ajri e gjate 1/2″ 20 mm,Ndertim,,,,,ndertim,active
74810190 – Koke kriketi ajri e gjate 1/2″ 19 mm,Ndertim,,,,,ndertim,active
2001013 – Celes poligon 10 x 13 mm,Ndertim,,,,,ndertim,active
"12073/K60 – Pipo Torx Ajri 1/2 ” , T60 x 80 mm",Ndertim,,,,,ndertim,active
"12073/K55 – Pipo Torx Ajri 1/2 ” , T55 x 80 mm",Ndertim,,,,,ndertim,active
"12073/K50 – Pipo Torx Ajri 1/2 ” , T50 x 80 mm",Ndertim,,,,,ndertim,active
"12073/K45 – Pipo Torx Ajri 1/2 ” , T45 x 80 mm",Ndertim,,,,,ndertim,active
"12073/K40 – Pipo Torx Ajri 1/2 ” , T40 x 80 mm",Ndertim,,,,,ndertim,active
"12073/K30 – Pipo Torx Ajri 1/2 ” , T30 x 80 mm",Ndertim,,,,,ndertim,active
"12073/K27 – Pipo Torx Ajri 1/2 ” , T27 x 80 mm",Ndertim,,,,,ndertim,active
"12073/K25 – Pipo Torx Ajri 1/2 ” , T25 x 80 mm",Ndertim,,,,,ndertim,active
"12073/K20 – Pipo Torx Ajri 1/2 ” , T20 x 80 mm",Ndertim,,,,,ndertim,active
4779 – Pipo speciale shlic M17 x 55 mm,Ndertim,,,,,ndertim,active
"12071/K16 – Pipo Shlice 1/2 ” , M16 x 80 mm",Ndertim,,,,,ndertim,active
159/1 – Krah mbajtes kriket i shkurter per meshkuj filetimi M3-10,Ndertim,Rrjetë Metalike,,,,ndertim,active
"22088/36 – Koke kriketi me 6 faqe, 1/2″, 36 mm",Ndertim,,,,,ndertim,active
"22099/K24 – Koke kriketi ajri e gjate me 6 faqe 1/2 ” , 24 mm",Ndertim,,,,,ndertim,active
2136/28 – Celes fiso-stel i kromuar 28 mm,Ndertim,,,,,ndertim,active
3525/28 – Celes fiso-stel 28 mm,Ndertim,,,,,ndertim,active
HPTM40801 – Mallo patinimi,Ndertim,,,,,ndertim,active
HTS2612 – Gershere llamarine 12,Ndertim,,,,,ndertim,active
"12101/16 – Pipo Shlice 1/2 ” , M16 x 100 mm",Ndertim,,,,,ndertim,active
"22600/36 – Koke kriketi me 6 faqe, 3/4 ” , 36 mm",Ndertim,,,,,ndertim,active
"Kove llaci për ndërtim dhe punime përfundimtare, me masë në litra 65L",Ndertim,Çimento & Llaç,,,,ndertim,active
04410140 – Celes i gjate L (Hexagon) 14.0 mm,Ndertim,,,,,ndertim,active
"3420250 – Koke kriketi e shkallezuar per koka 5, 6, 8, 10, 12 mm",Ndertim,Aksesorë Ndërtimi,,,,ndertim,active
237030 – Matravide filetimi DIN EN 22568 M3,Ndertim,,,,,ndertim,active
2423011 – Krah matravide M10-M11,Ndertim,,,,,ndertim,active
7140200 – Dalte per hekur e sheshte 200 mm,Ndertim,Hekur Betoni,,,,ndertim,active
2001011 – Celes poligon 10 x 11 mm,Ndertim,,,,,ndertim,active
0440 0170 – Celes i shkurter L (Hexagon) 17.0 mm,Ndertim,,,,,ndertim,active
1850240 – Celes fiso-stel 24 mm,Ndertim,,,,,ndertim,active
"12071/K14 – Pipo Shlice 1/2 ” , M14 x 80 mm",Ndertim,,,,,ndertim,active
"157/1 – Krah per meshkuj filetimi DIN 1814, 180 mm, M1-10",Ndertim,Rrjetë Metalike,,,,ndertim,active
4769-02 – Koke speciale e care me 12 kende 1/2 – 19 mm,Ndertim,,,,,ndertim,active
4769-01 – Koke speciale e care me 12 kende 1/2 – 17 mm,Ndertim,,,,,ndertim,active
"22644/36 – Koke kriketi me shlica 3/4 ” , me 12 faqe 36 mm",Ndertim,,,,,ndertim,active
"22644/34 – Koke kriketi me shlica 3/4 ” , me 12 faqe 34 mm",Ndertim,,,,,ndertim,active
"22600/34 – Koke kriketi me 6 faqe, 3/4 ” , 34 mm",Ndertim,,,,,ndertim,active
"22044/36 – Koke kriketi me 12 faqe, 1/2″, 36 mm",Ndertim,,,,,ndertim,active
"COS23093 – Set me 3 Sharra Dore per dru 16″/400mm, 18″/450mm, 20″/500mm",Ndertim,,,,,ndertim,active
YT-1685 – Celes fiso-stel kriket me levizje 19mm,Ndertim,,,,,ndertim,active
9172 – Pistolete shkume metalike – e shkurter,Ndertim,,,,,ndertim,active
6710110 – T-pipo 11 mm,Ndertim,,,,,ndertim,active
40790080 – Pipo shlic 1/2″ M8 x 60 mm,Ndertim,,,,,ndertim,active
40790060 – Pipo shlic 1/2″ M6 x 60 mm,Ndertim,,,,,ndertim,active
40790050 – Pipo shlic 1/2″ M5 x 60 mm,Ndertim,,,,,ndertim,active
40790100 – Pipo shlic 1/2″ M10 x 60 mm,Ndertim,,,,,ndertim,active
40781140 – Pipo exagon 1/2” M14 x 100 mm,Ndertim,,,,,ndertim,active
40781120 – Pipo exagon 1/2” M12 x 100 mm,Ndertim,,,,,ndertim,active
7750013 – Lime katrore 200 mm,Ndertim,,,,,ndertim,active
74750300 – Koke kriketi ajri 1/2″ 30 mm,Ndertim,,,,,ndertim,active
PBX1701 – Kuti veglash plastike,Ndertim,Aksesorë Ndërtimi,,,,ndertim,active
"785 – Pince per rondele rrethore bronzi 165 mm, ø 4.4 mm",Ndertim,,,,,ndertim,active
"35/8T – Komplet me celesa fiso-stel 8 cope, 6-19 mm",Ndertim,,,,,ndertim,active
PBX1702 – Valixhe plastike me kapese metalike  17″,Ndertim,Aksesorë Ndërtimi,,,,ndertim,active
HHKSET0181 – Set me 18 celesa hexagon dhe torx: (9 cp Hex 1.5-10mm / 9 cp Torx T10-T50),Ndertim,,,,,ndertim,active
HKISD0608 – Komplet Kacavida Elektrike VDE 6 Cope,Ndertim,Aksesorë Ndërtimi,,,,ndertim,active
HKTH10807 – Set me vegla dore 7 cope,Ndertim,Aksesorë Ndërtimi,,,,ndertim,active
HPFT71 – Pince per hapjen e tubave te bakrit per kondicionere 5mm/6mm/8mm/10mm/12mm/14mm/16mm,Ndertim,,,,,ndertim,active
HPP68258 – Pince Hidraulike e veshur 10″ 250 mm,Ndertim,,,,,ndertim,active
HPW0814 – Celes Hidraulik Papagall 14 350 mm,Ndertim,,,,,ndertim,active
"HKSPA1088 – Komplet me celesa Fiso-Stel 8 cope / 6-19 mm (6,8,10,12,14,15,17,19mm)",Ndertim,,,,,ndertim,active
"22600/33 – Koke kriketi me 6 faqe, 3/4 ” , 33 mm",Ndertim,,,,,ndertim,active
Kuti veglash e montueshme 19″ (480x320x148mm),Ndertim,Aksesorë Ndërtimi,,,,ndertim,active
"BHT7976 – Kove llaci e zeze drejtekendore 60L, 72.5x39x28.5cm",Ndertim,Çimento & Llaç,,,,ndertim,active
5301 – Ventuze dopio 2x115MM 70 kg,Ndertim,,,,,ndertim,active
30650001 – Zgjatues 3/8″ 125 mm,Ndertim,,,,,ndertim,active
7750011 – Lime trekendeshe 200 mm,Ndertim,,,,,ndertim,active
7750012 – Lime rrethore 200 mm,Ndertim,,,,,ndertim,active
7750005 – Lime gjysmerrethore 150 mm,Ndertim,,,,,ndertim,active
7750010 – Lime drejtekendeshe 200 mm,Ndertim,,,,,ndertim,active
74810180 – Koke kriketi ajri e gjate 1/2″ 18 mm,Ndertim,,,,,ndertim,active
74810170 – Koke kriketi ajri e gjate 1/2″ 17 mm,Ndertim,,,,,ndertim,active
74810160 – Koke kriketi ajri e gjate 1/2″ 16 mm,Ndertim,,,,,ndertim,active
74810150 – Koke kriketi ajri e gjate 1/2″ 15 mm,Ndertim,,,,,ndertim,active
74810140 – Koke kriketi ajri e gjate 1/2″ 14 mm,Ndertim,,,,,ndertim,active
2020/9 – Taf Pipo 9 x 230 mm,Ndertim,,,,,ndertim,active
2020/7 – Taf Pipo 7 x 230 mm,Ndertim,,,,,ndertim,active
2020/11 – Taf Pipo 11 x 230 mm,Ndertim,,,,,ndertim,active
"12071/K10 – Pipo Shlice 1/2 ” , M10 x 80 mm",Ndertim,,,,,ndertim,active
21920 – Leve kriketi T 1/2  250 mm,Ndertim,Aksesorë Ndërtimi,,,,ndertim,active
272CV240 – Celes hidraulik i veshur 240 mm,Ndertim,,,,,ndertim,active
2136/27 – Celes fiso-stel i kromuar 27 mm,Ndertim,,,,,ndertim,active
HCG0115 – Pistolete silikoni alumini 15″,Ndertim,,,,,ndertim,active
HADW131108 – Celes Anglez i veshur 250 mm 10,Ndertim,,,,,ndertim,active
HADW131122 – Celes Anglez 300 mm / 12,Ndertim,,,,,ndertim,active
"HKTETS0114 – Set me 14 Pipo-E 5, 1/4: E4-5-6-7-8 , 3/8: E10-11-12-14-16 , 1/2″: E18-20-22-24",Ndertim,,,,,ndertim,active
HRTH8412 – Doreze kriketi 1/2″ 72T,Ndertim,,,,,ndertim,active
"BHT7982 – Kove llaci e zeze rrethore 65L, me shkalle matese",Ndertim,Çimento & Llaç,,,,ndertim,active
YT-1684 – Celes fiso-stel kriket me levizje 18mm,Ndertim,,,,,ndertim,active
HTBP020328 – BREZ VEGLASH ME 10 XHEPA,Ndertim,Aksesorë Ndërtimi,,,,ndertim,active
4783 – Koke kriketi speciale 1/2” 85 mm MB17mm,Ndertim,,,,,ndertim,active
40650002 – Zgjatues 1/2″ 125 mm,Ndertim,,,,,ndertim,active
40920400 – Pipo Torx 1/2″ T40 x 60 mm,Ndertim,,,,,ndertim,active
40920300 – Pipo Torx 1/2″ T30 x 60 mm,Ndertim,,,,,ndertim,active
40920270 – Pipo Torx 1/2″ T27 x 60 mm,Ndertim,,,,,ndertim,active
40920250 – Pipo Torx 1/2″ T25 x 60 mm,Ndertim,,,,,ndertim,active
40920200 – Pipo Torx 1/2″ T20 x 60 mm,Ndertim,,,,,ndertim,active
40781050 – Pipo exagon 1/2″ M5 x 100 mm,Ndertim,,,,,ndertim,active
40780190 – Pipo exagon 1/2″ 19 mm,Ndertim,,,,,ndertim,active
40780170 – Pipo exagon 1/2″ 17 mm,Ndertim,,,,,ndertim,active
40781080 – Pipo exagon 1/2” M8 x 100 mm,Ndertim,,,,,ndertim,active
40781070 – Pipo exagon 1/2” M7 x 100 mm,Ndertim,,,,,ndertim,active
40781060 – Pipo exagon 1/2” M6 x 100 mm,Ndertim,,,,,ndertim,active
40781100 – Pipo exagon 1/2” M10 x 100 mm,Ndertim,,,,,ndertim,active
40900200 – Koke kriketi 1/2″ E20,Ndertim,,,,,ndertim,active
40900180 – Koke kriketi 1/2″ E18,Ndertim,,,,,ndertim,active
40900160 – Koke kriketi 1/2″ E16,Ndertim,,,,,ndertim,active
40900140 – Koke kriketi 1/2″ E14,Ndertim,,,,,ndertim,active
40900120 – Koke kriketi 1/2″ E12,Ndertim,,,,,ndertim,active
40900100 – Koke kriketi 1/2″ E10,Ndertim,,,,,ndertim,active
30820001 – Adaptor 3/8″ F – 1/4″ M,Ndertim,,,,,ndertim,active
30830001 – Adaptor 3/8″ F – 1/2″ M,Ndertim,,,,,ndertim,active
2020/6 – Taf Pipo 6 x 230 mm,Ndertim,,,,,ndertim,active
2020/12 – Taf Pipo 12 x 230 mm,Ndertim,,,,,ndertim,active
12075/K9 – Pipo shlice ajri 1/2” 9×78 mm,Ndertim,,,,,ndertim,active
"22644/32 – Koke kriketi me shlica 3/4 ” , me 12 faqe 32 mm",Ndertim,,,,,ndertim,active
Asortimente elektricisti 28 cope,Ndertim,,,,,ndertim,active
HWSP102418 – Zhveshese kabulli automatike 3 ne 1 funksione,Ndertim,,,,,ndertim,active
YT-1683 – Celes fiso-stel kriket me levizje 17mm,Ndertim,,,,,ndertim,active
21500 – Ingranazh i vogel betonjere,Ndertim,,,,,ndertim,active
"12071/K8 – Pipo Shlice 1/2 ” , M8 x 80 mm",Ndertim,,,,,ndertim,active
"12022/22 – Pipo Hegzagon i shkurter 1/2 ” , 22×55 mm",Ndertim,,,,,ndertim,active
"22099/K22 – Koke kriketi ajri e gjate me 6 faqe 1/2 ” , 22 mm",Ndertim,,,,,ndertim,active
HGC0106 – Morsete Marangozi 50x150mm,Ndertim,,,,,ndertim,active
6710090 – T-pipo 9 mm,Ndertim,,,,,ndertim,active
6710080 – T-pipo 8 mm,Ndertim,,,,,ndertim,active
6710070 – T-pipo 7 mm,Ndertim,,,,,ndertim,active
6710100 – T-pipo 10 mm,Ndertim,,,,,ndertim,active
74810130 – Koke kriketi ajri e gjate 1/2″ 13 mm,Ndertim,,,,,ndertim,active
74750270 – Koke kriketi ajri 1/2″ 27 mm,Ndertim,,,,,ndertim,active
1850220 – Celes fiso-stel 22 mm,Ndertim,,,,,ndertim,active
3724 – Leve tapiceri metalike 235 mm,Ndertim,Aksesorë Ndërtimi,,,,ndertim,active
3721 – Leve tapiceri metalike 0-2 mm,Ndertim,Aksesorë Ndërtimi,,,,ndertim,active
265/400 – Leve gomash e drejte 400 mm,Ndertim,Aksesorë Ndërtimi,,,,ndertim,active
"22600/32 – Koke kriketi me 6 faqe, 3/4 ” , 32 mm",Ndertim,,,,,ndertim,active
Thike zdrukthi 82 mm,Ndertim,,,,,ndertim,active
"12103/70 – Pipo Torx i gjate 1/2 ” , T70x100 mm",Ndertim,,,,,ndertim,active
"22644/30 – Koke kriketi me shlica 3/4 ” , me 12 faqe 30 mm",Ndertim,,,,,ndertim,active
"22644/28 – Koke kriketi me shlica 3/4 ” , me 12 faqe 28 mm",Ndertim,,,,,ndertim,active
"22600/30 – Koke kriketi me 6 faqe, 3/4 ” , 30 mm",Ndertim,,,,,ndertim,active
"22600/28 – Koke kriketi me 6 faqe, 3/4 ” , 28 mm",Ndertim,,,,,ndertim,active
Kuti veglash e montueshme 16″ (410x320x148mm),Ndertim,Aksesorë Ndërtimi,,,,ndertim,active
"Set me 5 lima hekuri 8″/200 mm (e sheshte, gjysem rrethore, rrethore, trekendore, katrore) – WSF2405",Ndertim,Hekur Betoni,,,,ndertim,active
Cecik Gjerman me bisht fibre 2000gr – WHM1320,Ndertim,,,,,ndertim,active
"Set me 2 mbajtese paneli gipsi 15.5 x 11.5 x 5 cm, kapaciteti 100kg – WTN2002",Ndertim,,,,,ndertim,active
"Set me 3 pinca Profi (Pince 180mm, Tronkeze 160mm, Pince me maje te gjate 160mm) – WPS0603",Ndertim,,,,,ndertim,active
HKSDS2728 – Set 27 cope (7 kacavida SL/PH + 20 maja),Ndertim,Aksesorë Ndërtimi,,,,ndertim,active
"BHT7980 – Kove llaci e zeze rrethore 40L, me shkalle matese",Ndertim,Çimento & Llaç,,,,ndertim,active
"BHT7974 – Kove llaci e zeze drejtekendore 40L, 71.5×39.5x19cm",Ndertim,Çimento & Llaç,,,,ndertim,active
YT-2064 – Dare karpentieri e veshur 8″,Ndertim,,,,,ndertim,active
YT-1682 – Celes fiso-stel kriket me levizje 16mm,Ndertim,,,,,ndertim,active
12203/45 – Pipo Torx 1/2 e gjate T45x200 mm,Ndertim,,,,,ndertim,active
12203/40 – Pipo Torx 1/2 e gjate T40x200 mm,Ndertim,,,,,ndertim,active
36014 – Morsete bango e rrotullueshme mini 40mm,Ndertim,,,,,ndertim,active
"53002 – Koke kriketi universale me kapje 3/8 ,7-19 mm",Ndertim,,,,,ndertim,active
HKTWCS301 – Set dalta druri 3-Pcs,Ndertim,,,,,ndertim,active
HCSPAR241 – Celes Fiso – Stel Kriket 24mm,Ndertim,,,,,ndertim,active
YT-0650 – Pince per fasheta metalike 12mm/ 230mm,Ndertim,,,,,ndertim,active
HTBG281628 – Cante Veglash 16” me 6 xhepa te jashtem dhe 8 te brendshem,Ndertim,Aksesorë Ndërtimi,,,,ndertim,active
6710060 – T-pipo 6 mm,Ndertim,,,,,ndertim,active
40780080 – Pipo exagon 1/2″ 8 mm,Ndertim,,,,,ndertim,active
40780140 – Pipo exagon 1/2″ 14 mm,Ndertim,,,,,ndertim,active
40780120 – Pipo exagon 1/2″ 12 mm,Ndertim,,,,,ndertim,active
40780100 – Pipo exagon 1/2″ 10 mm,Ndertim,,,,,ndertim,active
40750240 – Koke kriketi me 6 faqe 1/2″ 24 mm,Ndertim,,,,,ndertim,active
40751340 – Koke kriketi me 12 faqe 1/2″ 34 mm,Ndertim,,,,,ndertim,active
74810120 – Koke kriketi ajri e gjate 1/2″ 12 mm,Ndertim,,,,,ndertim,active
74810110 – Koke kriketi ajri e gjate 1/2″ 11 mm,Ndertim,,,,,ndertim,active
74810100 – Koke kriketi ajri e gjate 1/2″ 10 mm,Ndertim,,,,,ndertim,active
6570030 – Kacavide mekanike PZ3 x 150 mm,Ndertim,,,,,ndertim,active
6550030 – Kacavide mekanike PH3 x 150 mm,Ndertim,,,,,ndertim,active
6200300 – Kacavide mekanike me maje (Torx) T30 x 115 mm,Ndertim,,,,,ndertim,active
20730001 – Kacavide me koke 1/4″ x 150 mm,Ndertim,,,,,ndertim,active
6560020 – Kacavide elektrike VDE PH2 x 100 mm,Ndertim,,,,,ndertim,active
6161265 – Kacavide elektrike VDE me maje pete 6.5 x 150 mm,Ndertim,,,,,ndertim,active
2000607 – Celes poligon 6 x 7 mm,Ndertim,,,,,ndertim,active
1850210 – Celes fiso-stel 21 mm,Ndertim,,,,,ndertim,active
20830001 – Adaptor 3/8″ M – 1/4″ F,Ndertim,,,,,ndertim,active
"PA05-Z – Kuti plastike e zeze per aksesore 505 x 200 x 320 mm, 4-cp",Ndertim,,,,,ndertim,active
45012040 – Kaçavide mekanike profesionale pete /SL 12.0 X 210,Ndertim,,,,,ndertim,active
"50220910 – Kacavide mekanike PH 2 x 300, doreze me 2 komponente",Ndertim,,,,,ndertim,active
"50055910 – Kacavide mekanike me maje pete, doreze me 2 komponente SL 5,5 x 1,0 x 300",Ndertim,,,,,ndertim,active
"20250 – Zgjatues per koka kriketi 1/2  , 250 mm",Ndertim,,,,,ndertim,active
"12022/19 – Pipo Hegzagon i shkurter 1/2 ” , 19×55 mm",Ndertim,,,,,ndertim,active
"12022/18 – Pipo Hegzagon i shkurter 1/2 ” , 18×55 mm",Ndertim,,,,,ndertim,active
1012/30X32 – Celes poligon 30×32 mm,Ndertim,,,,,ndertim,active
272CV175 – Celes hidraulik i veshur 175 mm,Ndertim,,,,,ndertim,active
2136/26 – Celes fiso-stel i kromuar 26 mm,Ndertim,,,,,ndertim,active
3525/27 – Celes fiso-stel 27 mm,Ndertim,,,,,ndertim,active
20603K – Adaptor CR-MO 1/2 F x 3/8 M,Ndertim,,,,,ndertim,active
HGCT16001 – Kompast per prerje xhami  60 cm,Ndertim,,,,,ndertim,active
HIHLDCP28160 – Tronkeze profi VDE 6”/160 mm,Ndertim,,,,,ndertim,active
HKSDB0348 – Set me kacavide dhe 32 maja precizioni,Ndertim,,,,,ndertim,active
HTS2610 – Gershere llamarine 10″,Ndertim,,,,,ndertim,active
HTS0412 – Gershere llamarine 12″,Ndertim,,,,,ndertim,active
HHCP28240 – Pince makanike 9.5″ 240mm,Ndertim,,,,,ndertim,active
HPTW300N1 – Celes dinamometrik CV 1/2” 0-300 NM,Ndertim,,,,,ndertim,active
HSU025001 – Ventoze dopio per ngritje 50 kg,Ndertim,,,,,ndertim,active
"CHPTB0114091 – Set me 9 Furca Boje Vaji me bisht druri (3cp -1, 2cp – 1.5″, 2cp – 2″, 1cp – 3″, 1cp – 4″)",Ndertim,,,,,ndertim,active
HRHT093051 – Rrul Boje Acrylic me doreze me 2 komponente 305 mm/ 12,Ndertim,,,,,ndertim,active
HCLB120308 – Furce Boje vaji 5″(120*30mm),Ndertim,,,,,ndertim,active
HHF3088 – Sharre dore hekuri 300 mm 12,Ndertim,Hekur Betoni,,,,ndertim,active
HWBA01242 – Leve dizermimi 24″(600mm)x1-1/8″(29mm)x19/32″(15.0mm),Ndertim,Aksesorë Ndërtimi,,,,ndertim,active
HDBM01028 – CekiC gome per pllaka 2 Kg,Ndertim,,,,,ndertim,active
HMH881500 – Cekic Gjerman me bisht fibre 1500 gr,Ndertim,,,,,ndertim,active
HIHDCP28188 – Tronkeze Profi VDE me nofull te gjere 7″/180mm,Ndertim,,,,,ndertim,active
HICP28208 – Pince elektrike VDE 8″/200mm,Ndertim,,,,,ndertim,active
HICP28188 – Pince elektrike VDE 7″/180mm,Ndertim,,,,,ndertim,active
"HSGTDC180601 – Set me 6 kacavida me goditje (SL5.5*75mm, SL6.5*100mm, SL8.0*150mm, PH1*75mm, PH2*100mm, PH3*150mm)",Ndertim,Aksesorë Ndërtimi,,,,ndertim,active
HKSD0828 – Komplet kacavida 8 cop,Ndertim,Aksesorë Ndërtimi,,,,ndertim,active
HGC0105 – Morsete Marangozi 50x125mm,Ndertim,,,,,ndertim,active
"HPC0442 – Prerese Tubi Plastik 225 mm, dia.prerje 3-42 mm",Ndertim,Zhavorr & Rërë,,,,ndertim,active
HTSN0112S – Gershere llamarine e drejte 300mm(12″),Ndertim,,,,,ndertim,active
HWSP15608 – Prerese kabujsh 0.5mm – 6mm,Ndertim,Zhavorr & Rërë,,,,ndertim,active
HKPS08318 – Komplet me 3 pinca profi: pince 8 pince me maje te drejte 6 tronkeze 6,Ndertim,,,,,ndertim,active
HPW04013 – Celes hidraulik 1/ 45,Ndertim,,,,,ndertim,active
HPW04011 – Celes hidraulik Suedez 90 1/ 40mm,Ndertim,,,,,ndertim,active
HPW0812 – Celes Hidraulik Papagall 12 300 mm,Ndertim,,,,,ndertim,active
HCSPAR271 – Celes Fiso – Stel Kriket 27 mm,Ndertim,,,,,ndertim,active
HFXH012151 – Zgjatues kriketi me kend 1/2,Ndertim,,,,,ndertim,active
HRTH0838 – Doreze kriketi 3/8″ 45T,Ndertim,,,,,ndertim,active
HKTS14122 – Komplet kriketi 1/4″ 12 cope,Ndertim,,,,,ndertim,active
HSG1405 – Kapese Dore 3 Ne 1,Ndertim,Aksesorë Ndërtimi,,,,ndertim,active
YT-1681 – Celes fiso-stel kriket me levizje 15mm,Ndertim,,,,,ndertim,active
32685 – Cekic karpertieri 600G karbon,Ndertim,,,,,ndertim,active
36016 – Morsete bango mini e rrotullueshme 60MM,Ndertim,,,,,ndertim,active
36015 – Morsete bango e rrotullueshme mini 50mm,Ndertim,,,,,ndertim,active
20640001 – Zgjatues T 1/4″ 115 mm,Ndertim,,,,,ndertim,active
74650001 – Zgjatues ajri 1/2″ 75 mm,Ndertim,,,,,ndertim,active
40650001 – Zgjatues 1/2″ 75 mm,Ndertim,,,,,ndertim,active
40780070 – Pipo exagon 1/2″ 7 mm,Ndertim,,,,,ndertim,active
40780060 – Pipo exagon 1/2″ 6 mm,Ndertim,,,,,ndertim,active
40780050 – Pipo exagon 1/2″ 5 mm,Ndertim,,,,,ndertim,active
40780040 – Pipo exagon 1/2″ 4 mm,Ndertim,,,,,ndertim,active
40751320 – Koke kriketi me 12 faqe 1/2″ 32 mm,Ndertim,,,,,ndertim,active
74750240 – Koke kriketi ajri 1/2″ 24 mm,Ndertim,,,,,ndertim,active
74750220 – Koke kriketi ajri 1/2″ 22 mm,Ndertim,,,,,ndertim,active
6151280 – Kacavide mekanike me maje pete 8.0 x 175 mm,Ndertim,,,,,ndertim,active
6200270 – Kacavide mekanike me maje (Torx) T27 x 100 mm,Ndertim,,,,,ndertim,active
6560010 – Kacavide elektrike VDE PH1 x 80 mm,Ndertim,,,,,ndertim,active
6161055 – Kacavide elektrike VDE me maje pete 5.5 x 125 mm,Ndertim,,,,,ndertim,active
1850200 – Celes fiso-stel 20 mm,Ndertim,,,,,ndertim,active
751875 – Adaptor 1/2” F – 1/4” F me koke magnetike,Ndertim,,,,,ndertim,active
55130540 – Kacavide mekanike profesionale Frico PZ3 X 155,Ndertim,,,,,ndertim,active
"12102/13 – Pipo Hegzagon i gjate 1/2 ” , 13×100 mm",Ndertim,,,,,ndertim,active
"22460/E18 – Pipo E e gjate 1/2 ” , E18",Ndertim,,,,,ndertim,active
279A – Pince fermo me 4 koka te ndryshme 160 mm,Ndertim,,,,,ndertim,active
"22644/27 – Koke kriketi me shlica 3/4 ” , me 12 faqe 27 mm",Ndertim,,,,,ndertim,active
"22644/26 – Koke kriketi me shlica 3/4 ” , me 12 faqe 26 mm",Ndertim,,,,,ndertim,active
"22600/27 – Koke kriketi me 6 faqe, 3/4 ” , 27 mm",Ndertim,,,,,ndertim,active
"22088/35 – Koke kriketi me 6 faqe, 1/2″, 35 mm",Ndertim,,,,,ndertim,active
"22099/K21 – Koke kriketi ajri e gjate me 6 faqe 1/2 ” , 21 mm",Ndertim,,,,,ndertim,active
"22099/K19 – Koke kriketi ajri e gjate me 6 faqe 1/2 ” , 19 mm",Ndertim,,,,,ndertim,active
"22099/K18 – Koke kriketi ajri e gjate me 6 faqe 1/2 ” , 18 mm",Ndertim,,,,,ndertim,active
"22099/K17 – Koke kriketi ajri e gjate me 6 faqe 1/2 ” , 17 mm",Ndertim,,,,,ndertim,active
1012/25X28 – Celes poligon 25×28 mm,Ndertim,,,,,ndertim,active
HHAS28550 – Sharre dore per dru me doreze me 2 komponente 550 mm,Ndertim,,,,,ndertim,active
HHAS28450 – Sharre dore per dru me doreze me 2 komponente 450 mm 18,Ndertim,,,,,ndertim,active
"22600/26 – Koke kriketi me 6 faqe, 3/4 ” , 26 mm",Ndertim,,,,,ndertim,active
HTC04602B – Rrul per Prerese Pllakash Ø22x6x2mm,Ndertim,Zhavorr & Rërë,,,,ndertim,active
HSTH81500 – Vare me Bisht Fibre 1500gr,Ndertim,,,,,ndertim,active
YT-1680 – Celes fiso-stel kriket me levizje 14mm,Ndertim,,,,,ndertim,active
YT-0356 – Celes Fiso Stel 27 MM,Ndertim,,,,,ndertim,active
HKTCB042306 – Set skaf boje + rrula 4 Ne 1,Ndertim,,,,,ndertim,active
"HMH821000 – ÇEKIÇ GJERMAN ME BISHT FIBRE ,1000g",Ndertim,,,,,ndertim,active
HRSTW19211 – Celes kriketi per skela 19 / 21  mm,Ndertim,,,,,ndertim,active
HRSTW17191 – Celes kriketi per skela 17 / 19 mm,Ndertim,,,,,ndertim,active
53670 – Zgjatues kriketi 3/4″x200MM,Ndertim,,,,,ndertim,active
HMBSK30082 – Sharre me udhezues per kende 300mm,Ndertim,,,,,ndertim,active
HWSP101 – Pince Zhveshese kabulli 10″ 254mm (kabell,Ndertim,,,,,ndertim,active
40750220 – Koke kriketi me 6 faqe 1/2″ 22 mm,Ndertim,,,,,ndertim,active
40751300 – Koke kriketi me 12 faqe 1/2″ 30 mm,Ndertim,,,,,ndertim,active
74750210 – Koke kriketi ajri 1/2″ 21 mm,Ndertim,,,,,ndertim,active
74750200 – Koke kriketi ajri 1/2″ 20 mm,Ndertim,,,,,ndertim,active
74750190 – Koke kriketi ajri 1/2″ 19 mm,Ndertim,,,,,ndertim,active
74750180 – Koke kriketi ajri 1/2″ 18 mm,Ndertim,,,,,ndertim,active
74750170 – Koke kriketi ajri 1/2″ 17 mm,Ndertim,,,,,ndertim,active
74750160 – Koke kriketi ajri 1/2″ 16 mm,Ndertim,,,,,ndertim,active
74750150 – Koke kriketi ajri 1/2″ 15 mm,Ndertim,,,,,ndertim,active
6200250 – Kacavide mekanike me maje (Torx) T25 x 100 mm,Ndertim,,,,,ndertim,active
6200200 – Kacavide mekanike me maje (Torx) T20 x 100 mm,Ndertim,,,,,ndertim,active
6560000 – Kacavide elektrike VDE PH0 x 60 mm,Ndertim,,,,,ndertim,active
6160840 – Kacavide elektrike VDE me maje pete 4.0 x 100 mm,Ndertim,,,,,ndertim,active
7140125 – Dalte per hekur e sheshte 125 mm,Ndertim,Hekur Betoni,,,,ndertim,active
"50830340 – Kacavide mekanike TORX T30 x 100, doreze me 2 komponente",Ndertim,,,,,ndertim,active
"21905 – Zgjatues 1/2″, 250 mm",Ndertim,,,,,ndertim,active
21520 – Leve kriketi T 3/8  200 mm,Ndertim,Aksesorë Ndërtimi,,,,ndertim,active
21925 – Kryq kriketi 1/2 ,Ndertim,,,,,ndertim,active
"22644/24 – Koke kriketi me shlica 3/4 ” , me 12 faqe 24 mm",Ndertim,,,,,ndertim,active
"22644/23 – Koke kriketi me shlica 3/4 ” , me 12 faqe 23 mm",Ndertim,,,,,ndertim,active
"22644/22 – Koke kriketi me shlica 3/4 ” , me 12 faqe 22 mm",Ndertim,,,,,ndertim,active
PBX1402 – Valixhe plastike me kapese metalike  14″,Ndertim,Aksesorë Ndërtimi,,,,ndertim,active
HHSC0112B – Set Thikash per Prese hidraulike 4-12 mm,Ndertim,,,,,ndertim,active
HKSDB02482 – Set me 24 kacavida dhe maja  me doreze me 2 komponente,Ndertim,Aksesorë Ndërtimi,,,,ndertim,active
HBS6101 – Sharre dore 610mm/24″,Ndertim,,,,,ndertim,active
HHF3008 – Sharre dore hekuri 300 mm 12,Ndertim,Hekur Betoni,,,,ndertim,active
HCG0109 – Pistolete Silikoni Alumini 9,Ndertim,,,,,ndertim,active
HFC020802 – Morsete Marangozi Industriale 80×300 mm,Ndertim,,,,,ndertim,active
HCCLW0211 – Pince veteshtrenguese 11 280 mm,Ndertim,,,,,ndertim,active
HPP03300 – Pince Hidraulike 300 mm,Ndertim,,,,,ndertim,active
12143/45 – Pipo Torx 1/2 e gjate T45x140 mm,Ndertim,,,,,ndertim,active
22460/E11 – Pipo E11 e gjate 1/2,Ndertim,,,,,ndertim,active
45050 – Set me pince terminali me aksesore 0.5-6mm,Ndertim,,,,,ndertim,active
YT-12948 – Koke kriketi 1/2 me 12 faqe 30mm CRV,Ndertim,,,,,ndertim,active
7750002 – Lime trekendeshe 150 mm,Ndertim,,,,,ndertim,active
7750003 – Lime rrethore 150 mm,Ndertim,,,,,ndertim,active
7750004 – Lime katrore 150mm,Ndertim,,,,,ndertim,active
7750001 – Lime drejtekendeshe 150mm,Ndertim,,,,,ndertim,active
40751290 – Koke kriketi me 12 faqe 1/2″ 29 mm,Ndertim,,,,,ndertim,active
40751280 – Koke kriketi me 12 faqe 1/2″ 28 mm,Ndertim,,,,,ndertim,active
40751270 – Koke kriketi me 12 faqe 1/2″ 27 mm,Ndertim,,,,,ndertim,active
40751260 – Koke kriketi me 12 faqe 1/2″ 26 mm,Ndertim,,,,,ndertim,active
6160635 – Kacavide elektrike VDE me maje pete 3.5 x 100 mm,Ndertim,,,,,ndertim,active
1850190 – Celes fiso-stel 19 mm,Ndertim,,,,,ndertim,active
"12141/12 – Pipo Shlic 1/2 ” , M12x140 mm",Ndertim,,,,,ndertim,active
"12141/10 – Pipo Shlic 1/2 ” , M10x140 mm",Ndertim,,,,,ndertim,active
"22460/E16 – Pipo E e gjate 1/2 ” , E16",Ndertim,,,,,ndertim,active
"22644/21 – Koke kriketi me shlica 3/4 ” , me 12 faqe 21 mm",Ndertim,,,,,ndertim,active
"22644/19 – Koke kriketi me shlica 3/4 ” , me 12 faqe 19 mm",Ndertim,,,,,ndertim,active
"22600/24 – Koke kriketi me 6 faqe, 3/4 ” , 24 mm",Ndertim,,,,,ndertim,active
"22600/23 – Koke kriketi me 6 faqe, 3/4 ” , 23 mm",Ndertim,,,,,ndertim,active
"22600/22 – Koke kriketi me 6 faqe, 3/4 ” , 22 mm",Ndertim,,,,,ndertim,active
"22600/21 – Koke kriketi me 6 faqe, 3/4 ” , 21 mm",Ndertim,,,,,ndertim,active
"22600/19 – Koke kriketi me 6 faqe, 3/4 ” , 19 mm",Ndertim,,,,,ndertim,active
"22099/24 – Koke kriketi e gjate me 6 faqe, 1/2″, 24 mm",Ndertim,,,,,ndertim,active
"22099/K16 – Koke kriketi ajri e gjate me 6 faqe 1/2 ” , 16 mm",Ndertim,,,,,ndertim,active
"22099/K15 – Koke kriketi ajri e gjate me 6 faqe 1/2 ” , 15 mm",Ndertim,,,,,ndertim,active
1012/24X27 – Celes poligon 24×27 mm,Ndertim,,,,,ndertim,active
2136/25 – Celes fiso-stel i kromuar 25 mm,Ndertim,,,,,ndertim,active
HCSPA321 – Celes Fiso-Stel 32 mm,Ndertim,,,,,ndertim,active
HILNP28208 – Pince elektrike me maje te gjate 200 mm,Ndertim,,,,,ndertim,active
21107 – Zgjatues 1/4 300mm,Ndertim,,,,,ndertim,active
"12141/8 – Pipo Shlic 1/2 ” , M8x140 mm",Ndertim,,,,,ndertim,active
HCLB100308 – Furce Boje vaji 4″(100*30mm),Ndertim,,,,,ndertim,active
HHCP28200 – Pince universale Kraft 8″ 200 mm,Ndertim,,,,,ndertim,active
Cecik Gjerman me bisht fibre 1500gr – WHM1315,Ndertim,,,,,ndertim,active
HSCRS812108 – Gershere Inoxi multifunksionale  veshur me titan 8″/210mm,Ndertim,,,,,ndertim,active
HSTH81000 – Vare me Bisht Fibre 1000gr,Ndertim,,,,,ndertim,active
YT-1679 – Celes fiso-stel kriket me levizje 13mm,Ndertim,,3M,,,ndertim,active
HPT28138 – Mallo inoxi 280×130 mm,Ndertim,,,,,ndertim,active
HHIS3432L – Koke kriketi ajri e gjate dhe thelle 3/4” 32 / 90mm,Ndertim,,,,,ndertim,active
HHIS3430L – Koke kriketi ajri e gjate dhe thelle 3/4” 30 / 90mm,Ndertim,,,,,ndertim,active
HHIS3424L – Koke kriketi ajri e gjate dhe thelle 3/4” 24 / 90mm,Ndertim,,,,,ndertim,active
HHIS3423L – Koke kriketi ajri e gjate dhe thelle 3/4” 23 / 90mm,Ndertim,,,,,ndertim,active
HHIS3422L – Koke kriketi ajri e gjate dhe thelle 3/4” 22 / 90mm,Ndertim,,,,,ndertim,active
HHIS3421L – Koke kriketi ajri e gjate dhe thelle 3/4” 21 / 90mm,Ndertim,,,,,ndertim,active
HHIS3419L – Koke kriketi ajri e gjate dhe thelle 3/4” 19 / 90mm,Ndertim,,,,,ndertim,active
HRTH081438 – DOREZE KRIKETI E SHKURTER 1/4’’ + 3/8’’ 72T,Ndertim,,,,,ndertim,active
04410120 – Celes i gjate L (Hexagon) 12.0 mm,Ndertim,,,,,ndertim,active
PBX1401 – Kuti veglash plasike 14″,Ndertim,Aksesorë Ndërtimi,,,,ndertim,active
HMPCN2468R – Prese kapikordash dhe telefoni me kriket,Ndertim,,,,,ndertim,active
"HKSPA1068 – Set me 6 celsa FISO-STEL 8-10-12-13-14-17 mm,",Ndertim,,,,,ndertim,active
242207 – Krah matravide M4.5-M6,Ndertim,,,,,ndertim,active
6570020 – Kacavide mekanike PZ2 x 100 mm,Ndertim,,,,,ndertim,active
6550020 – Kacavide mekanike PH2 x 100 mm,Ndertim,,,,,ndertim,active
6200150 – Kacavide mekanike me maje (Torx) T15 x 100 mm,Ndertim,,,,,ndertim,active
1850180 – Celes fiso-stel 18 mm,Ndertim,,,,,ndertim,active
40820001 – Adaptor 3/8″ M – 1/2″ F,Ndertim,,,,,ndertim,active
40830001 – Adaptor 3/4″ M – 1/2″ F,Ndertim,,,,,ndertim,active
"50220710 – Kacavide mekanike PH 2 x 200, doreze me 2 komponente",Ndertim,,,,,ndertim,active
"50008610 – Kacavide mekanike me maje pete, doreze me 2 komponente SL 8,0 x 1,2 x 175",Ndertim,,,,,ndertim,active
"50055710 – Kacavide mekanike me maje pete, doreze me 2 komponente SL 5,5 x 1,0 x 200",Ndertim,,,,,ndertim,active
"22460/E14 – Pipo E e gjate 1/2 ” , E14",Ndertim,,,,,ndertim,active
"22460/E12 – Pipo E e gjate 1/2 ” , E12",Ndertim,,,,,ndertim,active
387 – Gershere llamarine 250 mm,Ndertim,,,,,ndertim,active
3525/26 – Celes fiso-stel 26 mm,Ndertim,,,,,ndertim,active
3525/25 – Celes fiso-stel 25 mm,Ndertim,,,,,ndertim,active
3525/24 – Celes fiso-stel 24 mm,Ndertim,,,,,ndertim,active
HKTCB121001 – Set 12 Ne 1 me rrul boje 100mm/4” dhe rrula rezerve,Ndertim,,,,,ndertim,active
HMBSB3028 – Sharre dore per korniza 12 300 mm,Ndertim,,,,,ndertim,active
HPC0232 – Prerese Tubi bakri dia.prerje 3-32 mm,Ndertim,Zhavorr & Rërë,,,,ndertim,active
HSG14018 – Kapese dore,Ndertim,Aksesorë Ndërtimi,,,,ndertim,active
HRHT442302T – Rrul Boje microfiber me bisht teleskopik 230 mm/ 9,Ndertim,,,,,ndertim,active
HCG1709 – Pistolete silikoni Profi. me kornize metalike,Ndertim,,,,,ndertim,active
HKSDB0248 – Set kacavide me 24 maja,Ndertim,,,,,ndertim,active
HADW131088 – Celes Anglez me doreze me 2 komponente 200mm / 8,Ndertim,,,,,ndertim,active
HPW0810 – Celes Hidraulik Papagall 10 250 mm,Ndertim,,,,,ndertim,active
HCSPA301 – Celes Fiso-Stel 30 mm,Ndertim,,,,,ndertim,active
Leve Dizermimi 900x36x18mm – WQB1390,Ndertim,Aksesorë Ndërtimi,,,,ndertim,active
HCH81060 – Cekic Llamarine me bisht fibre me 3 komponente 600gr (me koke magnetike),Ndertim,,,,,ndertim,active
65150 – Set Taf me maja dhe koka kriketi 4,Ndertim,,,,,ndertim,active
HMPC1468P – Prese kapikordash dhe telefoni 8” 200,Ndertim,,,,,ndertim,active
YT-12439 – Leve kriketi L 1/2” 300x70mm,Ndertim,Aksesorë Ndërtimi,,,,ndertim,active
20650002 – Zgjatues 1/4″ 100 mm,Ndertim,,,,,ndertim,active
40750210 – Koke kriketi me 6 faqe 1/2″ 21 mm,Ndertim,,,,,ndertim,active
40750200 – Koke kriketi me 6 faqe 1/2″ 20 mm,Ndertim,,,,,ndertim,active
40750190 – Koke kriketi me 6 faqe 1/2″ 19 mm,Ndertim,,,,,ndertim,active
40750180 – Koke kriketi me 6 faqe 1/2″ 18 mm,Ndertim,,,,,ndertim,active
40750170 – Koke kriketi me 6 faqe 1/2″ 17 mm,Ndertim,,,,,ndertim,active
6570010 – Kacavide mekanike PZ1 x 80 mm,Ndertim,,,,,ndertim,active
6550010 – Kacavide mekanike PH1 x 80 mm,Ndertim,,,,,ndertim,active
6151265 – Kacavide mekanike me maje pete 6.5 x 150 mm,Ndertim,,,,,ndertim,active
6200100 – Kacavide mekanike me maje (Torx) T10 x 100 mm,Ndertim,,,,,ndertim,active
0440 0140 – Celes i shkurter L (Hexagon) 14.0 mm,Ndertim,,,,,ndertim,active
1850170 – Celes fiso-stel 17 mm,Ndertim,,,,,ndertim,active
"20125 – Zgjatues per koka kriketi 1/2  , 125 mm",Ndertim,,,,,ndertim,active
"63 – Set me 6 lima, 150 mm",Ndertim,,,,,ndertim,active
"12101/14 – Pipo Shlice 1/2 ” , M14 x 100 mm",Ndertim,,,,,ndertim,active
"22460/E10 – Pipo E e gjate 1/2 ” , E10",Ndertim,,,,,ndertim,active
"22088/32 – Koke kriketi me 6 faqe, 1/2″, 32 mm",Ndertim,,,,,ndertim,active
"22000/K24 – Koke kriketi ajri me 6 faqe 1/2 ” , 24 mm",Ndertim,,,,,ndertim,active
"22099/K14 – Koke kriketi ajri e gjate me 6 faqe 1/2 ” , 14 mm",Ndertim,,,,,ndertim,active
"22099/K13 – Koke kriketi ajri e gjate me 6 faqe 1/2 ” , 13 mm",Ndertim,,,,,ndertim,active
21118 – Kacavide per maja 1/4  200 mm,Ndertim,,,,,ndertim,active
HTC04800B – Rrul per prerese pllakash 22×10.5x2mm,Ndertim,Zhavorr & Rërë,,,,ndertim,active
"CHPTB8704 – Furce Boje 100 mm 4, trashesia 22 mm",Ndertim,,,,,ndertim,active
OR30 – Pyka Pllakash e kuqe,Ndertim,,,,,ndertim,active
3525/23 – Celes fiso-stel 23 mm,Ndertim,,,,,ndertim,active
"Prerese Tubi Bakri dhe Alumini, dia.prerje 3-32mm – WPC2632",Ndertim,Zhavorr & Rërë,,,,ndertim,active
Set me 30 kacavida mekanike + maja – WSS1430,Ndertim,Aksesorë Ndërtimi,,,,ndertim,active
HPTT28138 – Mallo Patinimi Inoxi me dhembe 280x130mm,Ndertim,,,,,ndertim,active
YT-0197 – Celes Fiso-stel kriket 16mm,Ndertim,,,,,ndertim,active
YT-1676 – Celes fiso-stel kriket me levizje 10mm,Ndertim,,,,,ndertim,active
PBX1511 – Kuti plastike organizuese aksesoresh 15”,Ndertim,,,,,ndertim,active
34900 – Leve gozhdesh 900 mm,Ndertim,Aksesorë Ndërtimi,,,,ndertim,active
"HLHP028 – Cpuese lekure per vrima 2.5mm, 3mm, 3.5mm, 4mm, 4.5mm, 5mm",Ndertim,,3M,,,ndertim,active
HECP28200 – DARE PROFI PER TEL 200mm,Ndertim,,,,,ndertim,active
HCSPAR211 – Celes Fiso-Stel Kriket 21 mm,Ndertim,,,,,ndertim,active
"2357 – Pipo Shlice 1/2, M16x55 mm CRV",Ndertim,,,,,ndertim,active
9171 – Pistolete shkume plastike – e shkurter,Ndertim,,,,,ndertim,active
242205 – Krah matravide M3-M4,Ndertim,,,,,ndertim,active
20650001 – Zgjatues 1/4″ 50 mm,Ndertim,,,,,ndertim,active
40750090 – Koke kriketi me 6 faqe 1/2″ 9 mm,Ndertim,,,,,ndertim,active
40750160 – Koke kriketi me 6 faqe 1/2″ 16 mm,Ndertim,,,,,ndertim,active
40750150 – Koke kriketi me 6 faqe 1/2″ 15 mm,Ndertim,,,,,ndertim,active
40750140 – Koke kriketi me 6 faqe 1/2″ 14 mm,Ndertim,,,,,ndertim,active
40750130 – Koke kriketi me 6 faqe 1/2″ 13 mm,Ndertim,,,,,ndertim,active
40750120 – Koke kriketi me 6 faqe 1/2″ 12 mm,Ndertim,,,,,ndertim,active
40750110 – Koke kriketi me 6 faqe 1/2″ 11 mm,Ndertim,,,,,ndertim,active
40750100 – Koke kriketi me 6 faqe 1/2″ 10 mm,Ndertim,,,,,ndertim,active
40751250 – Koke kriketi me 12 faqe 1/2″ 25 mm,Ndertim,,,,,ndertim,active
40751240 – Koke kriketi me 12 faqe 1/2″ 24 mm,Ndertim,,,,,ndertim,active
40751230 – Koke kriketi me 12 faqe 1/2″ 23 mm,Ndertim,,,,,ndertim,active
6151055 – Kacavide mekanike me maje pete 5.5 x 125 mm,Ndertim,,,,,ndertim,active
1850160 – Celes fiso-stel 16 mm,Ndertim,,,,,ndertim,active
45230540 – Kaçavide mekanike profesionale PH3 X 150,Ndertim,,,,,ndertim,active
45007040 – Kaçavide mekanike profesionale pete /SL 7.0 X 130,Ndertim,,,,,ndertim,active
"50065710 – Kacavide mekanike me maje pete, doreze me 2 komponente SL 6,5 x 1,2 x 200",Ndertim,,,,,ndertim,active
"12103/60 – Pipo Torx i gjate 1/2 ” , T60x100 mm",Ndertim,,,,,ndertim,active
"12011/16 – Pipo Shlice 1/2 ” , M16 x 55 mm",Ndertim,,,,,ndertim,active
"12011/14 – Pipo Shlice 1/2 ” , M14 x 55 mm",Ndertim,,,,,ndertim,active
"12101/12 – Pipo Shlice 1/2 ” , M12 x 100 mm",Ndertim,,,,,ndertim,active
"12022/17 – Pipo Hegzagon i shkurter 1/2 ” , 17×55 mm",Ndertim,,,,,ndertim,active
21525 – Kryq kriketi 3/8 “,Ndertim,,,,,ndertim,active
"1122 – Komplet kriketi 21 cope, 3/4  , hex 19-50 mm, me 6 faqe",Ndertim,,,,,ndertim,active
"22088/30 – Koke kriketi me 6 faqe, 1/2″, 30 mm",Ndertim,,,,,ndertim,active
"22044/32 – Koke kriketi me 12 faqe, 1/2″, 32 mm",Ndertim,,,,,ndertim,active
"22000/K22 – Koke kriketi ajri me 6 faqe 1/2 ” , 22 mm",Ndertim,,,,,ndertim,active
"22000/K21 – Koke kriketi ajri me 6 faqe 1/2 ” , 21 mm",Ndertim,,,,,ndertim,active
"22000/K19 – Koke kriketi ajri me 6 faqe 1/2 ” , 19 mm",Ndertim,,,,,ndertim,active
"22000/K17 – Koke kriketi ajri me 6 faqe 1/2 ” , 17 mm",Ndertim,,,,,ndertim,active
21116 – Kacavide 1/4  150 mm me doreze ergonomike me 2 komponente,Ndertim,,,,,ndertim,active
1012/21X23 – Celes poligon 21×23 mm,Ndertim,,,,,ndertim,active
HSFR24108 – Berdaf per bojak 240×100 mm,Ndertim,,,,,ndertim,active
HPL01300 – Zdrukth dore 235 mm,Ndertim,,,,,ndertim,active
HCCL852519 – Dalte e sheshte me doreze me 2 komponente 305 mm,Ndertim,,,,,ndertim,active
HMH041000 – Cekic SUPER SELECT me bisht druri 1000 gr,Ndertim,,,,,ndertim,active
HILNP28168 – Pince elektrike me maje te gjate 160 mm,Ndertim,,,,,ndertim,active
AKISD0901 – Set kacavide + maja 9 cope,Ndertim,,,,,ndertim,active
HPCS05428 – Prerese Tubi Plastik me hapje automatike,Ndertim,Zhavorr & Rërë,,,,ndertim,active
HTS0410 – Gershere Llamarine 10,Ndertim,,,,,ndertim,active
"HR105 – Percinuese Dore per percina 2,4 – 4,8 mm",Ndertim,,,,,ndertim,active
HMFK8158 – Thike multifunksionale me 15 funksione,Ndertim,,,,,ndertim,active
HHK13092 – Set Torx 9 cope Extra i gjate T10-T50,Ndertim,,,,,ndertim,active
HHK12092 – Set hexagon extra I gjate 9 cope,Ndertim,,,,,ndertim,active
HKSD0718 – Komplet me kacavida precizioni 7 cope,Ndertim,Aksesorë Ndërtimi,,,,ndertim,active
HQBC01603 – Morsete shtrengimi 18 63×450 mm,Ndertim,,,,,ndertim,active
HTSN0110R – Gershere llamarine djathtas 250 mm(10),Ndertim,,,,,ndertim,active
HTSN0110L – Gershere llamarine majtas 250 mm(10),Ndertim,,,,,ndertim,active
HTSN0110S – Gershere llamarine e drejte 250mm(10″),Ndertim,,,,,ndertim,active
HPP28251 – Pince Hidraulike 10″ 250 mm,Ndertim,,,,,ndertim,active
HPP28258 – Pince Hidraulike 10” 250 mm,Ndertim,,,,,ndertim,active
HHCP28180 – Pince universale Kraft 7/180 mm,Ndertim,,,,,ndertim,active
HCP28208 – Pince universale Profi 8″ 200 mm,Ndertim,,,,,ndertim,active
HADW131102 – Celes Anglez 250 mm / 10,Ndertim,,,,,ndertim,active
HPW0808 – Celes Hidraulik Papagall 8 200 mm,Ndertim,,,,,ndertim,active
HCSPAR191 – Celes Fiso – Stel Kriket 19 mm,Ndertim,,,,,ndertim,active
HCSPA271 – Celes Fiso-Stel 27 mm,Ndertim,,,,,ndertim,active
Leve Dizermimi 750x30x18mm – WQB1375,Ndertim,Aksesorë Ndërtimi,,,,ndertim,active
Dare karpentieri e veshur 8”/200mm – WPL8C18,Ndertim,,,,,ndertim,active
Pince Profi universale me doreze me 2 komponente 8”/200mm – WPL1718,Ndertim,,,,,ndertim,active
PM270016 – Celefon transparent mbrojtes per mbulim pajisje indoor 2700mmx33m,Ndertim,Dyer & Dritare,3M,,,ndertim,active
HRCEP0201 – Bisht Rruli Teleskopik 200cm,Ndertim,,,,,ndertim,active
YT-6220 – Lime druri gjysme e rrumbullakët,Ndertim,,,,,ndertim,active
YT-6219 – Lime druri e sheshte,Ndertim,,,,,ndertim,active
YT-2139 – Pinca Fermo me Mbyllje E Kthyer 180MM,Ndertim,,,,,ndertim,active
YT-2138 – Pinca Fermo me Hapje E Kthyer 180MM,Ndertim,,,,,ndertim,active
YT-2137 – Pinca Fermo me Mbyllje E Drejt 180MM,Ndertim,,,,,ndertim,active
YT-2136 – Pinca Fermo me Hapje E Drejt 180MM,Ndertim,,,,,ndertim,active
"05300 – Ventuze teke 1x115MM
40 kg",Ndertim,,,,,ndertim,active
52658 – Celes Fiso-Stel kriket 17mm,Ndertim,,,,,ndertim,active
53650 – Zgjatues kriketi 3/4″x100MM,Ndertim,,,,,ndertim,active
40751220 – Koke kriketi me 12 faqe 1/2″ 22 mm,Ndertim,,,,,ndertim,active
6600840 – Kacavide precizioni me maje pete 4.0 x 100 mm,Ndertim,,,,,ndertim,active
6200080 – Kacavide mekanike me maje (Torx) T8 x 60 mm,Ndertim,,,,,ndertim,active
1850150 – Celes fiso-stel 15 mm,Ndertim,,,,,ndertim,active
"PA04-R – Kuti plastike e kuqe per aksesore 335 x 165 x 210 mm, 24-cp",Ndertim,,,,,ndertim,active
HTBG281328 – Cante Veglash 13” me 6 xhepa te jashtem,Ndertim,Aksesorë Ndërtimi,,,,ndertim,active
"12033/70 – Pipo Torx 1/2 ” , T70x55 mm",Ndertim,,,,,ndertim,active
"22044/30 – Koke kriketi me 12 faqe, 1/2″, 30 mm",Ndertim,,,,,ndertim,active
"22099/22 – Koke kriketi e gjate me 6 faqe, 1/2″, 22 mm",Ndertim,,,,,ndertim,active
2136/23 – Celes fiso-stel i kromuar 23 mm,Ndertim,,,,,ndertim,active
HHAS08550 – Sharre dore per dru 550 mm,Ndertim,,,,,ndertim,active
HCCL851916 – Dalte me maje te sheshte me mbrojtje 19×305 mm,Ndertim,,,,,ndertim,active
HLHD12121 – Leve kriketi L 1/2” 300 mm 12”,Ndertim,Aksesorë Ndërtimi,,,,ndertim,active
HHAS08500 – Sharre dore per dru 500 mmm,Ndertim,,,,,ndertim,active
HHK11092 – Set Hexagon 9 cope Extra i gjate 1.5-10 mm,Ndertim,,,,,ndertim,active
HECP02180 – Dare karpentieri e veshur me koke te gjere 7″ 180 mm,Ndertim,,,,,ndertim,active
HCSPAR171 – Celes Fiso-Stel Kriket 17,Ndertim,,,,,ndertim,active
HEB12101 – Zgjatues per koka kriketi 1/2 254 mm,Ndertim,,,,,ndertim,active
HSFR24008 – Berdaf per bojak 230x100x15 mm,Ndertim,,,,,ndertim,active
HKSD0628 – Komplet me 6 kacavida mekanike,Ndertim,Aksesorë Ndërtimi,,,,ndertim,active
"HCJLW0210 – Pince veteshtrenguese 10″, 254 mm",Ndertim,,,,,ndertim,active
HECP28160 – Dare profi me koke te gjere 6″ 160 mm,Ndertim,,,,,ndertim,active
Celes tubolar 30x32mm karbon – BHT7562,Ndertim,,,,,ndertim,active
74750140 – Koke kriketi ajri 1/2″ 14 mm,Ndertim,,,,,ndertim,active
74750130 – Koke kriketi ajri 1/2″ 13 mm,Ndertim,,,,,ndertim,active
"22099/21 – Koke kriketi e gjate me 6 faqe, 1/2″, 21 mm",Ndertim,,,,,ndertim,active
"12102/11 – Pipo Hegzagon i gjate 1/2 ” , 11×100 mm",Ndertim,,,,,ndertim,active
HFC020503 – Morsete Marangozi Industriale 50×250 mm,Ndertim,,,,,ndertim,active
HQBC01602 – Morsete shtrengimi 12 63×300 mm,Ndertim,,,,,ndertim,active
"22044/27 – Koke kriketi me 12 faqe, 1/2″, 27 mm",Ndertim,,,,,ndertim,active
Celes tubolar 27x32mm karbon – BHT7560,Ndertim,,,,,ndertim,active
Set me 9 celesa Torx extra i gjate T10-T50 – WHK3292,Ndertim,,,,,ndertim,active
Celefon transparent mbrojtes per mbulim pajisje indoor 1100mmx33m (30),Ndertim,Dyer & Dritare,3M,,,ndertim,active
"BHT7972 – Kove plastike e zeze, 20L me shkalle matese, mbajtese metalike",Ndertim,Aksesorë Ndërtimi,,,,ndertim,active
YT-1974 – Gershere elektricisti 5.5” 142mm,Ndertim,,,,,ndertim,active
YT-1674 – Celes fiso-stel kriket me levizje 8mm,Ndertim,,,,,ndertim,active
34750 – Leve gozhdesh 750 mm,Ndertim,Aksesorë Ndërtimi,,,,ndertim,active
"HHAS15450 – SHARRE DORE PER DRU, 450mm",Ndertim,,,,,ndertim,active
36004 – Morsete bango fikse mini 40mm,Ndertim,,,,,ndertim,active
04410100 – Celes i gjate L (Hexagon) 10.0 mm,Ndertim,,,,,ndertim,active
74750120 – Koke kriketi ajri 1/2″ 12 mm,Ndertim,,,,,ndertim,active
74750110 – Koke kriketi ajri 1/2″ 11 mm,Ndertim,,,,,ndertim,active
74750100 – Koke kriketi ajri 1/2″ 10 mm,Ndertim,,,,,ndertim,active
6600530 – Kacavide precizioni me maje pete 3.5 x 100 mm,Ndertim,,,,,ndertim,active
6570000 – Kacavide mekanike PZ0 x 60 mm,Ndertim,,,,,ndertim,active
6550000 – Kacavide mekanike PH0 x 60 mm,Ndertim,,,,,ndertim,active
"50815340 – Kacavide mekanike TORX T15 x 100, doreze me 2 komponente",Ndertim,,,,,ndertim,active
"50810340 – Kacavide mekanike TORX T10 x 100, doreze me 2 komponente",Ndertim,,,,,ndertim,active
20840490 – Kaçavide mekanike profesionale TX40 X 125,Ndertim,,,,,ndertim,active
45005540 – Kaçavide mekanike profesionale pete /SL 5.5 X 100,Ndertim,,,,,ndertim,active
"50220310 – Kacavide mekanike PH 2 x 100, doreze me 2 komponente",Ndertim,,,,,ndertim,active
"50210710 – Kacavide mekanike PH 1 x 200, doreze me 2 komponente",Ndertim,,,,,ndertim,active
"50055410 – Kacavide mekanike me maje pete, doreze me 2 komponente SL 5,5 x 1,0 x 125",Ndertim,,,,,ndertim,active
"21900 – Zgjatues 1/2″, 125 mm",Ndertim,,,,,ndertim,active
"12103/55 – Pipo Torx i gjate 1/2 ” , T55x100 mm",Ndertim,,,,,ndertim,active
"12103/27 – Pipo Torx i gjate 1/2 ” , T27x100 mm",Ndertim,,,,,ndertim,active
"12103/20 – Pipo Torx i gjate 1/2 ” , T20x100 mm",Ndertim,,,,,ndertim,active
"12101/9 – Pipo Shlice 1/2 ” , M9 x 100 mm",Ndertim,,,,,ndertim,active
"12101/8 – Pipo Shlice 1/2 ” , M8 x 100 mm",Ndertim,,,,,ndertim,active
"12101/6 – Pipo Shlice 1/2 ” , M6 x 100 mm",Ndertim,,,,,ndertim,active
"12101/5 – Pipo Shlice 1/2 ” , M5 x 100 mm",Ndertim,,,,,ndertim,active
"12011/12 – Pipo Shlice 1/2 ” , M12 x 55 mm",Ndertim,,,,,ndertim,active
"12022/14 – Pipo Hegzagon i shkurter 1/2 ” , 14×55 mm",Ndertim,,,,,ndertim,active
"12102/8 – Pipo Hegzagon i gjate 1/2 ” , 8×100 mm",Ndertim,,,,,ndertim,active
"12102/7 – Pipo Hegzagon i gjate 1/2 ” , 7×100 mm",Ndertim,,,,,ndertim,active
"12102/10 – Pipo Hegzagon i gjate 1/2 ” , 10×100 mm",Ndertim,,,,,ndertim,active
"22000/K15 – Koke kriketi ajri me 6 faqe 1/2 ” , 15 mm",Ndertim,,,,,ndertim,active
1012/20X22 – Celes poligon 20×22 mm,Ndertim,,,,,ndertim,active
2136/21 – Celes fiso-stel i kromuar 21 mm,Ndertim,,,,,ndertim,active
HSBKT12245 – Set me 5 lama sharre Bi-Metali 300 mm / 24T,Ndertim,,,,,ndertim,active
HMBSB3008 – Sharre dore per dru 300 mm 12”,Ndertim,,,,,ndertim,active
HIWSP28160 – Zhveshese elektrike VDE 160 mm,Ndertim,,,,,ndertim,active
HWSP28160 – Pince Zhveshese kabulli 6″ 160 mm,Ndertim,,,,,ndertim,active
HADW131068 – Celes Anglez i veshur 150 mm 6,Ndertim,,,,,ndertim,active
HHK13091 – Komplet torx i gjate 9 cope / T10-T50,Ndertim,,,,,ndertim,active
HHK12091 – Set hexagon I gjate 9 cope,Ndertim,,,,,ndertim,active
AKISD1208 – Set kacavide kriket 13 NE 1,Ndertim,,,,,ndertim,active
HES0188 – Gershere elektricisti inoxi 200mm(8″),Ndertim,,,,,ndertim,active
HHLNP28200 – Pince profi me maje te gjate 8″ 200 mm,Ndertim,,,,,ndertim,active
HCP28188 – Pince universale Profi 7  180 mm,Ndertim,,,,,ndertim,active
"CHPTB8703 – Furce Boje 75 mm 3, trashesia 22 mm",Ndertim,,,,,ndertim,active
"12103/40 – Pipo Torx i gjate 1/2 ” , T40x100 mm",Ndertim,,,,,ndertim,active
Set me 9 celesa Hexagon extra i gjate 1.5-10mm – WHK1292,Ndertim,,,,,ndertim,active
Leve Dizermimi 600x24x16mm – WQB1360,Ndertim,Aksesorë Ndërtimi,,,,ndertim,active
Tronkeze profi universale me doreze me 2 komponente 7”/180mm – WPL3717,Ndertim,,,,,ndertim,active
Zhveshese kabulli me 4 funksione 7″/180mm – WPL5627,Ndertim,,,,,ndertim,active
YT-05444 – Celes hexagon L I gjate 14.0mm,Ndertim,,,,,ndertim,active
YT-1248 – Zgjatues Kok Kriketi 1/2″ 254MM,Ndertim,,,,,ndertim,active
YT-1243 – Leve kriketi 1/2” 255mm me koke te levizshme,Ndertim,Aksesorë Ndërtimi,,,,ndertim,active
"HMH82500 – ÇEKIÇ GJERMAN ME BISHT FIBRE ,500g",Ndertim,,,,,ndertim,active
"HHCP28160 – PINCE UNIVERSALE KRAFT, 160 mm",Ndertim,,,,,ndertim,active
52657 – Celes Fiso-Stel kriket 15mm,Ndertim,,,,,ndertim,active
52656 – Celes Fiso-Stel kriket 14mm,Ndertim,,,,,ndertim,active
40751210 – Koke kriketi me 12 faqe 1/2″ 21 mm,Ndertim,,,,,ndertim,active
40751200 – Koke kriketi me 12 faqe 1/2″ 20 mm,Ndertim,,,,,ndertim,active
40751190 – Koke kriketi me 12 faqe 1/2″ 19 mm,Ndertim,,,,,ndertim,active
40751180 – Koke kriketi me 12 faqe 1/2″ 18 mm,Ndertim,,,,,ndertim,active
40751170 – Koke kriketi me 12 faqe 1/2″ 17 mm,Ndertim,,,,,ndertim,active
40751160 – Koke kriketi me 12 faqe 1/2″ 16 mm,Ndertim,,,,,ndertim,active
40751150 – Koke kriketi me 12 faqe 1/2″ 15 mm,Ndertim,,,,,ndertim,active
40751140 – Koke kriketi me 12 faqe 1/2″ 14 mm,Ndertim,,,,,ndertim,active
40751130 – Koke kriketi me 12 faqe 1/2″ 13 mm,Ndertim,,,,,ndertim,active
6600425 – Kacavide  precizioni me maje pete 2.5 x 75 mm,Ndertim,,,,,ndertim,active
0440 0120 – Celes i shkurter L (Hexagon) 12.0 mm,Ndertim,,,,,ndertim,active
1850140 – Celes fiso-stel 14 mm,Ndertim,,,,,ndertim,active
1850130 – Celes fiso-stel 13 mm,Ndertim,,,,,ndertim,active
"12103/50 – Pipo Torx i gjate 1/2 ” , T50x100 mm",Ndertim,,,,,ndertim,active
"12103/45 – Pipo Torx i gjate 1/2 ” , T45x100 mm",Ndertim,,,,,ndertim,active
"12103/30 – Pipo Torx i gjate 1/2 ” , T30x100 mm",Ndertim,,,,,ndertim,active
"12103/25 – Pipo Torx i gjate 1/2 ” , T25x100 mm",Ndertim,,,,,ndertim,active
"12033/60 – Pipo Torx 1/2 ” , T60x55 mm",Ndertim,,,,,ndertim,active
"12033/55 – Pipo Torx 1/2 ” , T55x55 mm",Ndertim,,,,,ndertim,active
"12011/9 – Pipo Shlice 1/2 ” , M9 x 55 mm",Ndertim,,,,,ndertim,active
"12011/8 – Pipo Shlice 1/2 ” , M8 x 55 mm",Ndertim,,,,,ndertim,active
"12011/6 – Pipo Shlice 1/2 ” , M6 x 55 mm",Ndertim,,,,,ndertim,active
"12011/5 – Pipo Shlice 1/2 ” , M5 x 55 mm",Ndertim,,,,,ndertim,active
"12011/10 – Pipo Shlice 1/2 ” , M10 x 55 mm",Ndertim,,,,,ndertim,active
"12101/10 – Pipo Shlice 1/2 ” , M10 x 100 mm",Ndertim,,,,,ndertim,active
"12102/6 – Pipo Hegzagon i gjate 1/2 ” , 6×100 mm",Ndertim,,,,,ndertim,active
"12102/5 – Pipo Hegzagon i gjate 1/2 ” , 5×100 mm",Ndertim,,,,,ndertim,active
"12102/12 – Pipo Hegzagon i gjate 1/2 ” , 12×100 mm",Ndertim,,,,,ndertim,active
"22088/27 – Koke kriketi me 6 faqe, 1/2″, 27 mm",Ndertim,,,,,ndertim,active
"22099/19 – Koke kriketi e gjate me 6 faqe, 1/2″, 19 mm",Ndertim,,,,,ndertim,active
2136/20 – Celes fiso-stel i kromuar 20 mm,Ndertim,,,,,ndertim,active
HCSPAR141 – Celes Fiso-Stel Kriket 14,Ndertim,,,,,ndertim,active
AKSDFL1208 – Kacavide fleksibel me 12 maja,Ndertim,,,,,ndertim,active
HADW131082 – Celes Anglez 200 mm / 8,Ndertim,,,,,ndertim,active
HHAST12323L – Koke kriketi e gjate me 6 faqe 1/232mm,Ndertim,,,,,ndertim,active
HRTH0814 – Doreze kriketi 1/4″ 45 T,Ndertim,,,,,ndertim,active
"22099/14 – Koke kriketi e gjate me 6 faqe, 1/2″, 14 mm",Ndertim,,,,,ndertim,active
HUK6128 – Thike multifunksionale me 2 komponente,Ndertim,,,,,ndertim,active
HMBC0808 – Gershere teli mini 8,Ndertim,,,,,ndertim,active
HFC020502 – Morsete Marangozi Industriale 50×200 mm,Ndertim,,,,,ndertim,active
HSGT680208 – Set me 2 kacavida mekanike (SL6.5×125 / PH2x125),Ndertim,Aksesorë Ndërtimi,,,,ndertim,active
"12022/12 – Pipo Hegzagon i shkurter 1/2 ” , 12×55 mm",Ndertim,,,,,ndertim,active
"22099/18 – Koke kriketi e gjate me 6 faqe, 1/2″, 18 mm",Ndertim,,,,,ndertim,active
"22099/13 – Koke kriketi e gjate me 6 faqe, 1/2″, 13 mm",Ndertim,,,,,ndertim,active
"22099/12 – Koke kriketi e gjate me 6 faqe, 1/2″, 12 mm",Ndertim,,,,,ndertim,active
HRS108 – Percinuese dore,Ndertim,,,,,ndertim,active
HRHT092551 – Rrul Boje Acrylic me doreze me 2 komponente 255 mm/ 10 (per mure te jashtme),Ndertim,,,,,ndertim,active
HRHT042302D – Rrul Boje microfiber me doreze me 2 komponente 230 mm/ 9 (per mure te jashtme),Ndertim,,,,,ndertim,active
HHK14083 – Set Torx 8 cope T9-T40,Ndertim,,,,,ndertim,active
HKSD0428 – Set me 4 kacavida metakine,Ndertim,Aksesorë Ndërtimi,,,,ndertim,active
HFC020501 – Morsete Marangozi Industriale 50×150 mm,Ndertim,,,,,ndertim,active
HCCB0208 – Prerese kabulli e veshur 8″ 200mm,Ndertim,Zhavorr & Rërë,,,,ndertim,active
YT-6221 – Lime druri e rrumbullaket,Ndertim,,,,,ndertim,active
34600 – Leve gozhdesh 600 mm,Ndertim,Aksesorë Ndërtimi,,,,ndertim,active
"12022/10 – Pipo Hegzagon i shkurter 1/2 ” , 10×55 mm",Ndertim,,,,,ndertim,active
"22099/17 – Koke kriketi e gjate me 6 faqe, 1/2″, 17 mm",Ndertim,,,,,ndertim,active
"22099/11 – Koke kriketi e gjate me 6 faqe, 1/2″, 11 mm",Ndertim,,,,,ndertim,active
"22000/K14 – Koke kriketi ajri me 6 faqe 1/2 ” , 14 mm",Ndertim,,,,,ndertim,active
"22000/K13 – Koke kriketi ajri me 6 faqe 1/2 ” , 13 mm",Ndertim,,,,,ndertim,active
HHAS15400 – Sharre dore per dru 400 mm me dhembe extra te mprehte,Ndertim,,,,,ndertim,active
6350635 – Indikator elektrik VDE 3.5 mm,Ndertim,,,,,ndertim,active
"12022/8 – Pipo Hegzagon i shkurter 1/2 ” , 8×55 mm",Ndertim,,,,,ndertim,active
"12022/6 – Pipo Hegzagon i shkurter 1/2 ” , 6×55 mm",Ndertim,,,,,ndertim,active
"12022/5 – Pipo Hegzagon i shkurter 1/2 ” , 5×55 mm",Ndertim,,,,,ndertim,active
3525/22 – Celes fiso-stel 22 mm,Ndertim,,,,,ndertim,active
HQBC01601 – Morsete shtrengimi 6 63×150 mm,Ndertim,,,,,ndertim,active
2136/19 – Celes fiso-stel i kromuar 19 mm,Ndertim,,,,,ndertim,active
Celes tubolar 25x28mm karbon – BHT7558,Ndertim,,,,,ndertim,active
Pince Profi universale me doreze me 2 komponente 7”/180mm – WPL1717,Ndertim,,,,,ndertim,active
Skrapello alumini 18X100 mm me doreze 600mm – WGS1660,Ndertim,,,,,ndertim,active
Pince fiksuese per nivelimin e pllakave 240mm,Ndertim,,,,,ndertim,active
YT-2143 – Pince fermo per mbyllje e kthyer 150mm,Ndertim,,,,,ndertim,active
YT-2142 – Pince fermo per mbyllje e drejte 150mm,Ndertim,,,,,ndertim,active
YT-2141 – Pince fermo per hapje e kthyer 150mm,Ndertim,,,,,ndertim,active
YT-2140 – Pince fermo per hapje e drejte 150mm,Ndertim,,,,,ndertim,active
YT-2081 – Mini tronkeze e gomuar 115 mm,Ndertim,,,,,ndertim,active
YT-2080 – Mini pince e gomuar 115mm,Ndertim,,,,,ndertim,active
YT-2082 – Mini dare e gomuar 115mm,Ndertim,,,,,ndertim,active
OR31 – Pyka Pllakash Eco e zeze,Ndertim,,,,,ndertim,active
PBX1211 – Kuti plastike organizuese aksesoresh 12”,Ndertim,,,,,ndertim,active
25700 – Set me 6 mini dalta druri,Ndertim,,,,,ndertim,active
52655 – Celes Fiso-Stel kriket 13mm,Ndertim,,3M,,,ndertim,active
36000 – Morsete bango fikse mini 25mm,Ndertim,,,,,ndertim,active
40751120 – Koke kriketi me 12 faqe 1/2″ 12 mm,Ndertim,,,,,ndertim,active
40751110 – Koke kriketi me 12 faqe 1/2″ 11 mm,Ndertim,,,,,ndertim,active
40751100 – Koke kriketi me 12 faqe 1/2″ 10 mm,Ndertim,,,,,ndertim,active
01850090 – Celes fiso-stel 9 mm,Ndertim,,,,,ndertim,active
01850080 – Celes fiso-stel 8 mm,Ndertim,,,,,ndertim,active
01850070 – Celes fiso-stel 7 mm,Ndertim,,,,,ndertim,active
1850120 – Celes fiso-stel 12 mm,Ndertim,,,,,ndertim,active
1850110 – Celes fiso-stel 11 mm,Ndertim,,,,,ndertim,active
1850100 – Celes fiso-stel 10 mm,Ndertim,,,,,ndertim,active
45210240 – Kaçavide mekanike profesionale PH1 X 80,Ndertim,,,,,ndertim,active
"50210210 – Kacavide mekanike PH1 x 80, doreze me 2 komponente",Ndertim,,,,,ndertim,active
"50065510 – Kacavide mekanike me maje pete, doreze me 2 komponente SL 6,5 x 1,2 x 150",Ndertim,,,,,ndertim,active
"12033/50 – Pipo Torx 1/2 ” , T50x55 mm",Ndertim,,,,,ndertim,active
"12033/45 – Pipo Torx 1/2 ” , T45x55 mm",Ndertim,,,,,ndertim,active
"12033/40 – Pipo Torx 1/2 ” , T40x55 mm",Ndertim,,,,,ndertim,active
"12033/30 – Pipo Torx 1/2 ” , T30x55 mm",Ndertim,,,,,ndertim,active
"12033/27 – Pipo Torx 1/2 ” , T27x55 mm",Ndertim,,,,,ndertim,active
"12033/25 – Pipo Torx 1/2 ” , T25x55 mm",Ndertim,,,,,ndertim,active
"12033/20 – Pipo Torx 1/2 ” , T20x55 mm",Ndertim,,,,,ndertim,active
"12022/4 – Pipo Hegzagon i shkurter 1/2 ” , 4×55 mm",Ndertim,,,,,ndertim,active
"22440/E24 – Pipo E e shkurter 1/2 ” , E24",Ndertim,,,,,ndertim,active
21699/19 – Koke kriketi e gjate 3/8 ” me 6 faqe 19 mm,Ndertim,,,,,ndertim,active
21699/18 – Koke kriketi e gjate 3/8 ” me 6 faqe 18 mm,Ndertim,,,,,ndertim,active
"22000/K12 – Koke kriketi ajri me 6 faqe 1/2 ” , 12 mm",Ndertim,,,,,ndertim,active
"22000/K10 – Koke kriketi ajri me 6 faqe 1/2 ” , 10 mm",Ndertim,,,,,ndertim,active
1012/18X19 – Celes poligon 18×19 mm,Ndertim,,,,,ndertim,active
2136/18 – Celes fiso-stel i kromuar 18 mm,Ndertim,,,,,ndertim,active
HSBKT12185 – Set me 5 lama sharre Bi-Metali 300 mm / 18T,Ndertim,,,,,ndertim,active
HKTF63 – Set me 6 lima druri,Ndertim,,,,,ndertim,active
HWBA01142 – Leve dizermimi 14″ 350 mm,Ndertim,Aksesorë Ndërtimi,,,,ndertim,active
HES0187 – Gershere elekticisti 178 mm,Ndertim,,,,,ndertim,active
HSU012501 – Ventuze teke per ngritje 25 kg,Ndertim,,,,,ndertim,active
HWC0825 – Dalte Druri 25×140 mm,Ndertim,,,,,ndertim,active
HCCL082412 – Dalte betoni me gomine me maje 300mm,Ndertim,,,,,ndertim,active
HCG0909 – Pistolete silikoni metalike e verdhe 9″,Ndertim,,,,,ndertim,active
"HRP02230 – Dara karpentieri te veshura 228 mm,",Ndertim,,,,,ndertim,active
HRP02200 – Dare Karpentieri te veshura 200 mm,Ndertim,,,,,ndertim,active
HHLNP28160 – Pince profi me maje te gjate 6″ 160 mm,Ndertim,,,,,ndertim,active
HCP28168 – Pince universale Profi 6″ 160 mm,Ndertim,,,,,ndertim,active
HCP08208 – Pince universale 8″ 200mm,Ndertim,,,,,ndertim,active
HCSPAR131 – Celes Fiso-Stel Kriket 13,Ndertim,,,,,ndertim,active
HHAST12303L – Koke kriketi e gjate me 6 faqe 1/230mm,Ndertim,,,,,ndertim,active
Celes tubolar 24x27mm karbon – BHT7556,Ndertim,,,,,ndertim,active
Celes tubolar 24x26mm karbon – BHT7554,Ndertim,,,,,ndertim,active
Celes tubolar 22x24mm karbon – BHT7552,Ndertim,,,,,ndertim,active
Leve Dizermimi 450x18x16mm – WQB1345,Ndertim,Aksesorë Ndërtimi,,,,ndertim,active
Prerese Kabulli me doreze plastike 10″/250mm – WCT1610,Ndertim,Zhavorr & Rërë,,,,ndertim,active
Dare karpentieri e veshur 7”/180mm – WPL8C07,Ndertim,,,,,ndertim,active
Tronkeze profi universale me doreze me 2 komponente 6”/160mm – WPL3716,Ndertim,,,,,ndertim,active
Pince Profi universale me doreze me 2 komponente 6”/160mm – WPL1716,Ndertim,,,,,ndertim,active
HIA12341 – Adaptor per Koka Kriketi 1/2”F – 3/4”M,Ndertim,,,,,ndertim,active
YT-75121 – Thike tapicerie me gomine dhe mbrojtese alumini 18mm SK2,Ndertim,,,,,ndertim,active
YT-3849 – Zgjatues kriketi 3/8” 254mm koke rrumbullaket,Ndertim,,,,,ndertim,active
YT-3840 – Doreze Kriketi T 3/8″ 198MM,Ndertim,,,,,ndertim,active
YT-14001 – Zgjatues fleksibel per maja 1/4 ” x 300mm,Ndertim,,,,,ndertim,active
YT-0191 – Celes Fiso-stel kriket 10mm,Ndertim,,,,,ndertim,active
YT-01907 – Celes Fiso-stel kriket 7mm,Ndertim,,,,,ndertim,active
YT-0350 – Celesa Fiso-stel 21mm,Ndertim,,,,,ndertim,active
HCH81008 – ÇEKIÇ LLAMARINE ME BISHT FIBRE 8OZ,Ndertim,,,,,ndertim,active
"HCCP261804 – PINCE FERMO HAPJE ME MAJE TE KTHYER, 180mm",Ndertim,,,,,ndertim,active
"HCCP261802 – PINCE FERMO HAPJE ME MAJE TE KTHYER, 180mm",Ndertim,,,,,ndertim,active
"HCCP261801 – PINCE FERMO HAPJE ME MAJE TE KTHYER, 180mm",Ndertim,,,,,ndertim,active
"HLNP08208 – PINCE ME MAJE TE GJATE, 200mm",Ndertim,,,,,ndertim,active
43058 – Pince fermo per mbyllje e kthyer 180 mm,Ndertim,,,,,ndertim,active
43057 – Pince fermo per mbyllje e drejte 180 mm,Ndertim,,,,,ndertim,active
43056 – Pince fermo per hapje e kthyer 180 mm,Ndertim,,,,,ndertim,active
52654 – Celes Fiso-Stel kriket 12mm,Ndertim,,,,,ndertim,active
HUK180225 – Set me thike alumini,Ndertim,,,,,ndertim,active
HCCP261803 – Pince fermo mbyllje me maje te,Ndertim,,,,,ndertim,active
01850060 – Celes fiso-stel 6 mm,Ndertim,,,,,ndertim,active
"PA04-Z – Kuti plastike e zeze per aksesore 335 x 165 x 210 mm, 24-cp",Ndertim,,,,,ndertim,active
HPUT78200 – Shpatull patinimi me kend me doreze me 2 komponente 8” / 200 mm,Ndertim,Aksesorë Ndërtimi,,,,ndertim,active
1001 – Cekic karpentieri 800gr,Ndertim,,,,,ndertim,active
20810390 – Kaçavide mekanike profesionale TX10 X 100,Ndertim,,,,,ndertim,active
"21503 – Zgjatues 3/8″, 125 mm",Ndertim,,,,,ndertim,active
"22440/E22 – Pipo E e shkurter 1/2 ” , E22",Ndertim,,,,,ndertim,active
74 – Spraj Graso Silikoni 500 ml,Ndertim,,,,,ndertim,active
21125 – Kryq kriketi 1/4 “,Ndertim,,,,,ndertim,active
"22099/16 – Koke kriketi e gjate me 6 faqe, 1/2″, 16 mm",Ndertim,,,,,ndertim,active
"22099/10 – Koke kriketi e gjate me 6 faqe, 1/2″, 10 mm",Ndertim,,,,,ndertim,active
21699/17 – Koke kriketi e gjate 3/8 ” me 6 faqe 17 mm,Ndertim,,,,,ndertim,active
21699/16 – Koke kriketi e gjate 3/8 ” me 6 faqe 16 mm,Ndertim,,,,,ndertim,active
2136/17 – Celes fiso-stel i kromuar 17 mm,Ndertim,,,,,ndertim,active
HCS30028C – Sharre universale gipsi 12”/300mm,Ndertim,,,,,ndertim,active
MHHF1503 – Sharre dore alumini mini 150mm(6″),Ndertim,,,,,ndertim,active
HHFS3068 – Sharre dore hekuri Super Select,Ndertim,Hekur Betoni,,,,ndertim,active
HCG1409 – Pistolete Silikoni Alumini 9” me dopio piston,Ndertim,,,,,ndertim,active
HHUJ1121 – Kryq kriketi 1/2,Ndertim,,,,,ndertim,active
HPK82001 – Zhveshese kabulli me hark 200 mmm,Ndertim,,,,,ndertim,active
"CHPTB8725 – Furce Boje 63 mm 2.5, trashesia 20 mm",Ndertim,,,,,ndertim,active
HHK11091 – Komplet hexagon i gjate 9 cope / 1.5-10mm,Ndertim,,,,,ndertim,active
HHK14081 – Set Hexagon 8 cope 2-8 mm,Ndertim,,,,,ndertim,active
HLNP28168 – Pince me maje te gjate 6″ 160 mm,Ndertim,,,,,ndertim,active
HCP08188 – Pince universale 7  180 mm,Ndertim,,,,,ndertim,active
HCSPA241 – Celes Fiso-Stel 24 mm,Ndertim,,,,,ndertim,active
HHAST12273L – Koke kriketi e gjate me 6 faqe 1/227mm,Ndertim,,,,,ndertim,active
HSTB12101 – Leve kriketi T 1/2” 250 mm,Ndertim,Aksesorë Ndërtimi,,,,ndertim,active
"22440/E20 – Pipo E e shkurter 1/2 ” , E20",Ndertim,,,,,ndertim,active
52652 – Celes Fiso-Stel kriket 10mm,Ndertim,,,,,ndertim,active
45201 – Pince zhveshese dhe prerese kabulli automatike 165MM/ 0.5-4.0mm,Ndertim,Zhavorr & Rërë,,,,ndertim,active
"22044/22 – Koke kriketi me 12 faqe, 1/2″, 22 mm",Ndertim,,,,,ndertim,active
2136/16 – Celes fiso-stel i kromuar 16 mm,Ndertim,,,,,ndertim,active
"HMH82300 – ÇEKIÇ GJERMAN ME BISHT FIBRE ,300g",Ndertim,,,,,ndertim,active
"22088/24 – Koke kriketi me 6 faqe, 1/2″, 24 mm",Ndertim,,,,,ndertim,active
HWC0822 – Dalte Druri 22×140 mm,Ndertim,,,,,ndertim,active
HWC0814 – Dalte Druri 14×140 mm,Ndertim,,,,,ndertim,active
3525/21 – Celes fiso-stel 21 mm,Ndertim,,,,,ndertim,active
Mallo plastike 130×270 me doreze te hapur Euro – 0355,Ndertim,,,,,ndertim,active
Skrapello alumini 18X100 mm me doreze 300mm – WGS1630,Ndertim,,,,,ndertim,active
PM5533 – Celefon transparent mbrojtes per mbulim pajisje indoor 550mmx33m,Ndertim,Dyer & Dritare,3M,,,ndertim,active
YT-05443 – Celes hexagon L I gjate 12.0mm,Ndertim,,,,,ndertim,active
YT-3845 – Zgjatues kriketi 3/8” 254mm,Ndertim,,,,,ndertim,active
YT-01906 – Celes Fiso-stel kriket 6mm,Ndertim,,,,,ndertim,active
04542 – Sfungjer hidrofilik 170x110x60MM,Ndertim,,,,,ndertim,active
06150 – Mistri kendesh 80x60x60 INTERNAL,Ndertim,,,,,ndertim,active
ABH60501 – Adaptor ajri 1/2”F – 1/4”F hexagon,Ndertim,,,,,ndertim,active
HDIS12271L – Koke kriketi ajri e gjate dhe thelle 1/2″ 27 / 78mm,Ndertim,,,,,ndertim,active
HDIS12241L – Koke kriketi ajri e gjate dhe thelle 1/2″ 24 / 78mm,Ndertim,,,,,ndertim,active
HDIS12221L – Koke kriketi ajri e gjate dhe thelle 1/2″ 22 / 78mm,Ndertim,,,,,ndertim,active
HDIS12211L – Koke kriketi ajri e gjate dhe thelle 1/2″ 21 / 78mm,Ndertim,,,,,ndertim,active
HDIS12191L – Koke kriketi ajri e gjate dhe thelle 1/2″ 19 / 78mm,Ndertim,,,,,ndertim,active
43053 – Pince fermo per mbyllje e kthyer 160 mm,Ndertim,,,,,ndertim,active
43052 – Pince fermo per mbyllje e drejte 160 mm,Ndertim,,,,,ndertim,active
43051 – Pince fermo per hapje e kthyer 160 mm,Ndertim,,,,,ndertim,active
43050 – Pince fermo per hapje e drejte 160 mm,Ndertim,,,,,ndertim,active
04410080 – Celes i gjate L (Hexagon) 8.0 mm,Ndertim,,,,,ndertim,active
YT-0136 – Celes fiso I care 11x12mm,Ndertim,,,,,ndertim,active
"585 – Indikator metalik 110 mm, 6-24 V",Ndertim,,,,,ndertim,active
7860003 – Lama sharre Bi-Metal 300 mm,Ndertim,,,,,ndertim,active
20808390 – Kaçavide mekanike profesionale TX8 X 60,Ndertim,,,,,ndertim,active
345 – Set kacavida elektronike 3 cope,Ndertim,Aksesorë Ndërtimi,,,,ndertim,active
"22440/E18 – Pipo E e shkurter 1/2 ” , E18",Ndertim,,,,,ndertim,active
21120 – Leve kriketi T 1/4  115 mm,Ndertim,Aksesorë Ndërtimi,,,,ndertim,active
"22088/22 – Koke kriketi me 6 faqe, 1/2″, 22 mm",Ndertim,,,,,ndertim,active
"22044/24 – Koke kriketi me 12 faqe, 1/2″, 24 mm",Ndertim,,,,,ndertim,active
"22044/20 – Koke kriketi me 12 faqe, 1/2″, 20 mm",Ndertim,,,,,ndertim,active
21699/15 – Koke kriketi e gjate 3/8 ” me 6 faqe 15 mm,Ndertim,,,,,ndertim,active
21688/24 – Koke kriketi 3/8 ” me 6 faqe 24 mm,Ndertim,,,,,ndertim,active
1012/16X17 – Celes poligon 16×17 mm,Ndertim,,,,,ndertim,active
3525/20 – Celes fiso-stel 20 mm,Ndertim,,,,,ndertim,active
"HUK615 – Thike e zinguar me lame SK5, 61×19 mm",Ndertim,,,,,ndertim,active
HKNS1808 – Thike alumini me 6 lama SK5 100×18 mm,Ndertim,,,,,ndertim,active
HEB12051 – Zgjatues per koka kriketi 1/2 127 mm,Ndertim,,,,,ndertim,active
HPK82101 – Thike zhveshese kabulli e drejte 200 mm,Ndertim,,,,,ndertim,active
HSFF088 – Lime hekuri e sheshte 200 mm,Ndertim,Hekur Betoni,,,,ndertim,active
HSHF088 – Lime Hekuri gjysem rrethore 200 mm,Ndertim,Hekur Betoni,,,,ndertim,active
HCP08168 – Pince universale 6 160 mm,Ndertim,,,,,ndertim,active
HKTWB3403 – Furce Teli Celiku per pastrim 340mm me doreze plastike,Ndertim,,,,,ndertim,active
"HMH82200 – ÇEKIÇ GJERMAN ME BISHT FIBRE ,200g",Ndertim,,,,,ndertim,active
"22044/19 – Koke kriketi me 12 faqe, 1/2″, 19 mm",Ndertim,,,,,ndertim,active
"22044/18 – Koke kriketi me 12 faqe, 1/2″, 18 mm",Ndertim,,,,,ndertim,active
HPUT18100 – Shpatull patinimi 100 mm,Ndertim,Aksesorë Ndërtimi,,,,ndertim,active
CHPTB0104 – Furce Boje Vaji me bisht druri 4 17.5 x 57 mm,Ndertim,,,,,ndertim,active
"CHPTB8702 – Furce Boje 50 mm 2, trashesia 18 mm",Ndertim,,,,,ndertim,active
"AKISD0608 – Kacavide 6 ne 16.35*65mm,PH1+SL58.00*75mm,PH2+SL62cp maja: 6mm,8mm",Ndertim,,,,,ndertim,active
Celes tubolar 21x23mm karbon – BHT7550,Ndertim,,3M,,,ndertim,active
Berdaf gome I sheshte 280x140mm – WRN1328,Ndertim,,,,,ndertim,active
Çekic Gome i zi me bisht fibre 450gr – WHM7302,Ndertim,,,,,ndertim,active
"Set me 4 kacavida mekanike (SL5.5×75, SL6.5×100, PH1x75, PH2x100) – WSS1204",Ndertim,Aksesorë Ndërtimi,,,,ndertim,active
Zhveshese kabulli 8.5″/215mm – WPL5685,Ndertim,,,,,ndertim,active
"HHFS3058 – Sharre Dore hekuri per metal, plastik, dru 12″/300mm me doreze plastike ABS",Ndertim,Hekur Betoni,,,,ndertim,active
YT-1249 – Zgjatues per koka kriketi 1/2” 76mm crv,Ndertim,,,,,ndertim,active
HKTCB061004 – Set 6 ne 1 skaf dhe,Ndertim,,,,,ndertim,active
HCSPAR121 – Celes Fiso-Stel Kriket 12mm,Ndertim,,,,,ndertim,active
YT-12930 – Koke kriketi 1/2 me 12 faqe 8mm CRV,Ndertim,,,,,ndertim,active
0440 0100 – Celes i shkurter L (Hexagon) 10.0 mm,Ndertim,,,,,ndertim,active
"PA03-R – Kuti plastike e kuqe per aksesore 230 x 125 x 153 mm, 48-cp",Ndertim,,,,,ndertim,active
"9100 – Set me 315 cope kunja te brendshme kopil ø 2-10 mm, 5-50 mm",Ndertim,,,,,ndertim,active
"22440/E16 – Pipo E e shkurter 1/2 ” , E16",Ndertim,,,,,ndertim,active
"22440/E14 – Pipo E e shkurter 1/2 ” , E14",Ndertim,,,,,ndertim,active
"22440/E12 – Pipo E e shkurter 1/2 ” , E12",Ndertim,,,,,ndertim,active
"22440/E11 – Pipo E e shkurter 1/2 ” , E11",Ndertim,,,,,ndertim,active
"22440/E10 – Pipo E e shkurter 1/2 ” , E10",Ndertim,,,,,ndertim,active
"22088/21 – Koke kriketi me 6 faqe, 1/2″, 21 mm",Ndertim,,,,,ndertim,active
"22088/20 – Koke kriketi me 6 faqe, 1/2″, 20 mm",Ndertim,,,,,ndertim,active
"22044/17 – Koke kriketi me 12 faqe, 1/2″, 17 mm",Ndertim,,,,,ndertim,active
"22044/16 – Koke kriketi me 12 faqe, 1/2″, 16 mm",Ndertim,,,,,ndertim,active
21699/14 – Koke kriketi e gjate 3/8 ” me 6 faqe 14 mm,Ndertim,,,,,ndertim,active
21688/22 – Koke kriketi 3/8 ” me 6 faqe 22 mm,Ndertim,,,,,ndertim,active
21688/21 – Koke kriketi 3/8 ” me 6 faqe 21 mm,Ndertim,,,,,ndertim,active
2136/14 – Celes fiso-stel i kromuar 14 mm,Ndertim,,,,,ndertim,active
3525/19 – Celes fiso-stel 19 mm,Ndertim,,,,,ndertim,active
HSCRS812801 – Gershere inoxi 11” / 275 mm,Ndertim,,,,,ndertim,active
HPUT25011 – Shpatull me doreze plastike 250 mm,Ndertim,Aksesorë Ndërtimi,,,,ndertim,active
HES02855 – Gershere elekticisti 145 mm,Ndertim,,,,,ndertim,active
"HRHT052301 – Rrul Boje (akrilik) 230 mm 9, lartesia fijes 7 mm",Ndertim,,,,,ndertim,active
"HRHT042301D – Rrul Boje (MicroFiber) 230 mm 9, lartesia fijes 12 mm",Ndertim,,,,,ndertim,active
HGCT03 – Elmaz xhami,Ndertim,,,,,ndertim,active
HSRF088 – Lime Hekuri rrethore 200 mm,Ndertim,Hekur Betoni,,,,ndertim,active
HSTF088 – Lime Hekuri trekendore 200 mm,Ndertim,Hekur Betoni,,,,ndertim,active
HWC0812 – Dalte Druri 12×140 mm,Ndertim,,,,,ndertim,active
HWC0809 – Dalte Druri 9×140 mm,Ndertim,,,,,ndertim,active
HWC0806 – Dalte Druri 6×140 mm,Ndertim,,,,,ndertim,active
HCC0841016 – Dalte betoni me gomine me maje 250 mm,Ndertim,,,,,ndertim,active
HCCL082210 – Dalte betoni me gomine me maje te sheshte 250 mm,Ndertim,,,,,ndertim,active
HADW131062 – Celes Anglez 150 mm / 6,Ndertim,,,,,ndertim,active
HCSPAR101 – Celes Fiso-Stel Kriket 10,Ndertim,,,,,ndertim,active
HCSPA221 – Celes Fiso-Stel 22 mm,Ndertim,,,,,ndertim,active
CHPTB68704 – Furce Boje me bisht plastik 4 14×57 mm,Ndertim,,,,,ndertim,active
Celes tubolar 20x22mm karbon – BHT7548,Ndertim,,,,,ndertim,active
21699/9 – Koke kriketi e gjate 3/8 ” me 6 faqe 9 mm,Ndertim,,,,,ndertim,active
21699/8 – Koke kriketi e gjate 3/8 ” me 6 faqe 8 mm,Ndertim,,,,,ndertim,active
21699/12 – Koke kriketi e gjate 3/8 ” me 6 faqe 12 mm,Ndertim,,,,,ndertim,active
21699/11 – Koke kriketi e gjate 3/8 ” me 6 faqe 11 mm,Ndertim,,,,,ndertim,active
21699/10 – Koke kriketi e gjate 3/8 ” me 6 faqe 10 mm,Ndertim,,,,,ndertim,active
Celes tubolar 19x22mm karbon – BHT7546,Ndertim,,,,,ndertim,active
HCSPAR081 – Celes Fiso-Stel Kriket 8mm,Ndertim,,,,,ndertim,active
"22044/21 – Koke kriketi me 12 faqe, 1/2″, 21 mm",Ndertim,,,,,ndertim,active
21688/20 – Koke kriketi 3/8 ” me 6 faqe 20 mm,Ndertim,,,,,ndertim,active
21688/19 – Koke kriketi 3/8 ” me 6 faqe 19 mm,Ndertim,,,,,ndertim,active
1012/14X15 – Celes poligon 14×15 mm,Ndertim,,,,,ndertim,active
3525/18 – Celes fiso-stel 18 mm,Ndertim,,,,,ndertim,active
20603 – Adaptor 1/2 F x 3/8 M,Ndertim,,,,,ndertim,active
hput08125 – Shpatull doreze me 2 komponente 125 mm,Ndertim,Aksesorë Ndërtimi,,,,ndertim,active
HHAST12243L – Koke kriketi e gjate me 6 faqe 1/224mm,Ndertim,,,,,ndertim,active
"21105 – Zgjatues 1/4″, 100 mm",Ndertim,,,,,ndertim,active
"22044/15 – Koke kriketi me 12 faqe, 1/2″, 15 mm",Ndertim,,,,,ndertim,active
"22044/14 – Koke kriketi me 12 faqe, 1/2″, 14 mm",Ndertim,,,,,ndertim,active
"22044/13 – Koke kriketi me 12 faqe, 1/2″, 13 mm",Ndertim,,,,,ndertim,active
2136/12 – Celes fiso-stel i kromuar 12 mm,Ndertim,,,,,ndertim,active
HISD816150 – Kacavide Elektrike VDE SL6.5×150,Ndertim,,,,,ndertim,active
Celes tubolar 18x19mm karbon – BHT7544,Ndertim,,,,,ndertim,active
"390 – Komplet me shpatulla 4 cope, 50-80-100-120 mm",Ndertim,Tulla e Kuqe,,,,ndertim,active
Set 7 Ne 1 Skaf + Rrula boje – WCB3H71,Ndertim,,,,,ndertim,active
Prerese Kabulli me doreze plastike 6″/160mm – WCT1606,Ndertim,Zhavorr & Rërë,,,,ndertim,active
HDIS12141L – Koke Kriketi Ajri e Gjate dhe Thelle 1/2″ 14″/ 78mm,Ndertim,,,,,ndertim,active
Brez veglash me 5 xhepa,Ndertim,Aksesorë Ndërtimi,,,,ndertim,active
YT-75123 – Thike tapicerie SK2H 18mm,Ndertim,,,,,ndertim,active
YT-04396 – Pipo hexagon 1/2″ 12MM L100MM,Ndertim,,,,,ndertim,active
HDIS12161L – Koke kriketi ajri e gjate dhe thelle 1/2″ 16 / 78mm,Ndertim,,,,,ndertim,active
HDIS12151L – Koke kriketi ajri e gjate dhe thelle 1/2″ 15 / 78mm,Ndertim,,,,,ndertim,active
HDIS12131L – Koke kriketi ajri e gjate dhe thelle 1/2″ 13 / 78mm,Ndertim,,,,,ndertim,active
HDIS12121L – Koke kriketi ajri e gjate dhe thelle 1/2″ 12 / 78mm,Ndertim,,,,,ndertim,active
HDIS12101L – Koke kriketi ajri e gjate dhe thelle 1/2″ 10 / 78mm,Ndertim,,,,,ndertim,active
54720 – Celes Tub L18MM,Ndertim,,,,,ndertim,active
04410060 – Celes i gjate L (Hexagon) 6.0 mm,Ndertim,,,,,ndertim,active
HRC56091203 – Set me 3 rrula boje mikrofiber,Ndertim,,,,,ndertim,active
79862 – Lima 4.5mm,Ndertim,,,,,ndertim,active
79861 – Lima 4.0mm,Ndertim,,,,,ndertim,active
2.00E-99 – Indikator Euro i madh 190 mm,Ndertim,,,,,ndertim,active
20005490 – Kaçavide profesionale mekanike /SL 5.0 X 125,Ndertim,,,,,ndertim,active
"21103 – Zgjatues 1/4″, 75 mm",Ndertim,,,,,ndertim,active
"22420/E12 – Koke kriketi, 3/8, E12",Ndertim,,,,,ndertim,active
"22088/9 – Koke kriketi me 6 faqe, 1/2″, 9 mm",Ndertim,,,,,ndertim,active
"22088/19 – Koke kriketi me 6 faqe, 1/2″, 19 mm",Ndertim,,,,,ndertim,active
"22088/11 – Koke kriketi me 6 faqe, 1/2″, 11 mm",Ndertim,,,,,ndertim,active
"22044/12 – Koke kriketi me 12 faqe, 1/2″, 12 mm",Ndertim,,,,,ndertim,active
"22044/11 – Koke kriketi me 12 faqe, 1/2″, 11 mm",Ndertim,,,,,ndertim,active
21699/13 – Koke kriketi e gjate 3/8 ” me 6 faqe 13 mm,Ndertim,,,,,ndertim,active
21688/18 – Koke kriketi 3/8 ” me 6 faqe 18 mm,Ndertim,,,,,ndertim,active
1012/12X13 – Celes poligon 12×13 mm,Ndertim,,,,,ndertim,active
3525/17 – Celes fiso-stel 17 mm,Ndertim,,,,,ndertim,active
HTC04600B – Rrul per prerese pllakash 16 x 6 x 3 mm,Ndertim,Zhavorr & Rërë,,,,ndertim,active
HISD81PH3150 – Kacavide elektrike PH3x150,Ndertim,,,,,ndertim,active
56648 – Celes Taf Hexagon 10.0mm,Ndertim,,,,,ndertim,active
HKTWB10306 – Set me 3 furca pastrimi abrazive 7″,Ndertim,,,,,ndertim,active
21299/13 – Koke kriketi e gjate 1/4 ” me 6 faqe 13 mm,Ndertim,,,,,ndertim,active
YT-0342 – Celesa Fiso-stel 13mm,Ndertim,,3M,,,ndertim,active
HCSPAR061 – Celes Fiso-Stel Kriket 6 mm,Ndertim,,,,,ndertim,active
HKNSB2501 – Set me 10 lama thike,Ndertim,,,,,ndertim,active
HCG1809 – Pistolete silikoni metalike e verdhe 9”,Ndertim,,,,,ndertim,active
"14033/45 – Pipo Torx 1/4 ” , T45x37 mm",Ndertim,,,,,ndertim,active
"22088/17 – Koke kriketi me 6 faqe, 1/2″, 17 mm",Ndertim,,,,,ndertim,active
21688/17 – Koke kriketi 3/8 ” me 6 faqe 17 mm,Ndertim,,,,,ndertim,active
3525/16 – Celes fiso-stel 16 mm,Ndertim,,,,,ndertim,active
3525/15 – Celes fiso-stel 15 mm,Ndertim,,,,,ndertim,active
HPUT20011 – Shpatull me doreze plastike 200 mm,Ndertim,Aksesorë Ndërtimi,,,,ndertim,active
hput08100 – Shpatull doreze me 2 komponente 100 mm,Ndertim,Aksesorë Ndërtimi,,,,ndertim,active
CHPTB7860301 – Set me 3 furca boje,Ndertim,,,,,ndertim,active
HRHT282302 – rrul boje,Ndertim,,,,,ndertim,active
HRC0925522 – Qeleshe mikrofiber 255 mm 10 (per mure te jashtme),Ndertim,,,,,ndertim,active
HRHT360501C – Rrul Boje kendesh 50mm 2″,Ndertim,,,,,ndertim,active
HISD81PH2100 – Kacavide Elektrike VDE PH2x100,Ndertim,,,,,ndertim,active
HCSPA191 – Celes Fiso-Stel 19,Ndertim,,,,,ndertim,active
Celes tubolar 17x19mm karbon – BHT7542,Ndertim,,,,,ndertim,active
21299/12 – Koke kriketi e gjate 1/4 ” me 6 faqe 12 mm,Ndertim,,,,,ndertim,active
"22088/16 – Koke kriketi me 6 faqe, 1/2″, 16 mm",Ndertim,,,,,ndertim,active
1012/10X11 – Celes poligon 10×11 mm,Ndertim,,,,,ndertim,active
56647 – Celes Taf Hexagon 8.0mm,Ndertim,,,,,ndertim,active
HBT718 – Mistri me doreze plastike 7″/180mm,Ndertim,,,,,ndertim,active
Kacavide Elektrike VDE PH3x150mm,Ndertim,,,,,ndertim,active
YT-05442 – Celes hexagon L I gjate 10.0mm,Ndertim,,,,,ndertim,active
YT-04326 – Pipo Torx 1/2” T50 gjatesi 100mm,Ndertim,,,,,ndertim,active
YT-04324 – Pipo torx 1/2” T40 100mm,Ndertim,,,,,ndertim,active
YT-1246 – Zgjatues per koka kriketi 1/2″ 76MM,Ndertim,,,,,ndertim,active
HKNS112505 – THIKE TAPICERIE ME SHINE SK40,Ndertim,,,,,ndertim,active
45100 – Pince zhveshese kabulli automatike 165MM,Ndertim,,,,,ndertim,active
56638 – Taf Torx T50,Ndertim,,,,,ndertim,active
WBH3609 – Set me 3 furca pastrimi metali 9″ me doreze plastike,Ndertim,,,,,ndertim,active
YT-1400 – Zgjatues kriketi fleksibel 1/4” 150mm,Ndertim,,,,,ndertim,active
OR27 – Kunja pllakash te bardha 1 mm,Ndertim,,,,,ndertim,active
2.00E-59 – Indikator Euro i vogel 150 mm,Ndertim,,,,,ndertim,active
0440 0080 – Celes i shkurter L (Hexagon) 8.0 mm,Ndertim,,,,,ndertim,active
HS688200 – Kacavide mekanike magnetike me 2 komponente pete 8.0×200 mm,Ndertim,,,,,ndertim,active
"22400/E8 – Pipo E e shkurter 1/4 ” , E8",Ndertim,,,,,ndertim,active
"22400/E7 – Pipo E e shkurter 1/4 ” , E7",Ndertim,,,,,ndertim,active
"22400/E6 – Pipo E e shkurter 1/4 ” , E6",Ndertim,,,,,ndertim,active
"22400/E5 – Pipo E e shkurter 1/4 ” , E5",Ndertim,,,,,ndertim,active
"22400/E4 – Pipo E e shkurter 1/4 ” , E4",Ndertim,,,,,ndertim,active
"22400/E11 – Pipo E e shkurter 1/4 ” , E11",Ndertim,,,,,ndertim,active
"22400/E10 – Pipo E e shkurter 1/4 ” , E10",Ndertim,,,,,ndertim,active
"22088/8 – Koke kriketi me 6 faqe, 1/2″, 8 mm",Ndertim,,,,,ndertim,active
"22088/18 – Koke kriketi me 6 faqe, 1/2″, 18 mm",Ndertim,,,,,ndertim,active
"22088/15 – Koke kriketi me 6 faqe, 1/2″, 15 mm",Ndertim,,,,,ndertim,active
"22088/14 – Koke kriketi me 6 faqe, 1/2″, 14 mm",Ndertim,,,,,ndertim,active
"22088/13 – Koke kriketi me 6 faqe, 1/2″, 13 mm",Ndertim,,,,,ndertim,active
"22088/12 – Koke kriketi me 6 faqe, 1/2″, 12 mm",Ndertim,,,,,ndertim,active
"22088/10 – Koke kriketi me 6 faqe, 1/2″, 10 mm",Ndertim,,,,,ndertim,active
"22044/9 – Koke kriketi me 12 faqe, 1/2″, 9 mm",Ndertim,,,,,ndertim,active
"22044/8 – Koke kriketi me 12 faqe, 1/2″, 8 mm",Ndertim,,,,,ndertim,active
"22044/10 – Koke kriketi me 12 faqe, 1/2″, 10 mm",Ndertim,,,,,ndertim,active
21688/16 – Koke kriketi 3/8 ” me 6 faqe 16 mm,Ndertim,,,,,ndertim,active
2136/9 – Celes fiso-stel i kromuar 9 mm,Ndertim,,,,,ndertim,active
3525/14 – Celes fiso-stel 14 mm,Ndertim,,,,,ndertim,active
hput08080 – Shpatull doreze me 2 komponente 80 mm,Ndertim,Aksesorë Ndërtimi,,,,ndertim,active
HHAST12321 – Koke kriketi 1/2 32 mm,Ndertim,,,,,ndertim,active
CHPTB0103 – Furce Boje Vaji me bisht druri 3 16 x 57 mm,Ndertim,,,,,ndertim,active
HISD81PZ2100 – Kacavide elektrike VDE PZ2100,Ndertim,,,,,ndertim,active
AKISD0201 – Kacavide 2 ne 1 – 6.35X160MM/PH2+SL6,Ndertim,,,,,ndertim,active
HKSD0248 – Set me 2 kacavida SL6.5*6*125 / PH2*6*125,Ndertim,Aksesorë Ndërtimi,,,,ndertim,active
HSPS12211 – Pipo kandelesh 1/2” 21 mm,Ndertim,,,,,ndertim,active
HHAST12193L – Koke kriketi e gjate me 6 faqe 1/219mm,Ndertim,,,,,ndertim,active
HHAST12173L – Koke kriketi e gjate me 6 faqe 1/217mm,Ndertim,,,,,ndertim,active
HHAST12133L – Koke kriketi e gjate me 6 faqe 1/213mm,Ndertim,,3M,,,ndertim,active
HHAST12123L – Koke kriketi e gjate me 6 faqe 1/212mm,Ndertim,,,,,ndertim,active
21299/9 – Koke kriketi e gjate 1/4 ” me 6 faqe 9 mm,Ndertim,,,,,ndertim,active
21299/8 – Koke kriketi e gjate 1/4 ” me 6 faqe 8 mm,Ndertim,,,,,ndertim,active
21299/7 – Koke kriketi e gjate 1/4 ” me 6 faqe 7 mm,Ndertim,,,,,ndertim,active
21299/6 – Koke kriketi e gjate 1/4 ” me 6 faqe 6 mm,Ndertim,,,,,ndertim,active
21299/11 – Koke kriketi e gjate 1/4 ” me 6 faqe 11 mm,Ndertim,,,,,ndertim,active
21299/10 – Koke kriketi e gjate 1/4 ” me 6 faqe 10 mm,Ndertim,,,,,ndertim,active
56637 – Taf Torx T45,Ndertim,,,,,ndertim,active
HHAST12301 – Koke kriketi 1/2 30 mm,Ndertim,,,,,ndertim,active
"CHPTB8715 – Furce Boje 38 mm 1.5, trashesia 18 mm",Ndertim,,,,,ndertim,active
HHAST12103L – Koke kriketi e gjate me 6 faqe 1/210mm,Ndertim,,,,,ndertim,active
1012/8X9 – Celes poligon 8×9 mm,Ndertim,,,,,ndertim,active
56636 – Taf Torx T40,Ndertim,,,,,ndertim,active
21688/15 – Koke kriketi 3/8 ” me 6 faqe 15 mm,Ndertim,,,,,ndertim,active
21688/14 – Koke kriketi 3/8 ” me 6 faqe 14 mm,Ndertim,,,,,ndertim,active
2136/8 – Celes fiso-stel i kromuar 8 mm,Ndertim,,,,,ndertim,active
hput08060 – Shpatull doreze me 2 komponente 60 mm,Ndertim,Aksesorë Ndërtimi,,,,ndertim,active
HGCT02 – Elmaz xhami 130 mm,Ndertim,,,,,ndertim,active
HHAST12271 – Koke kriketi 1/2 27 mm,Ndertim,,,,,ndertim,active
HISD815125 – Kacavide Elektrike VDE SL5.5125,Ndertim,,,,,ndertim,active
HCSPA171 – Celes Fiso-Stel 17,Ndertim,,,,,ndertim,active
HHAST12083L – Koke kriketi e gjate me 8 faqe 1/210mm,Ndertim,,,,,ndertim,active
Celes tubolar 16x17mm karbon – BHT7540,Ndertim,,,,,ndertim,active
HSDT2201 – Indikator me ekran LCD,Ndertim,,,,,ndertim,active
Celes tubolar 14x17mm karbon – BHT7538,Ndertim,,,,,ndertim,active
YT-05441 – Celes hexagon L I gjate 9.0mm,Ndertim,,,,,ndertim,active
YT-04318 – Pipo torx 1/2” T60 55mm,Ndertim,,,,,ndertim,active
56646 – Celes Taf Hexagon 7.0mm,Ndertim,,,,,ndertim,active
56635 – Taf Torx T30,Ndertim,,,,,ndertim,active
"PA03-Z – Kuti plastike e zeze per aksesore 230 x 125 x 153 mm, 48-cp",Ndertim,,,,,ndertim,active
"14033/9 – Pipo Torx 1/4 ” , T9x37 mm",Ndertim,,,,,ndertim,active
"14033/8 – Pipo Torx 1/4 ” , T8x37 mm",Ndertim,,,,,ndertim,active
"14033/7 – Pipo Torx 1/4 ” , T7x37 mm",Ndertim,,,,,ndertim,active
"14033/40 – Pipo Torx 1/4 ” , T40x37 mm",Ndertim,,,,,ndertim,active
"14033/30 – Pipo Torx 1/4 ” , T30x37 mm",Ndertim,,,,,ndertim,active
"14033/27 – Pipo Torx 1/4 ” , T27x37 mm",Ndertim,,,,,ndertim,active
"14033/25 – Pipo Torx 1/4 ” , T25x37 mm",Ndertim,,,,,ndertim,active
"14033/20 – Pipo Torx 1/4 ” , T20x37 mm",Ndertim,,,,,ndertim,active
"14033/15 – Pipo Torx 1/4 ” , T15x37 mm",Ndertim,,,,,ndertim,active
"14033/10 – Pipo Torx 1/4 ” , T10x37 mm",Ndertim,,,,,ndertim,active
"390A – Komplet me shpatulla plastike 4 cope, 50-75-100-120 mm",Ndertim,Tulla e Kuqe,,,,ndertim,active
21688/13 – Koke kriketi 3/8 ” me 6 faqe 13 mm,Ndertim,,,,,ndertim,active
2136/7 – Celes fiso-stel i kromuar 7 mm,Ndertim,,,,,ndertim,active
3525/13 – Celes fiso-stel 13 mm,Ndertim,,,,,ndertim,active
HPUT08040 – Shpatull doreze me 2 komponente 40 mm,Ndertim,Aksesorë Ndërtimi,,,,ndertim,active
HPLB2501 – Thike per zdrukth gipsi,Ndertim,,,,,ndertim,active
HISD81PZ180 – Kacavide elektrike VDE PZ180,Ndertim,,,,,ndertim,active
"HSDPZ2150 – Kacavide Mekanike PZ2x150mm, doreze me 3 komponente",Ndertim,,,,,ndertim,active
04410050 – Celes i gjate L (Hexagon) 5.0 mm,Ndertim,,,,,ndertim,active
"14022/8 – Pipo Hegzagon 1/4 ” , 8×37 mm",Ndertim,,,,,ndertim,active
"14022/7 – Pipo Hegzagon 1/4 ” , 7×37 mm",Ndertim,,,,,ndertim,active
"14022/6 – Pipo Hegzagon 1/4 ” , 6×37 mm",Ndertim,,,,,ndertim,active
"14022/5 – Pipo Hegzagon 1/4 ” , 5×37 mm",Ndertim,,,,,ndertim,active
"14022/4 – Pipo Hegzagon 1/4 ” , 4×37 mm",Ndertim,,,,,ndertim,active
"14022/3 – Pipo Hegzagon 1/4 ” , 3×37 mm",Ndertim,,,,,ndertim,active
"HSDPH2150 – Kacavide Mekanike PH2x150mm, doreze me 3 komponente",Ndertim,,,,,ndertim,active
HKTWB2705 – Furce Teli Celiku  per pastrim  270mm me doreze plastike,Ndertim,,,,,ndertim,active
OR22 – Kryqe pllakash me vrima te bardhe 3 mm,Ndertim,,,,,ndertim,active
OR49 – Kryqe pllakash me vrima te bardhe 2 mm,Ndertim,,,,,ndertim,active
2136/6 – Celes fiso-stel i kromuar 6 mm,Ndertim,,,,,ndertim,active
HHAST12241 – Koke kriketi 1/2 24 mm,Ndertim,,,,,ndertim,active
56645 – Celes Taf Hexagon 6.0mm,Ndertim,,,,,ndertim,active
21688/12 – Koke kriketi 3/8 ” me 6 faqe 12 mm,Ndertim,,,,,ndertim,active
21688/11 – Koke kriketi 3/8 ” me 6 faqe 11 mm,Ndertim,,,,,ndertim,active
21288/14 – Koke kriketi 1/4 ” me 6 faqe 14 mm,Ndertim,,,,,ndertim,active
21288/13 – Koke kriketi 1/4 ” me 6 faqe 13 mm,Ndertim,,,,,ndertim,active
20624 – Adaptor per maja 1/4”,Ndertim,,,,,ndertim,active
21260 – Adaptor magnetik per maja 1/4″ 60 mm,Ndertim,,,,,ndertim,active
"Set me 2 kacavida mekanike (SL6.5x100mm, PH2x100mm) – WSS1302",Ndertim,Aksesorë Ndërtimi,,,,ndertim,active
"HSDPH2125 – Kacavide Mekanike PH2x125mm, doreze me 3 komponente",Ndertim,,,,,ndertim,active
YT-04313 – Pipo torx 1/2″ T30 L55MM,Ndertim,,,,,ndertim,active
"HSDSL6150 – KACAVIDE MEKANIKE MAGNETIKE ME MAJE PETE, 6.5×150 mm",Ndertim,,,,,ndertim,active
56634 – Celes Taf  Torx T27,Ndertim,,,,,ndertim,active
56633 – Celes Taf  Torx T25,Ndertim,,,,,ndertim,active
56632 – Celes Taf  Torx T20,Ndertim,,,,,ndertim,active
YT-75071 – Thike tapicerie me gomine 18mm SK2,Ndertim,,,,,ndertim,active
6620-24 – Lame per sharre metali 300 x 1.0 mm e bardhe,Ndertim,,,,,ndertim,active
0440 0070 – Celes i shkurter L (Hexagon) 7.0 mm,Ndertim,,,,,ndertim,active
HPT231025 – Mallo me doreze plastike,Ndertim,,,,,ndertim,active
HPT23108 – Mallo me doreze plastike,Ndertim,,,,,ndertim,active
HS688150 – Kacavide mekanike me 2 komponente pete 8.0x150mm,Ndertim,,,,,ndertim,active
HCSPA151 – Celes Fiso-Stel 15,Ndertim,,,,,ndertim,active
"HRHT061001D – Rrul Boje Mini (MicroFiber) 100 mm 4, lartesia fijes 12 mm",Ndertim,,,,,ndertim,active
"CHPTB8701 – Furce Boje 25 mm 1, trashesia 16 mm",Ndertim,,,,,ndertim,active
HISD81PH180 – Kacavide Elektrike VDE PH1x80,Ndertim,,,,,ndertim,active
HISD814100 – Kacavide Elektrike VDE SL4x100,Ndertim,,,,,ndertim,active
56631 – Taf Torx T15,Ndertim,,,,,ndertim,active
21688/9 – Koke kriketi 3/8 ” me 6 faqe 9 mm,Ndertim,,,,,ndertim,active
21688/8 – Koke kriketi 3/8 ” me 6 faqe 8 mm,Ndertim,,,,,ndertim,active
21688/7 – Koke kriketi 3/8 ” me 6 faqe 7 mm,Ndertim,,,,,ndertim,active
21688/6 – Koke kriketi 3/8 ” me 6 faqe 6 mm,Ndertim,,,,,ndertim,active
21688/10 – Koke kriketi 3/8 ” me 6 faqe 10 mm,Ndertim,,,,,ndertim,active
"HSDX20150 – Kacavide Mekanike Torx T20x150mm, doreze me 2 komponente (paketim me varje)",Ndertim,,,,,ndertim,active
3525/12 – Celes fiso-stel 12 mm,Ndertim,,,,,ndertim,active
HRC3323018 – Qeleshe mikrofiber 230 mm 9 (per mure te jashtme),Ndertim,,,,,ndertim,active
MHSB1521 – Set me 10 mini lama 152mm(6)24T,Ndertim,,,,,ndertim,active
HHAST12191 – Koke kriketi 1/2 19 mm,Ndertim,,,,,ndertim,active
"AKISD0202 – Kacavide 2 Ne 1 6.35X75MM,PH2+SL6",Ndertim,,,,,ndertim,active
HCSPA141 – Celes Fiso-Stel 14,Ndertim,,,,,ndertim,active
HCSPA131 – Celes Fiso-Stel 13,Ndertim,,,,,ndertim,active
HHAST12171 – Koke kriketi 1/2 17 mm,Ndertim,,,,,ndertim,active
Celes tubolar 14x15mm karbon – BHT7536,Ndertim,,,,,ndertim,active
56630 – Taf Torx T10,Ndertim,,,,,ndertim,active
21288/9 – Koke kriketi 1/4 ” me 6 faqe 9 mm,Ndertim,,,,,ndertim,active
21288/12 – Koke kriketi 1/4 ” me 6 faqe 12 mm,Ndertim,,,,,ndertim,active
21288/11 – Koke kriketi 1/4 ” me 6 faqe 11 mm,Ndertim,,,,,ndertim,active
21288/10 – Koke kriketi 1/4 ” me 6 faqe 10 mm,Ndertim,,,,,ndertim,active
21288/8 – Koke kriketi 1/4 ” me 6 faqe 8 mm,Ndertim,,,,,ndertim,active
21288/7 – Koke kriketi 1/4 ” me 6 faqe 7 mm,Ndertim,,,,,ndertim,active
21288/6 – Koke kriketi 1/4 ” me 6 faqe 6 mm,Ndertim,,,,,ndertim,active
3525/11 – Celes fiso-stel 11 mm,Ndertim,,,,,ndertim,active
HRC0523007 – Qeleshe mikrofiber 230 mm 9″ (per mure te brendshme),Ndertim,,,,,ndertim,active
HPLB301 – Tehe rezerve per zdrukth dore HPL01300,Ndertim,,,,,ndertim,active
YT-0337 – Celesa Fiso-stel 8mm,Ndertim,,,,,ndertim,active
"HSDPH2038 – KAÇAVIDE PH2 ME DOREZE ME 2 KOMPONENTE, 38mm",Ndertim,,,,,ndertim,active
3525/9 – Celes fiso-stel 9 mm,Ndertim,,,,,ndertim,active
HISD81PH060 – Kacavide Elektrike VDE PH060,Ndertim,,,,,ndertim,active
HHAST12131 – Koke kriketi 1/2 13 mm,Ndertim,,,,,ndertim,active
CHPTB0125 – Furce Boje Vaji me bisht druri 2.5 15.5×51 mm,Ndertim,,,,,ndertim,active
HCSPA121 – Celes Fiso-Stel 12,Ndertim,,,,,ndertim,active
HHAST12141 – Koke kriketi me 6 faqe 1/2” 14mm,Ndertim,,,,,ndertim,active
Celes tubolar 10x11mm karbon – BHT7532,Ndertim,,,,,ndertim,active
"HSDX10100 – Kacavide Mekanike Torx T10x100mm, doreze me 2 komponente (paketim me varje)",Ndertim,,,,,ndertim,active
YT-7505 – Thike tapicerie 18mm SK2,Ndertim,,,,,ndertim,active
YT-05440 – Celes hexagon L I gjate 8.0mm,Ndertim,,,,,ndertim,active
YT-3843 – Zgjatues Kriketi 3/8″ 76MM,Ndertim,,,,,ndertim,active
YT-1432 – Zgjatues kriketi 1/4” 152mm,Ndertim,,,,,ndertim,active
"HSDSL5100 – KACAVIDE MEKANIKE MAGNETIKE ME MAJE PETE, 5.5×100 mm",Ndertim,,,,,ndertim,active
54660 – Celes Tub L12MM,Ndertim,,,,,ndertim,active
04410040 – Celes i gjate L (Hexagon) 4.0 mm,Ndertim,,,,,ndertim,active
YT-05522 – Celes L Torx I gjate T50,Ndertim,,,,,ndertim,active
YT-05521 – Celes L Torx I gjate T45,Ndertim,,,,,ndertim,active
"PA02-R – Kuti plastike e kuqe per aksesore 160 x 82 x 100 mm, 48-cp",Ndertim,,,,,ndertim,active
HKNS28035 – Thike tapicerie super select me 3 lama,Ndertim,,,,,ndertim,active
CHPTB78603 – Furce Boje Vaji 3 12×51 mm,Ndertim,,,,,ndertim,active
HCSPA101 – Celes Fiso-Stel 10,Ndertim,,,,,ndertim,active
HWB02250 – Furce teli me doreze plastike 250mm,Ndertim,,,,,ndertim,active
3525/8 – Celes fiso-stel 8 mm,Ndertim,,,,,ndertim,active
0440 0060 – Celes i shkurter L (Hexagon) 6.0 mm,Ndertim,,,,,ndertim,active
HSDT1908 – Indikator Elektrik 4×190 mm,Ndertim,,,,,ndertim,active
CHPTB0102 – Furce Boje Vaji me bisht druri 2 14.5 x 51 mm,Ndertim,,,,,ndertim,active
HKNS16618 – Thike Tapicerie me buton me 1 lame SK5 100x18mm,Ndertim,,,,,ndertim,active
Celes tubolar 8x10mm karbon – BHT7530,Ndertim,,,,,ndertim,active
YT-05519 – Celes L Torx I gjate T30,Ndertim,,,,,ndertim,active
YT-05520 – Celes L Torx I gjate T40,Ndertim,,,,,ndertim,active
HKNS11815 – Thike tapicerie 18x100mm me shine,Ndertim,,,,,ndertim,active
HHAST12101 – Koke kriketi 1/2 10 mm,Ndertim,,,,,ndertim,active
HKNS16518 – Thike Tapicerie ABS e verdhe 18 mm,Ndertim,,,,,ndertim,active
HCSPA081 – Celes Fiso-Stel 8,Ndertim,,,,,ndertim,active
HHAST12121 – Koke kriketi me 6 faqe 1/2” 12mm,Ndertim,,,,,ndertim,active
Celes tubolar 8x9mm karbon – BHT7528,Ndertim,,,,,ndertim,active
56642 – Celes Taf Hexagon 3.0mm,Ndertim,,,,,ndertim,active
56640 – Celes Taf Hexagon  2.0mm,Ndertim,,,,,ndertim,active
54630 – Celes tubolar L 9mm,Ndertim,,,,,ndertim,active
56641 – Celes Taf Hexagon 2.5mm,Ndertim,,,,,ndertim,active
3525/7 – Celes fiso-stel 7 mm,Ndertim,,,,,ndertim,active
3525/6 – Celes fiso-stel 6 mm,Ndertim,,,,,ndertim,active
Celes tubolar 6x7mm karbon – BHT7526,Ndertim,,,,,ndertim,active
YT-1431 – Zgjatues Kok Kriketi 1/4″102MM,Ndertim,,,,,ndertim,active
04410030 – Celes i gjate L (Hexagon) 3.0 mm,Ndertim,,,,,ndertim,active
06965 – Furce telime fije bronzi,Ndertim,,,,,ndertim,active
YT-1421 – Koke kriketi 1/4” 10mm me 6 faqe e thelle,Ndertim,,,,,ndertim,active
YT-14127 – Koke kriketi 1/4” 10mm me 6 faqe,Ndertim,,,,,ndertim,active
7870003 – Lama sharre dore 150 mm,Ndertim,,,,,ndertim,active
"PA02-Z – Kuti plastike e zeze per aksesore 160 x 82 x 100 mm, 48 -cp",Ndertim,,,,,ndertim,active
HRHT281002 – Rrul boje mini,Ndertim,,,,,ndertim,active
Kacavide Mekanike T20x150 mm – WSDT226,Ndertim,,,,,ndertim,active
Kacavide mekanike PH2x125 mm – WSD2225,Ndertim,,,,,ndertim,active
HKNS11805 – THIKE TAPICERIE ME SHINE,Ndertim,,,,,ndertim,active
WBH1101 – Furce teli me doreze plastike,Ndertim,,,,,ndertim,active
HRSUK19 – Thike tapicerie 61x19mm me shine Super,Ndertim,,,,,ndertim,active
0440 0050 – Celes i shkurter L (Hexagon) 5.0 mm,Ndertim,,,,,ndertim,active
HSDT1408 – Indikator Elektrik 3×140 mm,Ndertim,,,,,ndertim,active
HHAST12091 – Koke kriketi 1/2 9mm,Ndertim,,,,,ndertim,active
HCSPA061 – Celes Fiso-Stel 6 mm,Ndertim,,,,,ndertim,active
HHAST12081 – Koke kriketi 1/28 mm,Ndertim,,,,,ndertim,active
YT-3853 – ADAPTOR 3/8″(F)x1/4″(M),Ndertim,,,,,ndertim,active
54600 – Celes Tub L 6MM,Ndertim,,,,,ndertim,active
YT-05518 – Celes L Torx I gjate T27,Ndertim,,,,,ndertim,active
Kacavide 2Ne1 PH2+SL6.5x68mm – WSS45M1,Ndertim,,,,,ndertim,active
YT-05438 – Celes hexagon L I gjate 6.0mm,Ndertim,,,,,ndertim,active
HRC3323012 – Rrul boje mikrofiber 230mm 9” Superselect,Ndertim,,,,,ndertim,active
CHPTB0115 – Furce Boje Vaji me bisht druri 1.5 13.5 x 44 mm,Ndertim,,,,,ndertim,active
"CHPTB78625 – Furce Boje vaji 2.5, 10×42",Ndertim,,,,,ndertim,active
HRC3305008 – Qeleshe mikrofibel per rrul 50mm 2″,Ndertim,,,,,ndertim,active
Magnetizues dhe Demagnetizues per kacavida 50*50*28mm – WKM1601,Ndertim,Aksesorë Ndërtimi,,,,ndertim,active
Kacavide mekanike PH1x100 mm – WSD2214,Ndertim,,,,,ndertim,active
YT-05516 – Celes L Torx I gjate T20,Ndertim,,,,,ndertim,active
YT-1429 – Zgjatues Kok Kriketi 1/4″51MM,Ndertim,,,,,ndertim,active
04410020 – Celes i gjate L (Hexagon) 2.0 mm,Ndertim,,,,,ndertim,active
0440 0040 – Celes i shkurter L (Hexagon) 4.0 mm,Ndertim,,,,,ndertim,active
YT-04307 – Pipo torx 1/4” T40 37mm,Ndertim,,,,,ndertim,active
YT-04305 – Pipo torx 1/4” T25 37mm,Ndertim,,,,,ndertim,active
YT-04304 – Pipo torx 1/4” T20 37mm,Ndertim,,,,,ndertim,active
YT-04306 – Pipo torx T30 1/4” 37mm,Ndertim,,,,,ndertim,active
0440 0030 – Celes i shkurter L (Hexagon) 3.0 mm,Ndertim,,,,,ndertim,active
HKNSB112 – Set me 10 lama thike 18x100mm Super Select,Ndertim,,,,,ndertim,active
CHPTB0101 – Furce Boje Vaji me bisht druri 1 12.5 x 44 mm,Ndertim,,,,,ndertim,active
CHPTB78602 – Furce Boje Vaji 2 11×45 mm,Ndertim,,,,,ndertim,active
YT-05437 – Celes hexagon L I gjate 5.5mm,Ndertim,,,,,ndertim,active
YT-05513 – Celex torx L I gjate T9,Ndertim,,,,,ndertim,active
HKNSB0901 – Set me 10 lama thike,Ndertim,,,,,ndertim,active
0440 0025 – Celes i shkurter L (Hexagon) 2.5 mm,Ndertim,,,,,ndertim,active
Set me 10 lama thike 9x80mm,Ndertim,,,,,ndertim,active
YT-05436 – Celes hexagon L I gjate 5.0mm,Ndertim,,,,,ndertim,active
YT-05492 – Celes Torx L I gjate T8,Ndertim,,,,,ndertim,active
YT-05491 – Celes Torx L I gjate T7,Ndertim,,,,,ndertim,active
YT-05490 – Celes Torx L I gjate T6,Ndertim,,,,,ndertim,active
0440 0020 – Celes i shkurter L (Hexagon) 2.0 mm,Ndertim,,,,,ndertim,active
"CHPTB78615 – Furce Boje vaji 1.5, 10×41",Ndertim,,,,,ndertim,active
HKNS1806 – Thike Tapicerie inoxi per lama 9×18 mm,Ndertim,,,,,ndertim,active
YT-05435 – Celes hexagon L I gjate 4.5mm,Ndertim,,,,,ndertim,active
YT-05433 – Celes hexagon L I gjate 3.0mm,Ndertim,,,,,ndertim,active
YT-05432 – Celes hexagon L I gjate 2.5mm,Ndertim,,,,,ndertim,active
"CHPTB78601 – Furce Boje vaji 1, 10×40",Ndertim,,,,,ndertim,active
YT-05431 – Celes hexagon L I gjate 2.0mm,Ndertim,,,,,ndertim,active
YT-05430 – Celes hexagon L I gjate 1.5mm,Ndertim,,,,,ndertim,active
"9000 – Set me rondele bakri 150 cope, 15 madhesi",Ndertim,,,,,ndertim,active
"9160 – Set me rondele alumini 450 cope, 18 madhesi",Ndertim,,,,,ndertim,active
TRK-550-76B – Fasheta plastike te zeza 550 x7.5,Ndertim,,,,,ndertim,active
TRK-550-76W – Fasheta Plastike te bardha 550 x7.5,Ndertim,,,,,ndertim,active
PB975-30X1000 – Prizhioner i zinguar 30×1000,Ndertim,,,,,ndertim,active
TRK-450-76B – Fasheta plastike te zeza 450 x7.5,Ndertim,,,,,ndertim,active
TRK-450-76W – Fasheta Plastike te bardha 450 x7.5,Ndertim,,,,,ndertim,active
PB975-27X1000 – Prizhioner i zinguar 27×1000,Ndertim,,,,,ndertim,active
TRK-370-76B – Fasheta plastike te zeza 370 x7.5,Ndertim,,,,,ndertim,active
TRK-370-76W – Fasheta Plastike te bardha 370 x7.5,Ndertim,,,,,ndertim,active
HCT8001 – Fasheta plastike te bardha 9.0×800 mm (paketimi 100 cope),Ndertim,,,,,ndertim,active
TRK-300-76B – Fasheta plastike te zeza 300 x7.5,Ndertim,,,,,ndertim,active
TRK-300-76W – Fasheta Plastike te bardha 300 x7.5,Ndertim,,,,,ndertim,active
TRK-430-48B – Fasheta plastike te zeza 430 x4.5,Ndertim,,,,,ndertim,active
TRK-430-48W – Fasheta Plastike te bardha 430 x4.5,Ndertim,,,,,ndertim,active
AH030W1-200213-01 – Fasheta Metalike Heavy Duty 200-213 mm,Ndertim,,,,,ndertim,active
AH030W1-187200-01 – Fasheta Metalike Heavy Duty 187-200 mm,Ndertim,,,,,ndertim,active
AH030W1-174187-01 – Fasheta Metalike Heavy Duty 174-187 mm,Ndertim,,,,,ndertim,active
AH030W1-162174-01 – Fasheta Metalike Heavy Duty 162-174 mm,Ndertim,,,,,ndertim,active
AH030W1-150162-01 – Fasheta Metalike Heavy Duty 150-162 mm,Ndertim,,,,,ndertim,active
AH030W1-140150-01 – Fasheta Metalike Heavy Duty 140-150 mm,Ndertim,,,,,ndertim,active
AH030W1-130140-01 – Fasheta Metalike Heavy Duty 130-140 mm,Ndertim,,,,,ndertim,active
PB975-18X1000 – Prizhioner i zinguar 18×1000,Ndertim,,,,,ndertim,active
WRZ1310 – Litar 10x15m,Ndertim,,,,,ndertim,active
TRK-300-48B – Fasheta plastike te zeza 300 x4.5,Ndertim,,,,,ndertim,active
TRK-300-48W – Fasheta Plastike te bardha 300 x4.5,Ndertim,,,,,ndertim,active
786 – Komplet me 400 rondele rrethore bronzi 4.4 mm,Ndertim,,,,,ndertim,active
82320 – Litar elastik per bagazhe dysh. 200CM,Ndertim,,,,,ndertim,active
TRK-370-36B – Fasheta plastike te zeza 370 x3.5,Ndertim,,,,,ndertim,active
TRK-370-36W – Fasheta Plastike te bardha 370 x3.5,Ndertim,,,,,ndertim,active
AH025W1-121130-01 – Fasheta Metalike Heavy Duty 121-130 mm,Ndertim,,,,,ndertim,active
AH025W1-104112-01 – Fasheta Metalike Heavy Duty 104-112 mm,Ndertim,,,,,ndertim,active
TRK-250-48B – Fasheta plastike te zeza 250 x4.5,Ndertim,,,,,ndertim,active
TRK-250-48W – Fasheta Plastike te bardha 250 x4.5,Ndertim,,,,,ndertim,active
WRZ1308 – Litar 8x15m,Ndertim,,,,,ndertim,active
AH025W1-091097-01 – Fasheta Metalike Heavy Duty 91-97 mm,Ndertim,,,,,ndertim,active
"9005 – Set me rondele bakri 390 cope, 30 madhesi",Ndertim,,,,,ndertim,active
82315 – Litar elastik per bagazhe dysh. 150CM,Ndertim,,,,,ndertim,active
AH025W1-073079-01 – Fasheta Metalike Heavy Duty 73-79 mm,Ndertim,,,,,ndertim,active
TRK-200-48B – Fasheta plastike te zeza 200 x4.5,Ndertim,,,,,ndertim,active
TRK-200-48W – Fasheta Plastike te bardha 200 x4.5,Ndertim,,,,,ndertim,active
KPW-04 – Kendore metalike e perforcuar 105×105 m (25 cp),Ndertim,,,,,ndertim,active
WRZ1306 – Litar 6x20m,Ndertim,,,,,ndertim,active
TRK-250-36B – Fasheta plastike te zeza 250 x3.5,Ndertim,,,,,ndertim,active
TRK-200-36B – Fasheta plastike te zeza 200 x3.5,Ndertim,,,,,ndertim,active
TRK-250-36W – Fasheta Plastike te bardha 250 x3.5,Ndertim,,,,,ndertim,active
TRK-200-36W – Fasheta Plastike te bardha 200 x3.5,Ndertim,,,,,ndertim,active
KL-03 – Kendore metalike e zinguar 90×90 mm,Ndertim,,,,,ndertim,active
OR04 – Upe plastike Standart 10 mm,Ndertim,,,,,ndertim,active
OR03 – Upe plastike Standart 8 mm,Ndertim,,,,,ndertim,active
KPW-09 – Kendore metalike e perforcuar 90×50 m (25 cp),Ndertim,,,,,ndertim,active
BBA933-24×120 – Bullon i zinguar DIN 933 8.8 24×120,Ndertim,Aksesorë Ndërtimi,,,,ndertim,active
BBA933-27X100 – Bullona te zinguar 8.8 / 27×100 mm,Ndertim,Aksesorë Ndërtimi,,,,ndertim,active
AH020W1-051055-01 – Fasheta Metalike Heavy Duty 51-55 mm,Ndertim,,,,,ndertim,active
KPW-03 – Kendore metalike e perforcuar 90×90 m (50 cp),Ndertim,,,,,ndertim,active
KPW-10 – Kendore metalike e perforcuar 65×65 m (50 cp),Ndertim,,,,,ndertim,active
HWSPK5012 – Set me 6 ganxha+upe te mbyllura 8×40 mm,Ndertim,,,,,ndertim,active
HWSPK5022 – Set me 6 ganxha+upe te hapura 8×40 mm,Ndertim,,,,,ndertim,active
BBA933-24×100 – Bullon i zinguar DIN 933 8.8 24×100,Ndertim,Aksesorë Ndërtimi,,,,ndertim,active
WDBLS-10140 – Vide betoni Hexagon 10 x 140,Ndertim,,,,,ndertim,active
TRK-200-25B – Fasheta plastike te zeza 200 x2.5,Ndertim,,,,,ndertim,active
TRK-200-25W – Fasheta Plastike te bardha 200 x2.5,Ndertim,,,,,ndertim,active
AH020W1-043047-01 – Fasheta Metalike Heavy Duty 43-47 mm,Ndertim,,,,,ndertim,active
WP-06BI – Kendore metalike per tabake e bardhe 200×250 mm (20 cp),Ndertim,,,,,ndertim,active
HR010W1-250270-101 – Fasheta metalike 8.5mm.250-270,Ndertim,,,,,ndertim,active
AH020W1-037040-01 – Fasheta Metalike Heavy Duty 37-40 mm,Ndertim,,,,,ndertim,active
KPW-05 – Kendore metalike e perforcuar 90×60 m (50 cp),Ndertim,,,,,ndertim,active
BBA933-24×90 – Bullon i zinguar DIN 933 8.8 24×90,Ndertim,Aksesorë Ndërtimi,,,,ndertim,active
HR010W1-230250-101 – Fasheta metalike 8.5mm.230-250,Ndertim,,,,,ndertim,active
WDBLS-10120 – Vide betoni Hexagon 10 x 120,Ndertim,,,,,ndertim,active
BBA933-24×80 – Bullon i zinguar DIN 933 8.8 24×80,Ndertim,Aksesorë Ndërtimi,,,,ndertim,active
UM-14X45 – Upa metrike bronxi M14x45x18,Ndertim,,,,,ndertim,active
TRK-150-25B – Fasheta plastike te zeza 150x 2.5,Ndertim,,,,,ndertim,active
Fasheta Plastike te bardha 150x 2.5 ( 100 cope),Ndertim,,,,,ndertim,active
BBA933-24X70 – Bullon i zinguar DIN 933 8.8 24×70,Ndertim,Aksesorë Ndërtimi,,,,ndertim,active
WP-05BI – Kendore metalike per tabake e bardhe 175×225 mm (20 cp),Ndertim,,,,,ndertim,active
KPW-02 – Kendore metalike e perforcuar 90×50 m (50 cp),Ndertim,,,,,ndertim,active
BBA933-22X80 – Bullon i zinguar DIN 933 8.8 22×80,Ndertim,Aksesorë Ndërtimi,,,,ndertim,active
WDBLS-10110 – Vide betoni Hexagon 10 x 110,Ndertim,,,,,ndertim,active
KL-05 – Kendore metalike e zinguar 150×50 mm,Ndertim,,,,,ndertim,active
BBA933-24X60 – Bullon i zinguar DIN 933 8.8 24×60,Ndertim,Aksesorë Ndërtimi,,,,ndertim,active
BBA933-20X100 – Bullon i zinguar DIN 933 8.8 20×100,Ndertim,Aksesorë Ndërtimi,,,,ndertim,active
WDBLS-10090 – Vide betoni Hexagon 10 x 90,Ndertim,,,,,ndertim,active
BBA933-18X100 – Bullon i zinguar DIN 933 8.8 18×100,Ndertim,Aksesorë Ndërtimi,,,,ndertim,active
BBA933-24×50 – Bullon i zinguar DIN 933 8.8 24×50,Ndertim,Aksesorë Ndërtimi,,,,ndertim,active
BBA933-20×90 – Bullon i zinguar DIN 933 8.8 20×90,Ndertim,Aksesorë Ndërtimi,,,,ndertim,active
UM-12X40 – Upa metrike bronxi M12x40x15,Ndertim,,,,,ndertim,active
KL-02 – Kendore metalike e zinguar 70×70 mm,Ndertim,,,,,ndertim,active
BBA933-20×80 – Bullon i zinguar DIN 933 8.8 20×80,Ndertim,Aksesorë Ndërtimi,,,,ndertim,active
BBA933-16×160 – Bullon i zinguar DIN 933 8.8 16×160,Ndertim,Aksesorë Ndërtimi,,,,ndertim,active
BBA933-22X70 – Bullon i zinguar DIN 933 8.8 22×70,Ndertim,Aksesorë Ndërtimi,,,,ndertim,active
UC-12X90 – Upa metalike Unaze 12X90mm,Ndertim,,,,,ndertim,active
KPW-07 – Kendore metalike e perforcuar 90×50 m (50 cp),Ndertim,,,,,ndertim,active
RB9021-30 – Rondele e zinguar e gjere DIN 9021 M30,Ndertim,,,,,ndertim,active
HR010W1-180200-101 – Fasheta metalike 8.5mm.180-200,Ndertim,,,,,ndertim,active
BBA933-22X60 – Bullon i zinguar DIN 933 8.8 22×60,Ndertim,Aksesorë Ndërtimi,,,,ndertim,active
BBA933-20×70 – Bullon i zinguar DIN 933 8.8 20×70,Ndertim,Aksesorë Ndërtimi,,,,ndertim,active
BBA933-14×200 – Bullon i zinguar DIN 933 8.8 14×200,Ndertim,Aksesorë Ndërtimi,,,,ndertim,active
PB975-8X1000 – Prizhioner i zinguar 8×1000,Ndertim,,,,,ndertim,active
"KPR-FAST-10200K – Vide plus upe plastike 10X200, 25-cp",Ndertim,,,,,ndertim,active
WDBLS-10060 – Vide betoni Hexagon 10 x 60,Ndertim,,,,,ndertim,active
HR010W1-160180-101 – Fasheta metalike 8.5mm.160-180,Ndertim,,,,,ndertim,active
DB934-30 – Dado e zinguar DIN 934 M30,Ndertim,,,,,ndertim,active
BBA933-22×50 – Bullon i zinguar DIN 933 8.8 22×50,Ndertim,Aksesorë Ndërtimi,,,,ndertim,active
"KPR-FAST-12200K – Vide plus upe plastike 12X220, 25-cp",Ndertim,,,,,ndertim,active
M-05090-O – Upe gipsi flutur me vide dhe rondele M5X90 mm ( 25 cp ),Ndertim,,,,,ndertim,active
BBA933-20X60 – Bullon i zinguar DIN 933 8.8 20×60,Ndertim,Aksesorë Ndërtimi,,,,ndertim,active
"KPR-FAST-10180K – Vide plus upe plastike 10X180, 25-cp",Ndertim,,,,,ndertim,active
M-05090-C – Upe gipsi flutur me çengel M5X90 mm (25 cp),Ndertim,,,,,ndertim,active
TRK-100-25B – Fasheta plastike te zeza 100 x2.5,Ndertim,,,,,ndertim,active
TRK-100-25W – Fasheta Plastike te bardha 100 x2.5,Ndertim,,,,,ndertim,active
WSO-60-100-08 – KENDORE GIPSI METALIKE ME KAPESE 60×100  0.8 mm,Ndertim,Aksesorë Ndërtimi,,,,ndertim,active
LT-01 – Bashkues T montimi e zinguar 70×50 mm,Ndertim,,,,,ndertim,active
M-05075-O – Upe gipsi flutur me vide dhe rondele M5X75 mm ( 25 cp ),Ndertim,,,,,ndertim,active
M-05075-C – Upe gipsi flutur me çengel M5X75 mm (25 cp),Ndertim,,,,,ndertim,active
KL-01 – Kendore metalike e zinguar 50×50 mm,Ndertim,,,,,ndertim,active
BBA933-18X80 – Bullon i zinguar DIN 933 8.8 18×80,Ndertim,Aksesorë Ndërtimi,,,,ndertim,active
BBA933-20X50 – Bullon i zinguar DIN 933 8.8 20×50,Ndertim,Aksesorë Ndërtimi,,,,ndertim,active
BBA933-18X70 – Bullon i zinguar DIN 933 8.8 18×70,Ndertim,Aksesorë Ndërtimi,,,,ndertim,active
BBA933-16X100 – Bullon i zinguar DIN 933 8.8 16×100,Ndertim,Aksesorë Ndërtimi,,,,ndertim,active
KPR-FAST-10160K(25) – Vide plus upe plastike 10X160 (25 cp),Ndertim,,,,,ndertim,active
KDR – Adaptor per upat e gipsit ( 1 cp),Ndertim,,,,,ndertim,active
BBA933-12×160 – Bullon i zinguar DIN 933 8.8 12×160,Ndertim,Aksesorë Ndërtimi,,,,ndertim,active
UC-10X70 – Upa metalike Unaze 10X70mm,Ndertim,,,,,ndertim,active
BBA933-18X60 – Bullon i zinguar DIN 933 8.8 18×60,Ndertim,Aksesorë Ndërtimi,,,,ndertim,active
WKCS-08200 – Vide Traresh Torx 8×200 mm (75 cp),Ndertim,,,,,ndertim,active
WKCS-10160 – Vide Traresh Torx 10×160 mm (50 cp),Ndertim,,,,,ndertim,active
KPR-FAST-10120K – Vide plus upe plastike 10X120 (50 cp),Ndertim,,,,,ndertim,active
"M-05090 – Upe per gips flutur M5x90, (25-cp)",Ndertim,,,,,ndertim,active
KRM-100831 – Upa metrike bronzi M8X31X10,Ndertim,,,,,ndertim,active
HR010W1-140160-101 – Fasheta metalike 8.5mm.140-160,Ndertim,,,,,ndertim,active
UM-10X35 – Upa metrike bronxi M10x35x12,Ndertim,,,,,ndertim,active
DB934-27 – Dado e zinguar DIN 934 M27,Ndertim,,,,,ndertim,active
BBA933-18X50 – Bullon i zinguar DIN 933 8.8 18×50,Ndertim,Aksesorë Ndërtimi,,,,ndertim,active
BBA933-14X100 – Bullon i zinguar DIN 933 8.8 14×100,Ndertim,Aksesorë Ndërtimi,,,,ndertim,active
"KPR-FAST-12160K – Vide plus upe plastike 12X160, 25-cp",Ndertim,,,,,ndertim,active
KW-07 – Kendore e ngushte e zinguar 90×90 mm (100 cp),Ndertim,,,,,ndertim,active
M-04050 – Upe per gips flutur M4x50 (50-cp),Ndertim,,,,,ndertim,active
ZPP-08 – KENDORE METALIKE GIPSI ME VRIME 0.8mm,Ndertim,,,,,ndertim,active
BBA933-16X80 – Bullon i zinguar DIN 933 8.8 16×80,Ndertim,Aksesorë Ndërtimi,,,,ndertim,active
KPR-FAST-10100K – Vide plus upe plastike 10X100 (50 cp),Ndertim,,,,,ndertim,active
HR010W1-120140-101 – Fasheta metalike 8.5mm.120-140,Ndertim,,,,,ndertim,active
HR010W1-100120-101 – Fasheta metalike 8.5mm.100-120,Ndertim,,,,,ndertim,active
RB9021-24 – Rondele e zinguar e gjere DIN 9021 M24,Ndertim,,,,,ndertim,active
FWA-10X180 – Upa metalike te renda FWA 10 x 180,Ndertim,,,,,ndertim,active
BBA933-16X70 – Bullon i zinguar DIN 933 8.8 16×70,Ndertim,Aksesorë Ndërtimi,,,,ndertim,active
PWKCS-10 – Rondele per vida traresh WS  10,Ndertim,Aksesorë Ndërtimi,,,,ndertim,active
KW-05 – Kendore e ngushte e zinguar 60×60 mm (100 cp),Ndertim,,,,,ndertim,active
UC-8X60 – Upa metalike Unaze 8X60mm,Ndertim,,,,,ndertim,active
WK-60-270-08 – KAPESE GIPSI ANESORE METALIKE 60×270 0.8 mm,Ndertim,Aksesorë Ndërtimi,,,,ndertim,active
FI-100X120 – Fashete inoxi 100×120,Ndertim,,,,,ndertim,active
BBA933-16X60 – Bullon i zinguar DIN 933 8.8 16×60,Ndertim,Aksesorë Ndërtimi,,,,ndertim,active
"KPR-FAST-12100K – Vide plus upe plastike 12X100, 25-cp",Ndertim,,,,,ndertim,active
WDBLS-08060 – Vide betoni Hexagon 8 x 60,Ndertim,,,,,ndertim,active
LE-ZN-08115 – Upa metalike te renda  8 x 115,Ndertim,,,,,ndertim,active
KMWHT-60200 – Vide Traresh Torx me çarje 6×200 mm (200 cp),Ndertim,,,,,ndertim,active
KS-02 – Kendore metalike e zinguar e gjere 40×40 mm (100 cp),Ndertim,,,,,ndertim,active
BBA933-10×180 – Bullon i zinguar DIN 933 8.8 10×180,Ndertim,Aksesorë Ndërtimi,,,,ndertim,active
UZM-16X63 – Upa metrike te zinguara 16 x 63,Ndertim,,,,,ndertim,active
UM-8X30 – Upa metrike bronxi M8x30x10,Ndertim,,,,,ndertim,active
DB934-24 – Dado e zinguar DIN 934 M24,Ndertim,,,,,ndertim,active
BBA933-14X80 – Bullon i zinguar DIN 933 8.8 14×80,Ndertim,Aksesorë Ndërtimi,,,,ndertim,active
BBA933-12X120 – Bullon i zinguar DIN 933 8.8 12×120,Ndertim,Aksesorë Ndërtimi,,,,ndertim,active
BBA933-10×160 – Bullon i zinguar DIN 933 8.8 10×160,Ndertim,Aksesorë Ndërtimi,,,,ndertim,active
HR010W1-080100-101 – Fasheta metalike 8.5mm.80-100,Ndertim,,,,,ndertim,active
WDH – KAPESE GIPSI METALIKE ME HARK 0.7mm,Ndertim,Aksesorë Ndërtimi,,,,ndertim,active
WK-60-60-08 – KAPESE GIPSI ANESORE METALIKE 60×60 0.8 mm,Ndertim,Aksesorë Ndërtimi,,,,ndertim,active
PM-12X160 – Prizhonier metrik TORX 30 12×160,Ndertim,,,,,ndertim,active
BBA933-16X50 – Bullon i zinguar DIN 933 8.8 16×50,Ndertim,Aksesorë Ndërtimi,,,,ndertim,active
BBA933-14X70 – Bullon i zinguar DIN 933 8.8 14×70,Ndertim,Aksesorë Ndërtimi,,,,ndertim,active
WKCS-08160 – Vide Traresh Torx 8×160 mm (50 cp),Ndertim,,,,,ndertim,active
"KPR-FAST-10080K – Vide plus upe plastike 10X80, 50-cp",Ndertim,,,,,ndertim,active
"KMH-60200 – Vida druri 6.0X200, 100-cp",Ndertim,Aksesorë Ndërtimi,,,,ndertim,active
KRM-080624 – Upa metrike bronzi M6X24X8,Ndertim,,,,,ndertim,active
RUO-08084 – Set upe me çengel rrethor 8×50 mm (25 cp),Ndertim,,,,,ndertim,active
BBA933-16X40 – Bullon i zinguar DIN 933 8.8 16×40,Ndertim,Aksesorë Ndërtimi,,,,ndertim,active
KW-04 – Kendore e ngushte e zinguar 50×50 mm (100 cp),Ndertim,,,,,ndertim,active
RB125A-33 – Rondele e zinguar 32/33,Ndertim,,,,,ndertim,active
ST-10X140 – Strifoni 10×140,Ndertim,,,,,ndertim,active
RB9021-20 – Rondele e zinguar e gjere DIN 9021 M20,Ndertim,,,,,ndertim,active
PM-12X140 – Prizhonier metrik TORX 30 12×140,Ndertim,,,,,ndertim,active
PM-10X180 – Prizhonier metrik TORX 25 10×180,Ndertim,,,,,ndertim,active
BBA933-14X60 – Bullon i zinguar DIN 933 8.8 14×60,Ndertim,Aksesorë Ndërtimi,,,,ndertim,active
BBA933-12X100 – Bullon i zinguar DIN 933 8.8 12×100,Ndertim,Aksesorë Ndërtimi,,,,ndertim,active
KW-03 – Kendore e ngushte e zinguar 40×40 mm (100 cp),Ndertim,,,,,ndertim,active
TSN-03 – Kaush injeksioni rrjete 15×130 mm (20 cp),Ndertim,,,,,ndertim,active
KMWHT-60180 – Vide Traresh Torx me çarje 6×180 mm (200 cp),Ndertim,,,,,ndertim,active
FI-32X50 – Fashete inoxi 32×50,Ndertim,,,,,ndertim,active
DB934-22 – Dado e zinguar DIN 934 M22,Ndertim,,,,,ndertim,active
BBA933-16X30 – Bullon i zinguar DIN 933 8.8 16×30,Ndertim,Aksesorë Ndërtimi,,,,ndertim,active
BBA933-14X50 – Bullon i zinguar DIN 933 8.8 14×50,Ndertim,Aksesorë Ndërtimi,,,,ndertim,active
BBA933-10X120 – Bullon i zinguar DIN 933 8.8 10×120,Ndertim,Aksesorë Ndërtimi,,,,ndertim,active
WKCS-08140 – Vide Traresh Torx 8×140 mm (50 cp),Ndertim,,,,,ndertim,active
KMH-60180 – Vida Druri 6.0X180 (100 cp),Ndertim,Aksesorë Ndërtimi,,,,ndertim,active
TSW-08 – Upa metrike te zinguara M8x30X10,Ndertim,,,,,ndertim,active
"DRZN-29 – Upa gipsi metalik kermill 29 mm, 200-cp",Ndertim,,,,,ndertim,active
PWKCS-8 – Rondele per vida traresh WS  8,Ndertim,Aksesorë Ndërtimi,,,,ndertim,active
KW-02 – Kendore e ngushte e zinguar 30×30 mm (100 cp),Ndertim,,,,,ndertim,active
TSN-02 – Kaush injeksioni rrjete 15×85 mm (20 cp),Ndertim,,,,,ndertim,active
ST-10X120 – Strifoni 10×120,Ndertim,,,,,ndertim,active
BBA933-12X80 – Bullon i zinguar DIN 933 8.8 12×80,Ndertim,Aksesorë Ndërtimi,,,,ndertim,active
KW-01 – Kendore e ngushte e zinguar 25×25 mm (100 cp),Ndertim,,,,,ndertim,active
FWA-8×140 – Upa metalike te renda FWA 8 x 140,Ndertim,,,,,ndertim,active
HR010W1-070090-101 – Fasheta metalike 8.5mm.70-90,Ndertim,,,,,ndertim,active
HR085W1-013019-401 – Fashete metalike Butterfly 13-19 mm me doreze shtrengimi,Ndertim,,,,,ndertim,active
BBA933-10X100 – Bullon i zinguar DIN 933 8.8 10×100,Ndertim,Aksesorë Ndërtimi,,,,ndertim,active
HR010W1-060080-101 – Fasheta metalike 8.5mm.60-80,Ndertim,,,,,ndertim,active
UC-6X50 – Upa metalike Unaze 6X50mm,Ndertim,,,,,ndertim,active
UZM-12X52 – Upa metrike te zinguara 12 x 52,Ndertim,,,,,ndertim,active
UM-6X25 – Upa metrike bronxi M6x25x8,Ndertim,,,,,ndertim,active
ST-10X100 – Strifoni 10×100,Ndertim,,,,,ndertim,active
RB9021-18 – Rondele e zinguar e gjere DIN 9021 M18 (100 cp),Ndertim,,,,,ndertim,active
PM-10X140 – Prizhonier metrik TORX 25 10×140,Ndertim,,,,,ndertim,active
BBA933-14X40 – Bullon i zinguar DIN 933 8.8 14×40,Ndertim,Aksesorë Ndërtimi,,,,ndertim,active
BBA933-12X70 – Bullon i zinguar DIN 933 8.8 12×70,Ndertim,Aksesorë Ndërtimi,,,,ndertim,active
WKCS-08120 – Vide Traresh Torx 8×120 mm (50 cp),Ndertim,,,,,ndertim,active
"KMH-60160 – Vida druri 6.0X160, 100-cp",Ndertim,Aksesorë Ndërtimi,,,,ndertim,active
HR010W1-050070-101 – Fasheta metalike 8.5mm.50-70,Ndertim,,,,,ndertim,active
ST-10X90 – Strifoni 10×90,Ndertim,,,,,ndertim,active
KMH-60140 – Vida Druri 6.0X140 (100 cp),Ndertim,Aksesorë Ndërtimi,,,,ndertim,active
BBA933-8×160 – Bullon i zinguar DIN 933 8.8 8×160,Ndertim,Aksesorë Ndërtimi,,,,ndertim,active
HR010W1-040060-101 – Fasheta metalike 8.5mm.40-60,Ndertim,,,,,ndertim,active
ST-10X80 – Strifoni 10×80,Ndertim,,,,,ndertim,active
RB125A-30 – Rondele e zinguar 30,Ndertim,,,,,ndertim,active
DB934-20 – Dado e zinguar DIN 934 M20,Ndertim,,,,,ndertim,active
BBA933-14X30 – Bullon i zinguar DIN 933 8.8 14×30,Ndertim,Aksesorë Ndërtimi,,,,ndertim,active
BBA933-12X60 – Bullon i zinguar DIN 933 8.8 12×60,Ndertim,Aksesorë Ndërtimi,,,,ndertim,active
BBA933-10X80 – Bullon i zinguar DIN 933 8.8 10×80,Ndertim,Aksesorë Ndërtimi,,,,ndertim,active
WKCS-08100 – Vide Traresh Torx 8×100 mm (50 cp),Ndertim,,,,,ndertim,active
TSW-06 – Upa metrike te zinguara M6X25X8,Ndertim,,,,,ndertim,active
WX-12 – Set upe WX + çengel 12x60mm (100 cp),Ndertim,,,,,ndertim,active
HR010W1-032050-101 – Fasheta metalike 8.5mm.32-50,Ndertim,,,,,ndertim,active
KMWHT-60160 – Vide Traresh Torx me çarje 6×160 mm (200 cp),Ndertim,,,,,ndertim,active
KPX-16100 – Upa plastike 16.0X100 (50-cp),Ndertim,,,,,ndertim,active
HR010W1-030045-101 – Fasheta metalike 8.5mm.30-45,Ndertim,,,,,ndertim,active
BBA933-10X70 – Bullon i zinguar DIN 933 8.8 10×70,Ndertim,Aksesorë Ndërtimi,,,,ndertim,active
HR010W1-025040-101 – Fasheta metalike 8.5mm.25-40,Ndertim,,,,,ndertim,active
ST-8X140 – Strifoni 8×140 mm,Ndertim,,,,,ndertim,active
RB125A-27 – Rondele e zinguar 27,Ndertim,,,,,ndertim,active
PM-10X120 – Prizhonier metrik TORX 25 10×120,Ndertim,,,,,ndertim,active
BBA933-8X120 – Bullon i zinguar DIN 933 8.8 8×120,Ndertim,Aksesorë Ndërtimi,,,,ndertim,active
BBA933-12X50 – Bullon i zinguar DIN 933 8.8 12×50,Ndertim,Aksesorë Ndërtimi,,,,ndertim,active
BBA933-10X60 – Bullon i zinguar DIN 933 8.8 10×60,Ndertim,Aksesorë Ndërtimi,,,,ndertim,active
KMWHT-60140 – Vide Traresh Torx me çarje 6×140 mm (100 cp),Ndertim,,,,,ndertim,active
HR010W1-020032-101 – Fasheta metalike 8.5mm.20-32,Ndertim,,,,,ndertim,active
ST-8X120 – Strifoni 8×120,Ndertim,,,,,ndertim,active
KMWHT-60120 – Vide Traresh Torx me çarje 6×120 mm (200 cp),Ndertim,,,,,ndertim,active
FWA-6×120 – Upa metalike te renda FWA 6 x 120,Ndertim,,,,,ndertim,active
HR010W1-019026-101 – Fasheta metalike 8.5mm.19-26,Ndertim,,,,,ndertim,active
ST-10X70 – Strifoni 10×70,Ndertim,,,,,ndertim,active
RB9021-16 – Rondele e zinguar e gjere DIN 9021 M16,Ndertim,,,,,ndertim,active
PM-10X100 – Prizhonier metrik TORX 25 10×100,Ndertim,,,,,ndertim,active
DB934-18 – Dado e zinguar DIN 934 M18,Ndertim,,,,,ndertim,active
DM-10X30 – Dado e gjate 10×30,Ndertim,,,,,ndertim,active
BBA933-8X100 – Bullon i zinguar DIN 933 8.8 8×100,Ndertim,Aksesorë Ndërtimi,,,,ndertim,active
BBA933-12X40 – Bullon i zinguar DIN 933 8.8 12×40,Ndertim,Aksesorë Ndërtimi,,,,ndertim,active
KMH-60120 – Vida Druri 6.0X120 (100 cp),Ndertim,Aksesorë Ndërtimi,,,,ndertim,active
HR085W1-016025-101 – Fasheta metalike 8.5mm.16-25,Ndertim,,,,,ndertim,active
WFD-48100-3011 – Vide exagon me maje punto Kafe 4.8 x 100 100 cp,Ndertim,,,,,ndertim,active
PM-10X80 – Prizhonier metrik TORX 25 10×80,Ndertim,,,,,ndertim,active
VP-6.3X125 – Vida exagon me maje punto 6.3×125,Ndertim,Aksesorë Ndërtimi,,,,ndertim,active
ST-8X100 – Strifoni 8×100,Ndertim,,,,,ndertim,active
PM-8X140 – Prizhonier metrik TORX 25 8×140,Ndertim,,,,,ndertim,active
BBA933-12X30 – Bullon i zinguar DIN 933 8.8 12×30,Ndertim,Aksesorë Ndërtimi,,,,ndertim,active
BBA933-10X50 – Bullon i zinguar DIN 933 8.8 10×50,Ndertim,Aksesorë Ndërtimi,,,,ndertim,active
FWA-6×100 – Upa metalike te renda FWA 6 x 100,Ndertim,,,,,ndertim,active
HR085W1-012020-101 – Fasheta metalike 8.5mm.12-20,Ndertim,,,,,ndertim,active
VP-6.3X115 – Vida exagon me maje punto 6.3×115,Ndertim,Aksesorë Ndërtimi,,,,ndertim,active
ST-8X90 – Strifoni 8×90,Ndertim,,,,,ndertim,active
RB9021-14 – Rondele e zinguar e gjere DIN 9021 M14,Ndertim,,,,,ndertim,active
RB125A-24 – Rondele e zinguar 24,Ndertim,,,,,ndertim,active
KMWHT-60100 – Vide Traresh Torx me çarje 6×100 mm (200 cp),Ndertim,,,,,ndertim,active
"KMH-60110 – Vida druri 6.0X110, 100-cp",Ndertim,Aksesorë Ndërtimi,,,,ndertim,active
LTX08195(200) – Upe plastike polisteroli + kunje 8×195 mm (200 cp),Ndertim,,,,,ndertim,active
PX-12 – Set upe PX + çengel L 12×60 mm (100 cp),Ndertim,,,,,ndertim,active
HR085W1-010016-101 – Fasheta metalike 8.5mm.10-16,Ndertim,,,,,ndertim,active
VP-6.3X100 – Vida exagon me maje punto 6.3×100,Ndertim,Aksesorë Ndërtimi,,,,ndertim,active
RB125A-22 – Rondele e zinguar 22,Ndertim,,,,,ndertim,active
LTX08175(200) – Upe plastike polisteroli + kunje 8×175 mm (200 cp),Ndertim,,,,,ndertim,active
KPX-14080 – Upa plastike 14.0X80 (100- cp),Ndertim,,,,,ndertim,active
WX-10 – Set upe WX + çengel 10x50mm,Ndertim,,,,,ndertim,active
DIN6923-12 – Dado e frezuar e zinguar DIN 6923 M12,Ndertim,,,,,ndertim,active
FWA-6×90 – Upa metalike te renda FWA 6 x 90,Ndertim,,,,,ndertim,active
FWA-6×80 – Upa metalike te renda FWA 6 x 80,Ndertim,,,,,ndertim,active
HR085W1-008012-101 – Fasheta metalike 8.5mm.08-12,Ndertim,,,,,ndertim,active
VP-6.3X75 – Vida exagon me maje punto 6.3×75,Ndertim,Aksesorë Ndërtimi,,,,ndertim,active
VB-142 – Vida Betoni 7.5 x 142 mm (100 cp),Ndertim,Aksesorë Ndërtimi,,,,ndertim,active
UZM-10X40 – Upa metrike te zinguara 10 x 40,Ndertim,,,,,ndertim,active
PM-8X120 – Prizhonier metrik TORX 25 8×120,Ndertim,,,,,ndertim,active
BBA933-10X40 – Bullon i zinguar DIN 933 8.8 10×40,Ndertim,Aksesorë Ndërtimi,,,,ndertim,active
KMWHT-60080 – Vide Traresh Torx me çarje 6×80 mm (200 cp),Ndertim,,,,,ndertim,active
"KMH-60100 – Vida druri 6.0X100, 100-cp",Ndertim,Aksesorë Ndërtimi,,,,ndertim,active
FWA-6×70 – Upa metalike te renda FWA 6 x 70,Ndertim,,,,,ndertim,active
BBA933-8X80 – Bullon i zinguar DIN 933 8.8 8×80,Ndertim,Aksesorë Ndërtimi,,,,ndertim,active
VP-6.3X60 – Vida exagon me maje punto 6.3×60,Ndertim,Aksesorë Ndërtimi,,,,ndertim,active
VB-120 – Vida Betoni 7.5 x 120,Ndertim,Aksesorë Ndërtimi,,,,ndertim,active
ST-8X80 – Strifoni 8×80,Ndertim,,,,,ndertim,active
PM-8X100 – Prizhonier metrik TORX 25 8×100,Ndertim,,,,,ndertim,active
KMWHT-60070 – Vide Traresh Torx me çarje 6×70 mm (200 cp),Ndertim,,,,,ndertim,active
"KMH-60090 – Vida druri 6.0X90, 100-cp",Ndertim,Aksesorë Ndërtimi,,,,ndertim,active
BBA933-8X70 – Bullon i zinguar DIN 933 8.8 8×70,Ndertim,Aksesorë Ndërtimi,,,,ndertim,active
VP-6.3X50 – Vida exagon me maje punto 6.3×50,Ndertim,Aksesorë Ndërtimi,,,,ndertim,active
VB-102 – Vida Betoni 7.5 x 102,Ndertim,Aksesorë Ndërtimi,,,,ndertim,active
UG-8X140 – Upa me goditje 8×140,Ndertim,,,,,ndertim,active
DB934-16 – Dado e zinguar DIN 934 M16,Ndertim,,,,,ndertim,active
DM-8X30 – Dado e gjate M 8×30 mm,Ndertim,,,,,ndertim,active
BBA933-6X100 – Bullona te zinguar 8.8 / 6×100 mm,Ndertim,Aksesorë Ndërtimi,,,,ndertim,active
BBA933-8X60 – Bullon i zinguar DIN 933 8.8 8×60,Ndertim,Aksesorë Ndërtimi,,,,ndertim,active
BBA933-10X30 – Bullon i zinguar DIN 933 8.8 10×30,Ndertim,Aksesorë Ndërtimi,,,,ndertim,active
"KMH-60080 – Vida druri 6.0X80, 200-cp",Ndertim,Aksesorë Ndërtimi,,,,ndertim,active
KPX-12080 – Upa plastike 12.0X80 (100 cp),Ndertim,,,,,ndertim,active
BBA933-10×25 – Bullon I zinguar DIN 933 8.8 10×25 (200 pcs),Ndertim,Aksesorë Ndërtimi,,,,ndertim,active
VB-100 – Vida Betoni 7.5 x 100,Ndertim,Aksesorë Ndërtimi,,,,ndertim,active
ST-8X70 – Strifoni 8×70,Ndertim,,,,,ndertim,active
BBA933-8X50 – Bullon i zinguar DIN 933 8.8 8×50,Ndertim,Aksesorë Ndërtimi,,,,ndertim,active
"WFD-48070-3011 – Vide exagon me maje punto Kafe 4.8X70, 200-cp",Ndertim,,,,,ndertim,active
KPX-12060 – Upa plastike 12.0X60 (150-cp),Ndertim,,,,,ndertim,active
WSDSK-48050 – Vide Philips me maje punto speciale per dru/metal 4.8×50 ( 250 cp ),Ndertim,,Philips,,,ndertim,active
VB-92 – Vida Betoni 7.5 x 92,Ndertim,Aksesorë Ndërtimi,,,,ndertim,active
UG-8X120 – Upa me goditje 8×120,Ndertim,,,,,ndertim,active
RB9021-12 – Rondele e zinguar e gjere DIN 9021 M12,Ndertim,,,,,ndertim,active
DIN1587-12 – Dado e zinguar me kapuc DIN 1578 M12,Ndertim,,,,,ndertim,active
DB934-14 – Dado e zinguar DIN 934 M14,Ndertim,,,,,ndertim,active
BBA933-10X20 – Bullon i zinguar DIN 933 8.8 10×20,Ndertim,Aksesorë Ndërtimi,,,,ndertim,active
PX-10 – Set upe PX + çengel L 10×50 mm (100 cp),Ndertim,,,,,ndertim,active
ST-8X60 – Strifoni 8×60,Ndertim,,,,,ndertim,active
BBA933-8X40 – Bullon i zinguar DIN 933 8.8 8×40,Ndertim,Aksesorë Ndërtimi,,,,ndertim,active
"KMH-50100 – Vida druri 5.0X100, 200-cp",Ndertim,Aksesorë Ndërtimi,,,,ndertim,active
GKW – Upe gipsi plastike me flete + vide 10×50 mm (100 cp),Ndertim,,,,,ndertim,active
VB-80 – Vida Betoni 7.5 x 80,Ndertim,Aksesorë Ndërtimi,,,,ndertim,active
DM-8X25 – Dado e gjate 8×25,Ndertim,,,,,ndertim,active
BBA933-6X80 – Bullon i zinguar DIN 933 8.8 6×80,Ndertim,Aksesorë Ndërtimi,,,,ndertim,active
SMNK-06080 – Upe gipsi najloni me goditje 6 x 80 ( 100 cp ),Ndertim,,,,,ndertim,active
WSDSK-48045 – Vide Philips me maje punto speciale per dru/metal 4.8×45 ( 250 cp ),Ndertim,,Philips,,,ndertim,active
UZM-8X35 – Upa metrike te zinguara 8 x 35,Ndertim,,,,,ndertim,active
DIN6923-10 – Dado e frezuar e zinguar DIN 6923 M10,Ndertim,,,,,ndertim,active
VP-6.3X38 – Vida exagon me maje punto 6.3×38,Ndertim,Aksesorë Ndërtimi,,,,ndertim,active
ST-8X50 – Strifoni 8×50,Ndertim,,,,,ndertim,active
PM-8X80 – Prizhonier metrik TORX 25 8×80,Ndertim,,,,,ndertim,active
"KMH-60070 – Vida druri 6.0X70, 200-cp",Ndertim,Aksesorë Ndërtimi,,,,ndertim,active
"KMH-60060 – Vida druri 6.0X60, 200-cp",Ndertim,Aksesorë Ndërtimi,,,,ndertim,active
VB-62 – Vida Betoni 7.5 x 62,Ndertim,Aksesorë Ndërtimi,,,,ndertim,active
DM-8X20 – Dado e gjate 8×20,Ndertim,,,,,ndertim,active
BBA933-6X70 – Bullon i zinguar DIN 933 8.8 6×70,Ndertim,Aksesorë Ndërtimi,,,,ndertim,active
RB125A-20 – Rondele e zinguar 20,Ndertim,,,,,ndertim,active
DIN985-12 – Dado e zinguar me gomine DIN 985 M12,Ndertim,,,,,ndertim,active
"KMH-50090 – Vida druri 5.0X90, 200-cp",Ndertim,Aksesorë Ndërtimi,,,,ndertim,active
VP-6.3X32 – Vida exagon me maje punto 6.3×32 mm ( 600 cp ),Ndertim,Aksesorë Ndërtimi,,,,ndertim,active
PM-8X70 – Prizhonier metrik TORX 25 8×70,Ndertim,,,,,ndertim,active
BBA933-8X30 – Bullon i zinguar DIN 933 8.8 8×30,Ndertim,Aksesorë Ndërtimi,,,,ndertim,active
"WFD-48055-3011 – Vide exagon me maje punto Kafe 4.8X55, 200-cp",Ndertim,,,,,ndertim,active
"Vide exagon me maje punto 4.8X70, 200-cp",Ndertim,,,,,ndertim,active
GKK – Upe gipsi plastike me flete 10×50 mm (200 cp),Ndertim,,,,,ndertim,active
KPX-10060 – Upa plastike 10.0X60 (200-cp),Ndertim,,,,,ndertim,active
ST-6X80 – Strifoni 6×80,Ndertim,,,,,ndertim,active
RB125A-18 – Rondele e zinguar 18,Ndertim,,,,,ndertim,active
BBA933-8X25 – Bullon i zinguar DIN 933 8.8 8×25,Ndertim,Aksesorë Ndërtimi,,,,ndertim,active
BBA933-6X60 – Bullon i zinguar DIN 933 8.8 6×60,Ndertim,Aksesorë Ndërtimi,,,,ndertim,active
"WFD-48055-9006 – Vide exagon me maje punto 4.8X55, 200-cp",Ndertim,,,,,ndertim,active
"KMH-60050 – Vida druri 6.0X50, 200-cp",Ndertim,Aksesorë Ndërtimi,,,,ndertim,active
"KMH-50080 – Vida druri 5.0X80, 200-cp",Ndertim,Aksesorë Ndërtimi,,,,ndertim,active
SMNK-06060 – Upe gipsi najloni me goditje 6 x 60 ( 200 cp ),Ndertim,,,,,ndertim,active
SMK-06080 – Upe gipsi plastike me goditje 6 x 80 ( 100 cp ),Ndertim,,,,,ndertim,active
UZM-6X30 – Upa metrike te zinguara 6 x 30,Ndertim,,,,,ndertim,active
WX-08 – Set upe WX + çengel 8x40mm,Ndertim,,,,,ndertim,active
UG-8X100 – Upa me goditje 8×100,Ndertim,,,,,ndertim,active
PM-8X60 – Prizhonier metrik TORX 25 8×60,Ndertim,,,,,ndertim,active
"KMH-50070 – Vida druri 5.0X70, 200-cp",Ndertim,Aksesorë Ndërtimi,,,,ndertim,active
VP-6.3X25 – Vida exagon me maje punto 6.3×25 mm,Ndertim,Aksesorë Ndërtimi,,,,ndertim,active
VB-60 – Vida Betoni 7.5 x 60,Ndertim,Aksesorë Ndërtimi,,,,ndertim,active
RB9021-10 – Rondele e zinguar e gjere DIN 9021 M10,Ndertim,,,,,ndertim,active
PM-8X50 – Prizhonier metrik TORX 25 8×50,Ndertim,,,,,ndertim,active
BBA933-8X20 – Bullon i zinguar DIN 933 8.8 8×20,Ndertim,Aksesorë Ndërtimi,,,,ndertim,active
BBA933-6X50 – Bullon i zinguar DIN 933 8.8 6×50,Ndertim,Aksesorë Ndërtimi,,,,ndertim,active
"KMH-60040 – Vida druri 6.0X40, 200-cp",Ndertim,Aksesorë Ndërtimi,,,,ndertim,active
PX-08 – Set upe PX + çengel L 8×40 mm (100 cp),Ndertim,,,,,ndertim,active
"KMH-50060 – Vida druri 5.0X60, 200cp",Ndertim,Aksesorë Ndërtimi,,,,ndertim,active
SMK-06060 – Upe gipsi plastike me goditje 6 x 60 ( 200 cp ),Ndertim,,,,,ndertim,active
WPC-42050 – Vide trust me maje 4.2×50 ( 300 cp ),Ndertim,,,,,ndertim,active
WSDSK-48038 – Vide Philips me maje punto speciale per dru/metal 4.8×38 ( 250 cp ),Ndertim,,Philips,,,ndertim,active
DIN1587-10 – Dado e zinguar me kapuc DIN 1578 M10,Ndertim,,,,,ndertim,active
DIN985-10 – Dado e zinguar me gomine DIN 985 M10,Ndertim,,,,,ndertim,active
DB934-12 – Dado e zinguar DIN 934 M12,Ndertim,,,,,ndertim,active
"WFD-48035-3011 – Vide exagon me maje punto Kafe 4.8X35, 250-cp",Ndertim,,,,,ndertim,active
PEPDM-14 – Rondele me gomine per vida vetfiletuese 4.8mm (500cp),Ndertim,Aksesorë Ndërtimi,,,,ndertim,active
VB-52 – Vida Betoni 7.5 x 52 mm (200 cp),Ndertim,Aksesorë Ndërtimi,,,,ndertim,active
DIN127B-16 – Rondele e zinguar e care DIN 127B M16,Ndertim,,,,,ndertim,active
PM-6X80 – Prizhonier metrik TORX 15 6×80,Ndertim,,,,,ndertim,active
"WFD-48035-9006 – Vide exagon me maje punto 4.8X35, 250-cp",Ndertim,,,,,ndertim,active
"KMH-50050 – Vida druri 5.0X50, 300-cp",Ndertim,Aksesorë Ndërtimi,,,,ndertim,active
ST-6X60 – Strifoni 6×60,Ndertim,,,,,ndertim,active
PM-6X70 – Prizhonier metrik TORX 15 6×70,Ndertim,,,,,ndertim,active
DIN6923-8 – Dado e frezuar e zinguar DIN 6923 M8,Ndertim,,,,,ndertim,active
BBA933-6X40 – Bullon i zinguar DIN 933 8.8 6×40,Ndertim,Aksesorë Ndërtimi,,,,ndertim,active
"WFD-48025-3011 – Vide exagon me maje punto Kafe 4.8X25, 250-cp",Ndertim,,,,,ndertim,active
"WFD-48025-9006 – Vide exagon me maje punto 4.8X25, 250-cp",Ndertim,,,,,ndertim,active
KPX-10050 – Upa plastike 10.0X50 (300 cp),Ndertim,,,,,ndertim,active
KMH-50045 – Vida Druri 5.0X45 (300 cp),Ndertim,Aksesorë Ndërtimi,,,,ndertim,active
SMNK-06040 – Upe gipsi najloni me goditje 6 x 40 ( 200 cp ),Ndertim,,,,,ndertim,active
WSB-48019 – VIDE VETEFILETUESE ME KOKE HEXAGON 4.8×19,Ndertim,,,,,ndertim,active
WPC-42040 – Vide trust me maje 4.2×40 ( 400 cp ),Ndertim,,,,,ndertim,active
WSDSK-48032 – Vide Philips me maje punto speciale per dru/metal 4.8×32 ( 500 cp ),Ndertim,,Philips,,,ndertim,active
VP-6.3X19 – Vida exagon me maje punto 6.3×19 mm,Ndertim,Aksesorë Ndërtimi,,,,ndertim,active
RB125A-16 – Rondele e zinguar 16,Ndertim,,,,,ndertim,active
"KMH-50040 – Vida druri 5.0X40, 500-cp",Ndertim,Aksesorë Ndërtimi,,,,ndertim,active
KMH-40070 – Vida Druri 4.0X70 (250 cp),Ndertim,Aksesorë Ndërtimi,,,,ndertim,active
WSB-48016 – VIDE VETEFILETUESE ME KOKE HEXAGON 4.8×16,Ndertim,,,,,ndertim,active
ST-6X40 – Strifoni 6×40,Ndertim,,,,,ndertim,active
RB125A-14 – Rondele e zinguar 14,Ndertim,,,,,ndertim,active
KSSG-35045 – Vide Gipsi vetefiletuese e zeze 3.5×45 mm (500 cp),Ndertim,,,,,ndertim,active
"WPF-42013 – Vide Druri trust 4.2X13, 1000-cp",Ndertim,,,,,ndertim,active
"KMH-40060 – Vida druri 4.0X60, 250-cp",Ndertim,Aksesorë Ndërtimi,,,,ndertim,active
KPX-08050 – Upa plastike 8.0X50 (400 cp),Ndertim,,,,,ndertim,active
SMK-06040 – Upe gipsi plastike me goditje 6 x 40 ( 200 cp ),Ndertim,,,,,ndertim,active
DB934-10 – Dado e zinguar DIN 934 M10,Ndertim,,,,,ndertim,active
WX-06 – Set upe WX + çengel 6x30mm,Ndertim,,,,,ndertim,active
WPC-42032 – Vide trust me maje 4.2×32 ( 500 cp ),Ndertim,,,,,ndertim,active
VP-6.3X16 – Vida exagon me maje punto 6.3×16,Ndertim,Aksesorë Ndërtimi,,,,ndertim,active
UG-6X40 – Upa me goditje 6×40,Ndertim,,,,,ndertim,active
BBA933-6X30 – Bullon i zinguar DIN 933 8.8 6×30,Ndertim,Aksesorë Ndërtimi,,,,ndertim,active
WSPC-42032 – Vide me maje punto trust 4.2X32 (500 cp),Ndertim,,,,,ndertim,active
KMH-50035 – Vida Druri 5.0X35 (500 cp),Ndertim,Aksesorë Ndërtimi,,,,ndertim,active
"KMH-40050 – Vida druri 4.0X50, 300-cp",Ndertim,Aksesorë Ndërtimi,,,,ndertim,active
PX-06 – Set upe PX + çengel L 6×30 mm (200 cp),Ndertim,,,,,ndertim,active
WSPC-42025 – Vide me maje punto trust 4.2X25 (500 cp),Ndertim,,,,,ndertim,active
WPC-42019 – Vide trust me maje 4.2×19 ( 1000 cp ),Ndertim,,,,,ndertim,active
VPF-4.8X50 – Vida Philips me maje punto 4.8×50,Ndertim,Aksesorë Ndërtimi,Philips,,,ndertim,active
DIN127B-14 – Rondele e zinguar e care DIN 127B M14,Ndertim,,,,,ndertim,active
BBA933-6X20 – Bullon i zinguar DIN 933 8.8 6×20,Ndertim,Aksesorë Ndërtimi,,,,ndertim,active
KMH-50030 – Vida Druri 5.0X30 (500 cp),Ndertim,Aksesorë Ndërtimi,,,,ndertim,active
"KMH-40045 – Vida druri 4.0X45, 300-cp",Ndertim,Aksesorë Ndërtimi,,,,ndertim,active
"DRN-23 – Upa gipsi plastike kermill 23 mm,( 200-cp)",Ndertim,,,,,ndertim,active
VPT-4.2X41 – Vida trust me maje punto 4.2×41,Ndertim,Aksesorë Ndërtimi,,,,ndertim,active
VPF-4.8X45 – Vida Philips me maje punto 4.8×45,Ndertim,Aksesorë Ndërtimi,Philips,,,ndertim,active
DIN6923-6 – Dado e frezuar e zinguar DIN 6923 M6,Ndertim,,,,,ndertim,active
KMH-35060 – Vida Druri 3.5X60 (400 cp),Ndertim,Aksesorë Ndërtimi,,,,ndertim,active
KSTEX-35095 – Vide gipsi vetfiletuese e zeze e shkurter 3.5×9.5 ( 1000 cp ),Ndertim,,,,,ndertim,active
KSTEX-35095-B – Vide gipsi vetfiletuese e zinguar e shkurter 3.5×9.5 ( 1000 cp ),Ndertim,,,,,ndertim,active
RB9021-8 – Rondele e zinguar e gjere DIN 9021 M8,Ndertim,,,,,ndertim,active
DIN1587-8 – Dado e zinguar me kapuc DIN 1578 M8,Ndertim,,,,,ndertim,active
DIN985-8 – Dado e zinguar me gomine DIN 985 M8,Ndertim,,,,,ndertim,active
RB125A-12 – Rondele e zinguar 12,Ndertim,,,,,ndertim,active
PM-6X60 – Prizhonier metrik 6×60 mm TORX 15 / 400 cop,Ndertim,,,,,ndertim,active
WSPC-42019 – Vide me maje punto trust 4.2X19 (1000 cp),Ndertim,,,,,ndertim,active
KMH-50025 – Vida Druri 5.0X25 (500 cp),Ndertim,Aksesorë Ndërtimi,,,,ndertim,active
"KMH-40040 – Vida druri 4.0X40, (500-cp)",Ndertim,Aksesorë Ndërtimi,,,,ndertim,active
"KMH-35050 – Vida druri 3.5X50, 400-cp",Ndertim,Aksesorë Ndërtimi,,,,ndertim,active
KPX-08040 – Upa plastike 8.0X40 (500-cp),Ndertim,,,,,ndertim,active
WPC-42016 – Vide trust me maje 4.2×16 ( 1000 cp ),Ndertim,,,,,ndertim,active
WPC-42013 – VIDE TRUST ME MAJE 4.2×13,Ndertim,,,,,ndertim,active
VPF-4.8X38 – Vida Philips me maje punto 4.8×38,Ndertim,Aksesorë Ndërtimi,Philips,,,ndertim,active
"KMH-35045 – Vida druri 3.5X45, 500-cp",Ndertim,Aksesorë Ndërtimi,,,,ndertim,active
VPT-4.2X32 – Vida trust me maje punto 4.2×32,Ndertim,Aksesorë Ndërtimi,,,,ndertim,active
BBA933-6X15 – Bullon i zinguar DIN 933 8.8 6×15,Ndertim,Aksesorë Ndërtimi,,,,ndertim,active
WSPC-42016 – Vide me maje punto trust 4.2X16 (1000 cp),Ndertim,,,,,ndertim,active
KSSG-35035 – Vide Gipsi vetefiletuese e zeze 3.5×35 mm (1000 cp),Ndertim,,,,,ndertim,active
KSGM-35045 – Vide gipsi me fileto te imet 3.5X45 (500 cp),Ndertim,,,,,ndertim,active
KMH-40035 – Vida Druri 4.0X35 (500 cp),Ndertim,Aksesorë Ndërtimi,,,,ndertim,active
KMH-35040 – Vida Druri 3.5X40 (500 cp),Ndertim,Aksesorë Ndërtimi,,,,ndertim,active
VPF-4.8X32 – Vida Philips me maje punto 4.8×32,Ndertim,Aksesorë Ndërtimi,Philips,,,ndertim,active
VPF-4.2X45 – Vida Philips me maje punto 4.2×45,Ndertim,Aksesorë Ndërtimi,Philips,,,ndertim,active
KMH-40030 – Vida Druri 4.0X30 (500 cp),Ndertim,Aksesorë Ndërtimi,,,,ndertim,active
VPT-4.2X25 – Vida trust me maje punto 4.2×25,Ndertim,Aksesorë Ndërtimi,,,,ndertim,active
VPF-4.2X38 – Vida Philips me maje punto 4.2×38,Ndertim,Aksesorë Ndërtimi,Philips,,,ndertim,active
WSPC-42013 – Vide me maje punto trust 4.2X13 (1000 cp),Ndertim,,,,,ndertim,active
KSGM-35035 – Vide gipsi me fileto te imet 3.5X35 (1000 cp),Ndertim,,,,,ndertim,active
KMH-40025 – Vida Druri 4.0X25 (1000 cp),Ndertim,Aksesorë Ndërtimi,,,,ndertim,active
"KMH-35035 – Vida druri 3.5X35, 500-cp",Ndertim,Aksesorë Ndërtimi,,,,ndertim,active
"SFX-08040 – Upa plastike universale 8.0X40, 200-cp",Ndertim,,,,,ndertim,active
DIN127B-12 – Rondele e zinguar e care DIN 127B M12,Ndertim,,,,,ndertim,active
RB125A-10 – Rondele e zinguar 10,Ndertim,,,,,ndertim,active
DB934-8 – Dado e zinguar DIN 934 M8,Ndertim,,,,,ndertim,active
Vide Gipsi vetefiletuese e zeze 3.5×25 mm (1000 cp),Ndertim,,,,,ndertim,active
VPF-4.8X25 – Vida Philips me maje punto 4.8×25,Ndertim,Aksesorë Ndërtimi,Philips,,,ndertim,active
VPF-4.2X32 – Vida Philips me maje punto 4.2×32,Ndertim,Aksesorë Ndërtimi,Philips,,,ndertim,active
UPA14 – Upa plastike 14,Ndertim,,,,,ndertim,active
UPA12 – Upa plastike 12,Ndertim,,,,,ndertim,active
RB9021-6 – Rondele e zinguar e gjere DIN 9021 M6,Ndertim,,,,,ndertim,active
"KMH-40020 – Vida druri 4.0X20, 1000-cp",Ndertim,Aksesorë Ndërtimi,,,,ndertim,active
KMH-35030 – Vida Druri 3.5X30 (500 cp),Ndertim,Aksesorë Ndërtimi,,,,ndertim,active
"KMH-30040 – Vida druri 3.0X40, 500-cp",Ndertim,Aksesorë Ndërtimi,,,,ndertim,active
VPT-4.2X16 – Vida trust me maje punto 4.2×16 mm,Ndertim,Aksesorë Ndërtimi,,,,ndertim,active
KSGM-35025 – Vide gipsi me fileto te imet 3.5X25 (1000 cp),Ndertim,,,,,ndertim,active
"KMH-30035 – Vida druri 3.0X35, 1000-cp",Ndertim,Aksesorë Ndërtimi,,,,ndertim,active
VPF-4.2X25 – Vida Philips me maje punto 4.2×25,Ndertim,Aksesorë Ndërtimi,Philips,,,ndertim,active
UPA10 – Upa plastike 10,Ndertim,,,,,ndertim,active
DIN127B-10 – Rondele e zinguar e care DIN 127B M10,Ndertim,,,,,ndertim,active
DIN1587-6 – Dado e zinguar me kapuc DIN 1578 M6,Ndertim,,,,,ndertim,active
DIN985-6 – Dado e zinguar me gomine DIN 985 M6,Ndertim,,,,,ndertim,active
BBA933-5X40 – Bullon i zinguar DIN 933 8.8 5×40,Ndertim,Aksesorë Ndërtimi,,,,ndertim,active
"KMH-40016 – Vida druri 4.0X16, (1000-cp)",Ndertim,Aksesorë Ndërtimi,,,,ndertim,active
"KMH-35025 – Vida druri 3.5X25, 1000-cp",Ndertim,Aksesorë Ndërtimi,,,,ndertim,active
KMH-30030 – Vida Druri 3.0X30 (1000 cp),Ndertim,Aksesorë Ndërtimi,,,,ndertim,active
VPF-4.8X19 – Vida Philips me maje punto 4.8×19,Ndertim,Aksesorë Ndërtimi,Philips,,,ndertim,active
"KMH-35020 – Vida druri 3.5X20, 1500-cp",Ndertim,Aksesorë Ndërtimi,,,,ndertim,active
KMH-30025 – Vida Druri 3.0X25 (1500 cp),Ndertim,Aksesorë Ndërtimi,,,,ndertim,active
Upa plastike 6.0X30 ( 1000 cp ),Ndertim,,,,,ndertim,active
VPF-4.8X16 – Vida Philips me maje punto 4.8×16,Ndertim,Aksesorë Ndërtimi,Philips,,,ndertim,active
UPA8 – Upa plastike 8,Ndertim,,,,,ndertim,active
"KMH-35016 – Vida druri 3.5X16, (2000-cp)",Ndertim,Aksesorë Ndërtimi,,,,ndertim,active
KMH-30020 – Vida Druri 3.0X20 (2000 cp),Ndertim,Aksesorë Ndërtimi,,,,ndertim,active
VPF-4.2X19 – Vida Philips me maje punto 4.2×19,Ndertim,Aksesorë Ndërtimi,Philips,,,ndertim,active
BBA933-5X30 – Bullon i zinguar DIN 933 8.8 5×30,Ndertim,Aksesorë Ndërtimi,,,,ndertim,active
BBA933-5X25 – Bullon i zinguar DIN 933 8.8 5×25,Ndertim,Aksesorë Ndërtimi,,,,ndertim,active
"Vida druri 3.0X16, (2000-cp)",Ndertim,Aksesorë Ndërtimi,,,,ndertim,active
VPF-4.2X16 – Vida Philips me maje punto 4.2×16,Ndertim,Aksesorë Ndërtimi,Philips,,,ndertim,active
VPF-3.5X25 – Vida Philips me maje punto 3.5×25,Ndertim,Aksesorë Ndërtimi,Philips,,,ndertim,active
DIN127B-8 – Rondele e zinguar e care DIN 127B M8,Ndertim,,,,,ndertim,active
RB125A-8 – Rondele e zinguar 8,Ndertim,,,,,ndertim,active
DB934-6 – Dado e zinguar DIN 934 M6,Ndertim,,,,,ndertim,active
"KMH-30012 – Vida druri 3.0X12, (2000-cp)",Ndertim,Aksesorë Ndërtimi,,,,ndertim,active
VPF-4.2X13 – Vida Philips me maje punto 4.2×13,Ndertim,Aksesorë Ndërtimi,Philips,,,ndertim,active
VPF-3.5X19 – Vida Philips me maje punto 3.5×19,Ndertim,Aksesorë Ndërtimi,Philips,,,ndertim,active
DIN127B-6 – Rondele e zinguar e care DIN 127B M6,Ndertim,,,,,ndertim,active
RB125A-6 – Rondele e zinguar 6,Ndertim,,,,,ndertim,active
VPF-3.5X16 – Vida Philips me maje punto 3.5×16,Ndertim,Aksesorë Ndërtimi,Philips,,,ndertim,active
VPF-3.5X13 – Vida Philips me maje punto 3.5×13,Ndertim,Aksesorë Ndërtimi,Philips,,,ndertim,active
DB934-5 – Dado e zinguar DIN 934 M5,Ndertim,,,,,ndertim,active
UPA6 – Upa plastike 6,Ndertim,,,,,ndertim,active
RB125A-5 – Rondele e zinguar 5,Ndertim,,,,,ndertim,active
741332 – Skele Alumini STABILO 6.4 / 6.4 m,Ndertim,Aksesorë Ndërtimi,,,,ndertim,active
Skele Alumini CORDA5 / 5 m me dy elemente AB 916105 & 916112 – 916129,Ndertim,Aksesorë Ndërtimi,,,,ndertim,active
916341 – Skele Alumini CORDA 4 m per pesha deri ne 150 kg,Ndertim,Aksesorë Ndërtimi,,,,ndertim,active
"916198 – Skele e paloseshme CORDAWH 2,90 m",Ndertim,Aksesorë Ndërtimi,,,,ndertim,active
"916174 – Skele e vogel CORDA WH 3,00 m",Ndertim,Aksesorë Ndërtimi,,,,ndertim,active
85214 – Shkalle Alumini me kombinim dhe platforme CORDA 4×3,Ndertim,Aksesorë Ndërtimi,,,,ndertim,active
30429 – Shkalle Alumini me kombinim CORDA 3X11,Ndertim,Aksesorë Ndërtimi,,,,ndertim,active
FLE314 – Shkalle Alumini 3×14 10m,Ndertim,Aksesorë Ndërtimi,,,,ndertim,active
714169 – Set me rrota (4 cope) 125 mm CT,Ndertim,,,,,ndertim,active
FLE312 – Shkalle Alumini 3×12 8.5m,Ndertim,Aksesorë Ndërtimi,,,,ndertim,active
33376 – Shkalle Alumini me kombinim CORDA 3X7,Ndertim,Aksesorë Ndërtimi,,,,ndertim,active
030221 – Shkalle Alumini me kombinim CORDA 2X11,Ndertim,Aksesorë Ndërtimi,,,,ndertim,active
"Shkalle Alumini 3×10 6.74m, lartesia e punes 740cm",Ndertim,Aksesorë Ndërtimi,,,,ndertim,active
FLE214 – Shkalle Alumini 2×14 7.3m,Ndertim,Aksesorë Ndërtimi,3M,,,ndertim,active
120359 – Shkalle Alumini DOPPLO 2X6,Ndertim,Aksesorë Ndërtimi,,,,ndertim,active
Shkalle Alumini me kombinim CORDA 2X8,Ndertim,Aksesorë Ndërtimi,,,,ndertim,active
FLM405 – Shkalle Alumini dyshe multifunksionale 4×5,Ndertim,Aksesorë Ndërtimi,,,,ndertim,active
FLE212 – Shkalle Alumini 2×12 6.2m,Ndertim,Aksesorë Ndërtimi,,,,ndertim,active
FLM310 – Shkalle Alumini dyshe me mekanizem 2×10,Ndertim,Aksesorë Ndërtimi,,,,ndertim,active
FLM104 – Shkalle Alumini multifunksionale 4×4,Ndertim,Aksesorë Ndërtimi,,,,ndertim,active
"Shkalle Alumini Teleskopike me 8 shkelje, Kapaciteti 150Kg",Ndertim,Aksesorë Ndërtimi,,,,ndertim,active
"Shkalle Alumini 2×11 5.6m, lartesia e punes 650cm",Ndertim,Aksesorë Ndërtimi,,,,ndertim,active
WLD7H43 – Shkalle alumini me kombinim 4×3 (Kapaciteti 150 kg),Ndertim,Aksesorë Ndërtimi,,,,ndertim,active
FLM404 – Shkalle Alumini dyshe multifunksionale 4×4,Ndertim,Aksesorë Ndërtimi,,,,ndertim,active
FLM308 – Shkalle Alumini dyshe me mekanizem 2×8,Ndertim,Aksesorë Ndërtimi,,,,ndertim,active
FLM103 – Shkalle Alumini multifunksionale 4×3,Ndertim,Aksesorë Ndërtimi,,,,ndertim,active
Shkalle Alumini teleskopike 4×3,Ndertim,Aksesorë Ndërtimi,,,,ndertim,active
"Shkalle Alumini DOPPLO 2X4, lartesia e punes 240cm",Ndertim,Aksesorë Ndërtimi,,,,ndertim,active
30122 – Shkalle Alumini Teke CORDA 1X12,Ndertim,Aksesorë Ndërtimi,,,,ndertim,active
743 – Shkalle Profesionale Alumini CORDA 1X7,Ndertim,Aksesorë Ndërtimi,,,,ndertim,active
30115 – Shkalle Alumini Teke CORDA 1X11,Ndertim,Aksesorë Ndërtimi,,,,ndertim,active
WLD3H08 – Shkalle alumini familjare me platforme metalike 1×8 (Kapaciteti 120 kg),Ndertim,Aksesorë Ndërtimi,,,,ndertim,active
Shkalle alumini teke 1×13 lartesia e punes 466cm,Ndertim,Aksesorë Ndërtimi,,,,ndertim,active
"HLAD09061 – Shkalle metalike familjare me me 6 shkelje, 150kg",Ndertim,Aksesorë Ndërtimi,,,,ndertim,active
"Shkalle Alumini Teke CORDA 1X10 , lartesia e punes  375 cm, pesha mbajtese 150 KG",Ndertim,Aksesorë Ndërtimi,,,,ndertim,active
WLD3H07 – Shkalle alumini familjare me platforme metalike 1×7 (Kapaciteti 120 kg),Ndertim,Aksesorë Ndërtimi,,,,ndertim,active
WLD1H07 – Shkalle alumini familjare me perforcim metalik 1×7 (Kapaciteti 150 kg),Ndertim,Aksesorë Ndërtimi,,,,ndertim,active
"Shkalle Profesionale Alumini CORDA 1X6, lartesia e punes 320cm, pesha mbajtese 150KG",Ndertim,Aksesorë Ndërtimi,,,,ndertim,active
Shkalle Alumini DOPPLO 2X3,Ndertim,Aksesorë Ndërtimi,,,,ndertim,active
Shkalle Profesionale Alumini CORDA 1X5,Ndertim,Aksesorë Ndërtimi,,,,ndertim,active
"HLAD09051 – Shkalle metalike familjare me me 5 shkelje, 150kg",Ndertim,Aksesorë Ndërtimi,,,,ndertim,active
"Shkalle familjare alumini me 8 shkelje, latersia e punes 359cm",Ndertim,Aksesorë Ndërtimi,,,,ndertim,active
WLD3H06 – Shkalle alumini familjare me platforme metalike 1×6 (Kapaciteti 120 kg),Ndertim,Aksesorë Ndërtimi,,,,ndertim,active
WLD1H06 – Shkalle alumini familjare me perforcim metalik 1×6 (Kapaciteti 150 kg),Ndertim,Aksesorë Ndërtimi,,,,ndertim,active
10087 – Shkalle Alumini Teke CORDA 1X8,Ndertim,Aksesorë Ndërtimi,,,,ndertim,active
"FLH107 – Shkalle familjare alumini me 7 shkelje, gjatesi pune 339cm",Ndertim,Aksesorë Ndërtimi,,,,ndertim,active
WLD1H05 – Shkalle alumini familjare me perforcim metalik 1×5 (Kapaciteti 150 kg),Ndertim,Aksesorë Ndërtimi,,,,ndertim,active
"HLAD09041 – Shkalle metalike familjare me me 4 shkelje, 150kg",Ndertim,Aksesorë Ndërtimi,,,,ndertim,active
000705 – Shkalle Alumini CORDA 1X4,Ndertim,Aksesorë Ndërtimi,,,,ndertim,active
"FLH106 – Shkalle familjare alumini me 6 shkelje, gjatesi pune 319cm",Ndertim,Aksesorë Ndërtimi,,,,ndertim,active
WLD3H05 – Shkalle alumini familjare me platforme metalike 1×5 (Kapaciteti 120 kg),Ndertim,Aksesorë Ndërtimi,,,,ndertim,active
WLD1H04 – Shkalle alumini familjare me perforcim metalik 1×4 (Kapaciteti 150 kg),Ndertim,Aksesorë Ndërtimi,,,,ndertim,active
000712 – Shkalle Alumini CORDA 1X3,Ndertim,Aksesorë Ndërtimi,,,,ndertim,active
"FLH504 – Shkalle alumini Dopplo 4×4, gjatesi pune 297cm",Ndertim,Aksesorë Ndërtimi,,,,ndertim,active
"HLAD09031 – Shkalle metalike familjare me me 3 shkelje, 150kg",Ndertim,Aksesorë Ndërtimi,,,,ndertim,active
"FLH105 – Shkalle familjare alumini me 5 shkelje, gjatesi pune 299cm",Ndertim,Aksesorë Ndërtimi,,,,ndertim,active
Shkalle alumini familjare me platforme metalike 1×4 (Kapaciteti 120 kg),Ndertim,Aksesorë Ndërtimi,,,,ndertim,active
"FLH104 – Shkalle familjare alumini me 4 shkelje, gjatesi pune 279cm",Ndertim,Aksesorë Ndërtimi,,,,ndertim,active
Shkalle alumini familjare me platforme metalike 1×3 (Kapaciteti 120 kg),Ndertim,Aksesorë Ndërtimi,,,,ndertim,active
WLD1H03 – Shkalle alumini familjare me perforcim metalik 1×3 (Kapaciteti 150 kg),Ndertim,Aksesorë Ndërtimi,,,,ndertim,active
FLS203 – Shkalle familjare metalike me 3 shkelje (te kuqe),Ndertim,Aksesorë Ndërtimi,,,,ndertim,active
"FLH503 – Shkalle alumini Dopplo 3×3, gjatesi pune 273cm",Ndertim,Aksesorë Ndërtimi,,,,ndertim,active
"Shkalle familjare alumini me 3 shkelje, lartesia e punes 259cm",Ndertim,Aksesorë Ndërtimi,,,,ndertim,active
"Shkalle Metalike Familjare me 2 shkelje, 150kg",Ndertim,Aksesorë Ndërtimi,,,,ndertim,active
WLD3H02 – Shkalle alumini familjare me platforme metalike 1×2 (Kapaciteti 120 kg),Ndertim,Aksesorë Ndërtimi,,,,ndertim,active
"Shkalle familjare metalike me 2 shkelje (te kuqe), gjatesi pune 248cm – FLS202",Ndertim,Aksesorë Ndërtimi,,,,ndertim,active
"FLH502 – Shkalle alumini Dopplo 2×2 , gjatesi pune 249cm",Ndertim,Aksesorë Ndërtimi,,,,ndertim,active
Silikon universal I Bardhe 280ml,Ndertim,,,,,ndertim,active
1121530155 – Kompresor trefazor AB 500-998 TF+T 500 L /10 HP/ 400 V /50 HZ /10 Bar,Ndertim,,,,,ndertim,active
1121550864 – Kompresor trefazor AB 500/808 V 500 L /7.5 HP /400 V/ 50 HZ /10 Bar,Ndertim,,,,,ndertim,active
1121540607 – Kompresor trefazor AB 500-525 TF+T 500 L / 5.5 HP / 400 V/ 50 HZ/10 Bar,Ndertim,,,,,ndertim,active
"AC755001 – Kompresor trefazor me rrip 500 Lt, 5.5Kw / 7.5 HP)",Ndertim,,,,,ndertim,active
Kompresor monofaze AB 300-360 MC 270 L / 3HP,Ndertim,,,,,ndertim,active
1121480949 – Kompresor trefazor AB 300-360 MC 300 L /400 V/50 HZ /10 Bar,Ndertim,,,,,ndertim,active
FO500-5.5HP – Kompresor 500L / 5.5HP / 10BAR 380V / 50HZ – KTH2090,Ndertim,,,,,ndertim,active
1121480896 – Kompresor trefazor AB 200-360 TC 200 L /400 V/50 HZ,Ndertim,,,,,ndertim,active
"AC553001 – Kompresor trefazor me rrip 300 Lt, 4.1 Kw / 5.5 HP)",Ndertim,,,,,ndertim,active
1123020556 – Grup Kompresori AB 808 7.5 HP / 10 Bar,Ndertim,,,,,ndertim,active
4116026994 – Kompresor monofaze AB 200/360 MC / 200l / 3HP,Ndertim,,,,,ndertim,active
FO300-4HP – Kompresor 300L / 4HP / 10BAR 380V / 50HZ – KTH2080,Ndertim,,,,,ndertim,active
Kompresor monofaze AB 100/360 MC / 100L / 3HP,Ndertim,,,,,ndertim,active
"AC402001 – Kompresor Monofaze me rrip 200 Lt, 3.0 Kw / 4 HP)",Ndertim,,,,,ndertim,active
"Kompresor monofaze silencioz pa vaj me 4 motorra, 120L, 6.4HP, 8Bar",Ndertim,,,,,ndertim,active
FO200-4HP – Kompresor 200L / 4HP / 10BAR 380V / 50HZ – KTH2070,Ndertim,,,,,ndertim,active
1121430238 – Kompresor monofaze AB100-268 MC 100 L / 3 HP /230 V/50 HZ,Ndertim,,,,,ndertim,active
"Kompresor monofaze silencioz pa vaj me 3 motorra 80L, 4.8HP, 8Bar",Ndertim,,,,,ndertim,active
FO200 – Kompresor 200L/ 3HP/ 8Bar / 220V-50HZ-SG2055,Ndertim,,,,,ndertim,active
1123021005 – Grup Kompresori AB 525 / 5.5 HP,Ndertim,,,,,ndertim,active
FOV100 – Kompresor dopio piston V 100L/ 3HP /8Bar / 230V-50HZ-SGV9631-100L,Ndertim,,,,,ndertim,active
FO100 – Kompresor 100L/ 2HP /8Bar / 220V-50HZ-SGY2055ZB,Ndertim,,,,,ndertim,active
1123020504 – Grup Kompresori AB 415/515 4.0 HP/ 10 Bar,Ndertim,,,,,ndertim,active
"ACS2241001 – Kompresor monofaze me 2 motora silencioz pa vaj 100 Lt, 3.2 Hp, 8 Bar",Ndertim,,,,,ndertim,active
"Kompresor silencioz pa vaj me 2 motorra 100L, 3.2HP, 8Bar",Ndertim,,,,,ndertim,active
YT-09618 – Pistolete Dadicekesh 1” 4800Nm / 5000 rpm,Ndertim,,,,,ndertim,active
Kapese per gozhde pa koke deri ne 35mm + Gozhde pa koke AL 20/10.000 (AL20CLS),Ndertim,Aksesorë Ndërtimi,,,,ndertim,active
1127380068 – Elektromotor Trefazor 5.5 HP,Ndertim,,,,,ndertim,active
3GP-Z40 – Kapese pneumatike per maja Z 16-40mm,Ndertim,Aksesorë Ndërtimi,,,,ndertim,active
7XR-RK90 – Kapese me maja per gozhde RK deri ne 90 mm,Ndertim,Aksesorë Ndërtimi,,,,ndertim,active
070000001 – Pistolete dadicekesh 1/2 “,Ndertim,,,,,ndertim,active
"Pistolete Boje Profesionale HVLP Industriale 3 Bar, 1.4mm, 42 psi",Ndertim,,,,,ndertim,active
"ACS224501 – Kompresor monofaze silencioz pa vaj  50 Lt 3.2 Hp, 8 Bar",Ndertim,,,,,ndertim,active
AIW11222 – Pistolete Dadicekesh 1″ – 3100 Nm,Ndertim,,,,,ndertim,active
"Kompresor silencioz pa vaj me 2 motorra 40L, 3.2HP, 8Bar",Ndertim,,,,,ndertim,active
"YT-0960 – Pistolete Dadicekesh 1″ 2600Nm, 45mm, 4000rp/min",Ndertim,,,,,ndertim,active
1127380001 – Elektromotor Trefazor 3.0 HP,Ndertim,,,,,ndertim,active
1127380140 – Elektromotor Monofaze 3.0 HP,Ndertim,,,,,ndertim,active
1123021002 – Grup kompresori AB360 / 3.0 HP,Ndertim,,,,,ndertim,active
2P-ES40 – Kapese profi me ajer per maja ES 12-40mm,Ndertim,Aksesorë Ndërtimi,,,,ndertim,active
1123021001 – Grup Kompresori  AB268 / 2.0 HP,Ndertim,,,,,ndertim,active
2P-J/ES40 – Kapese Combi per gozhde J deri 40mm,Ndertim,Aksesorë Ndërtimi,,,,ndertim,active
2P-J50 – Kapese profi ajri per gozhde J 16-50mm,Ndertim,Aksesorë Ndërtimi,,,,ndertim,active
"Pistolete dadicekesh 1”, 2800 Nm",Ndertim,,,,,ndertim,active
"AGL02451 – Pompe graso me ajer 45 Lt, 6-8 Bar",Ndertim,,,,,ndertim,active
1129990384 – Kompresor monofaze STRATOS 50 L / 230 V/50 HZ,Ndertim,,,,,ndertim,active
"AGL02301 – Pompe graso me ajer, me depozite 30 Lt",Ndertim,,,,,ndertim,active
"Kompresor silencioz pa vaj 50L, 1.6HP, 8Bar – 2-1180AF50",Ndertim,,,,,ndertim,active
"Kompresor silencioz pa vaj 50Lt, Fuqia 1.2 Kw, 1.6 Hp",Ndertim,,,,,ndertim,active
1GP-A16 – Kapese profi me ajer per maja A 4-16mm,Ndertim,Aksesorë Ndërtimi,,,,ndertim,active
"ACS112501 – Kompresor monofaze silencioz pa vaj  50 Lt 1.6 Hp, 8 Bar",Ndertim,,,,,ndertim,active
YT-09564 – Pistolete Dadicekesh 3/4” 1300Nm / 5000Rpm,Ndertim,,,,,ndertim,active
1127380486 – Elektromotor Monofaze 2.0 HP,Ndertim,,,,,ndertim,active
"AC255016 – Kompresore Monofaze 50Lt, 1.8Kw, 2.5HP",Ndertim,,,,,ndertim,active
YT-09512 – Pistolete dadicekesh me qafe te shkurter 1/2” 678mm,Ndertim,,,,,ndertim,active
FOS50 – Kompresor silencioz pa vaj 50L/ 1HP/ 7Bar / 220V-50HZ-SGW750-50,Ndertim,,,,,ndertim,active
1127380343 – Elektromotor Trefazor 2.0 HP,Ndertim,,,,,ndertim,active
"AIW11223 – Pistolete Dadicekesh 1, 1800 Nm",Ndertim,,,,,ndertim,active
"AIW341302 – Pistolete Dadicekesh 3/4″, 1600 Nm",Ndertim,,,,,ndertim,active
FO50 – Kompresor 50L/2HP/ 8Bar /220V-50HZ-SGFL9138,Ndertim,,,,,ndertim,active
"ACS175241 – Kompresor Silencioz pa Vaj 24Lt, 0.8Hp, 8Bar",Ndertim,,,,,ndertim,active
"WAP3A50 – Kompresor 50Lt, Fuqia 1.8 Kw, 2.5 Hp",Ndertim,,,,,ndertim,active
YT-09513 – Pistolete Dadicekesh 1/2” 680mm/ 10000 rpm me qafe te shkurter,Ndertim,,,,,ndertim,active
"YT-24250 – Karrukull ajri profesionale 15m 3/8 , 9.5mm",Ndertim,,,,,ndertim,active
"Kompresor Silencioz pa Vaj 15Lt, 1.5Hp, 8Bar",Ndertim,,,,,ndertim,active
YT-36177 – Percinuese me ajer 4.0-6.4 / 0.7Mpa 12300N,Ndertim,,,,,ndertim,active
FOS24 – Kompresor silencioz pa vaj 24L/ 1HP/ 7Bar / 220V-50HZ-SGW750-24,Ndertim,,,,,ndertim,active
"Kompresor silencioz pa vaj 18L 1.2HP, 8Bar",Ndertim,,,,,ndertim,active
"AC202416 – Kompresore Monofaze 24Lt, 1.5Kw, 2.0HP",Ndertim,,,,,ndertim,active
YT-24246 – Karrikull ajri automatike me tub 12.5mm x 15m,Ndertim,,,,,ndertim,active
"ACS111062 – Kompresor silencioz pa vaj 6 Lt, 1.5 Hp, 8 Bar",Ndertim,,,,,ndertim,active
70279.07150.59 – Tub Ajri REFITTEX 80 bar 10 x 18 mm 50 m,Ndertim,,,,,ndertim,active
"Kompresor silencioz pa vaj 8L, 1.2HP, 8bar",Ndertim,,,,,ndertim,active
"Pistolete Dadicekesh 1/2″ 1700Nm, 7000Rpm",Ndertim,,,,,ndertim,active
2XR-ES40 – Kapese per maja ES deri ne 40mm,Ndertim,Aksesorë Ndërtimi,,,,ndertim,active
2XR-J50 – Kapese per gozhde J deri ne 50mm,Ndertim,Aksesorë Ndërtimi,,,,ndertim,active
FO24 – Kompresor 24L/ 2HP /8Bar / 220V-50HZ-SGFL9137,Ndertim,,,,,ndertim,active
YT-24245 – Karrikull ajri automatike me tub 9.5mm x 15m,Ndertim,,,,,ndertim,active
FRL2001/2 – Grup filter uji + regullator + oilator 1/2,Ndertim,,,,,ndertim,active
"41.389.60 – Pistolete dadicekesh pneumatike TC-PW 610, 1/2”  610 Nm",Ndertim,,,,,ndertim,active
"Kompresor silencioz pa vaj 15 Lt, 1.5 Hp, 8 Bar – TCS1110152",Ndertim,,,,,ndertim,active
41.380.05 – Karrukull ajri automatike 15m tub 9mm TC-PH 150,Ndertim,,,,,ndertim,active
92300.27050.07 – Tub Ajri gome ERGON 8 x 17 50m,Ndertim,,,,,ndertim,active
YT-09515 – Pistolete dadicekesh mini me ajer 1/2” 1200Nm,Ndertim,,,,,ndertim,active
"PA1210x12 – Tub rilsan polieilen PA12, 100m, 10X12mm",Ndertim,,,,,ndertim,active
"ASG1065 – Pistolete boje – LVMP me depozite plastike lart 600 ml, 1.3 mm",Ndertim,,,,,ndertim,active
"PA1208x10 – Tub rilsan polieilen PA12, 100m, 8X10mm",Ndertim,,,,,ndertim,active
Z40CNK – Maja te galvanizuara 40 mm per kapese 3GP-Z40,Ndertim,Aksesorë Ndërtimi,,,,ndertim,active
Z38CNK – Maja te galvanizuara 38 mm per kapese 3GP-Z40,Ndertim,Aksesorë Ndërtimi,,,,ndertim,active
Z35CNK – Maja te galvanizuara 35 mm per kapese 3GP-Z40,Ndertim,Aksesorë Ndërtimi,,,,ndertim,active
Z32CNK – Maja te galvanizuara 32 mm per kapese 3GP-Z40,Ndertim,Aksesorë Ndërtimi,,,,ndertim,active
Z30CNK – Maja te galvanizuara 30 mm per kapese 3GP-Z40,Ndertim,Aksesorë Ndërtimi,,,,ndertim,active
Z25CNK – Maja te galvanizuara 25 mm per kapese 3GP-Z40,Ndertim,Aksesorë Ndërtimi,,,,ndertim,active
Z16CNK – Maja te galvanizuara 16 mm per kapese 3GP-Z40,Ndertim,Aksesorë Ndërtimi,,,,ndertim,active
70603.03970.59 – Tub Gazi REFITTEX GAS + GPL 8 mm 70 m,Ndertim,,,,,ndertim,active
"Pistolete Dadicekesh 1/2″, force shtrengimi 610Nm + 3 koka kriketi 17,19,21mm",Ndertim,,,,,ndertim,active
FRL180 – Grup filter uji + regullator + oilator 1/4,Ndertim,,,,,ndertim,active
70280 – Percinuese me ajer 2.4-4.8,Ndertim,,,,,ndertim,active
1XR-A16 – Kapese per maja A deri 16 mm,Ndertim,Aksesorë Ndërtimi,,,,ndertim,active
"Pistolete boje M2 LVLP, 2.0mm, 3.5Bar, 50psi e zeze me depozite plastike lart 600ml – 898-M2-2.0",Ndertim,,,,,ndertim,active
"Pistolete boje M2 LVLP, 1.7mm, 3.5Bar, 50psi e zeze me depozite plastike lart 600ml – 898-M2-1.7",Ndertim,,,,,ndertim,active
"Pistolete boje M2 LVLP, 1.3mm, 3.5Bar, 50psi e zeze me depozite plastike lart 600ml – 898-M2-1.3",Ndertim,,3M,,,ndertim,active
"Pistolete boje M2 LVLP, 1.4mm, 3.5Bar, 50psi e zeze me depozite plastike lart 600ml – 898-M2-1.4",Ndertim,,,,,ndertim,active
APS1512 – Zmeriluese rrethore me ajer 150mm,Ndertim,,,,,ndertim,active
92300.24550.07 – Tub Ajri REFITTEX ERGON 6 x 14 mm 50 m,Ndertim,,,,,ndertim,active
70000.06950.59 – Tub Ajri REFITTEX Cristal 10 x 16 mm 50 m,Ndertim,,,,,ndertim,active
41.377.90 – Kapese pneumatike per maja dhe gozhde TC-PN 50 (maja 16/25/40 mm – gozhde 25/40 mm),Ndertim,Aksesorë Ndërtimi,,,,ndertim,active
ACN18641 – Pistolete me ajer per maja,Ndertim,,,,,ndertim,active
41.390.45 – Matrapik pneumatik 6.3Bar 1.2J me aksesore,Ndertim,,,,,ndertim,active
"Pistolete boje HVLP, 1.8mm,3Bar, 49psi, inox me depozite plastike lart 600ml",Ndertim,,,,,ndertim,active
"Pistolete boje HVLP, 1.4mm,3Bar, 49psi, inox me depozite plastike lart 600ml",Ndertim,,,,,ndertim,active
"Pistolete boje HVLP, 1.3mm,3Bar, 49psi, inox me depozite plastike lart 600ml – H-931-1.3",Ndertim,,3M,,,ndertim,active
"Karrukull ajri automatike 15M, 1/4 , 6.3mm, 300psi",Ndertim,,3M,,,ndertim,active
41.333.30 – Zmeriluese rrethore me ajer TC-PE me tampon 150 mm (+ 3 letra zmerilimi),Ndertim,,,,,ndertim,active
"WAT1512 – Pistolete dadicekesh 1/2”, 610 Nm",Ndertim,,,,,ndertim,active
FR2001/2 – Filter Uji per kompresor 1/2,Ndertim,,,,,ndertim,active
Tub Ajri REFITTEX Cristal 8 x 14 mm 50m,Ndertim,,,,,ndertim,active
"Tub ajri “TORNADO” 50m, 8x14mm, presioni 60 BAR",Ndertim,,,,,ndertim,active
"Percinuse me ajer 17mm per percina Φ2.4mm, 3.2mm,4mm,4.8mm – WAT6517",Ndertim,,,,,ndertim,active
"PA1208X08 – Tub rilsan polietileni 6 mm x 8 mm, 100 m, PA12",Ndertim,,,,,ndertim,active
"YT-09738 – Zmeriluese rrethore metalike me ajer 150mm , 12000Rpm",Ndertim,,,,,ndertim,active
70603.03950.59 – Tub Ajri REFITTEX GAS + GPL  8 mm 50 m,Ndertim,,,,,ndertim,active
"Pistolete boje LVLP, 1.8mm,2.5Bar, 36psi, inox me depozite plastike lart 600ml",Ndertim,,,,,ndertim,active
"Pistolete boje LVLP, 1.4mm,2.5Bar, 36psi, inox me depozite plastike lart 600ml",Ndertim,,,,,ndertim,active
"Pistolete boje HVLP, 1.3mm,2.5Bar, 36psi, inox me depozite plastike lart 600ml",Ndertim,,3M,,,ndertim,active
WAZ3515 – Karrukull ajri automatike 1/4″,Ndertim,,,,,ndertim,active
ABN15501 – Pistolete Gozhdesh per 15-50 mm,Ndertim,Aksesorë Ndërtimi,,,,ndertim,active
Pistolete grasatimi 500 CC,Ndertim,,,,,ndertim,active
"PA1204x06 – Tub rilsan polieilen PA12, 100m, 4x6mm",Ndertim,,,,,ndertim,active
YT-2357 – Pistolete boje ajri 0.8mm 100ml,Ndertim,,,,,ndertim,active
RPF188R – Reduktor presioni 1/2 me 2 dalje universale,Ndertim,,,,,ndertim,active
RPF188 – Reduktor presioni 1/2 me 2 dalje me rubinet,Ndertim,,,,,ndertim,active
L2001/2 – Lubrifikator,Ndertim,,,,,ndertim,active
FR180 – Filter Uji per kompresor 3/8,Ndertim,,,,,ndertim,active
70000.02250.59 – Tub Ajri REFITTEX Cristal 6 x 12 mm 50 m,Ndertim,,,,,ndertim,active
ACN50401 – Pistolete 2 NE 1 per maja U dhe gozhde 16-40 mm / 15-50 mm,Ndertim,Aksesorë Ndërtimi,,,,ndertim,active
ABM/A2 – Rakorderi e shpejte gjigande kapje 1/2 F,Ndertim,,,,,ndertim,active
ABM/2 – Rakorderi e shpejte gjigande kapje 1/2 M,Ndertim,,,,,ndertim,active
J19CNK – Gozhde J 19mm,Ndertim,Aksesorë Ndërtimi,,,,ndertim,active
SSA30/6 – Tub ajri spiral 30 M 6×8 pa rakorde,Ndertim,,,,,ndertim,active
"41.330.30 – Pistolete boje me depozite plastike lart 600mm, 1.4, 3-3.5 Bar",Ndertim,,,,,ndertim,active
"Pistolete boje LION-D 2.0mm, 4.5Bar, 64psi, gri e erret, depozite plastike poshte 1000ml – LIOND-2.0",Ndertim,,,,,ndertim,active
"Pistolete boje LION-D 1.7mm, 4.5Bar, 64psi, gri e erret, depozite plastike poshte 1000ml – LIOND-1.7",Ndertim,,,,,ndertim,active
ABM/A1 – Rakorderi e shpejte gjigande kapje 3/8 F,Ndertim,,,,,ndertim,active
ABM/1 – Rakorderi e shpejte gjigande kapje 3/8 M,Ndertim,,,,,ndertim,active
PRT4 – Presostat trefazor 4 dalje 1/4,Ndertim,,,,,ndertim,active
ARW121 – Doreze kriketi me ajer 1/2″,Ndertim,,,,,ndertim,active
YT-24208 – Tub spiral ajri 8x12x10M me kapje universale,Ndertim,,,,,ndertim,active
J13CNK – Gozhde J 13mm,Ndertim,Aksesorë Ndërtimi,3M,,,ndertim,active
"Pistolete boje Lion-2 HVLP, 2.5mm, 3.5Bar,50psi, gri e erret, depozite plastike lart 600ml – LION2-2.5",Ndertim,,,,,ndertim,active
"Pistolete boje Lion-2 HVLP, 2.0mm, 3.5Bar,50psi, gri e erret, depozite plastike lart 600ml",Ndertim,,,,,ndertim,active
"Pistolete boje Lion-2 HVLP, 1.7mm, 3.5Bar,50psi, gri e erret, depozite plastike lart 600ml",Ndertim,,,,,ndertim,active
"Pistolete boje Lion-2 HVLP, 1.4mm, 3.5Bar,50psi, gri e erret, depozite plastike lart 600ml",Ndertim,,,,,ndertim,active
"Pistolete boje Lion-2 HVLP, 1.3mm, 3.5Bar,50psi, gri e erret, depozite plastike lart 600ml",Ndertim,,3M,,,ndertim,active
"BAT6140 – Pistolete boje me depozite plastike lart 0.6Lt, 2.0mm",Ndertim,,,,,ndertim,active
"Pistolete boje me depozite plastike lart 0.6Lt, 1.8mm",Ndertim,,,,,ndertim,active
YT-24225 – Tub ajri universal PVC 10mm x 20M,Ndertim,,,,,ndertim,active
AL17CLS – Gozhde pa koke AL 17/20.000,Ndertim,Aksesorë Ndërtimi,,,,ndertim,active
AL15CLS – Gozhde pa koke AL 15/20.000,Ndertim,Aksesorë Ndërtimi,,,,ndertim,active
J16CNK – Gozhde J 16mm,Ndertim,Aksesorë Ndërtimi,,,,ndertim,active
RPF187R – Reduktor presioni 3/8 me 2 dalje universale,Ndertim,,,,,ndertim,active
RPF187 – Reduktor presioni 3/8 me 2 dalje me rubinet,Ndertim,,,,,ndertim,active
PRT1 – Presostat trefazor 1 dalje 1/4,Ndertim,,,,,ndertim,active
L180 – Lubrifikator vaji me mikrosprucim kapaciteti gotes 40ML,Ndertim,,,,,ndertim,active
AKT0051 – Kit Ajri 5 cope (Pistolet boje me depozite poshte),Ndertim,,,,,ndertim,active
"Pistolete boje LION-D 1.4mm, 4.5Bar, 64psi, gri e erret, depozite plastike poshte 1000ml – LIOND-1.4",Ndertim,,,,,ndertim,active
Filter + rregullator + lubrificator kompresori 800lt/min 0-150psi  G3/8”,Ndertim,,,,,ndertim,active
Filter + rregullator + lubrificator kompresori 800lt/min 0-150psi  G1/4”,Ndertim,,,,,ndertim,active
Filter + rregullator + lubrificator kompresori 800lt/min 0-150psi  G1/2”,Ndertim,,,,,ndertim,active
"Pistolete boje HVLP, 2.5mm,3Bar, 29psi, e kuqe me depozite plastike lart 600ml",Ndertim,,,,,ndertim,active
"Pistolete boje HVLP, 2.0mm,3Bar, 29psi, e kuqe me depozite plastike lart 600ml",Ndertim,,,,,ndertim,active
"Pistolete boje HVLP, 1.8mm,3Bar, 29psi, e kuqe me depozite plastike lart 600ml",Ndertim,,,,,ndertim,active
"Pistolete boje HVLP, 1.7mm,3Bar, 29psi, e kuqe me depozite plastike lart 600ml",Ndertim,,,,,ndertim,active
Pistolete grasatimi me ajer 400cc,Ndertim,,,,,ndertim,active
"Pistolete Pneumatike per maja U 4-16mm, kapaciteti 180 maja + 1000 maja",Ndertim,,,,,ndertim,active
YT-23702 – Pistolete per fryrje gomash digitale 0.8MPa,Ndertim,,,,,ndertim,active
"Barbekju me gaz dhe 3 vatra 17.1 KW, me zgare anesore",Ndertim,,,,,ndertim,active
"Zgare me Gas 11.6 Kw, lartesia 82 cm – KMGS006B",Ndertim,,,,,ndertim,active
"BSP1166 – Karrige lekundese per verande me strukture metali dhe jastek, 95x95x196cm, kapacitet 130kg",Ndertim,,,,,ndertim,active
"Barbekju me gaz dhe 3 vatra 10.8 KW, pa zgare anesore",Ndertim,,,,,ndertim,active
"23.520.40 – Pastruese dyshemeje me bateri 18V furca 610mm, depozita 20L (vetem trup)",Ndertim,,,,,ndertim,active
BBQ2000 – Barbekju me gas 7.2Kw me kapak dhe rrota,Ndertim,,,,,ndertim,active
KMCC008B – Zgar me qymyr,Ndertim,,,,,ndertim,active
"BSP1168 – Set me 2 karrige teke, tavoline dhe 1 karrige dyshe per verande",Ndertim,,,,,ndertim,active
"Bolier Dushi Vertikal 1500W, kapaciteti 100 Lt",Ndertim,,,,,ndertim,active
"SN3050 – Pani rrjete hije, 125Gsm 90%, 3x50m",Ndertim,,,,,ndertim,active
KMGS005B – Zgare me gaz 5.5KW,Ndertim,,,,,ndertim,active
"KEWH009W – Bolier Dushi 1500 W, tensioni 220-240V, 80L",Ndertim,,,,,ndertim,active
"BSP1156 – Tavoline plastike me xham te zi verande, me strukture alumini 150x90x72cm",Ndertim,,,,,ndertim,active
"Fshese robotike (Gyroscope style), presioni 1300Pa, koha e karikimit 90 min",Ndertim,,,,,ndertim,active
"KEWH008W – Bolier Dushi 1500 W, tensioni 220-240V, 50L",Ndertim,,,,,ndertim,active
"BBQ1170 – Barbekju me qymyr, raft dhe rrota 76 x 40 cm",Ndertim,,,,,ndertim,active
"Ngrohes uji per kuzhine (Bolier) 1500 W, depozita 30 Lt me temperature deri ne 75°C",Ndertim,,Grohe,,,ndertim,active
Dollap plastik me 4 ndarje 171 x 68 x 38 cm,Ndertim,,,,,ndertim,active
Lekundese per 3 persona me strukture metalike 170X110X153cm,Ndertim,,,,,ndertim,active
"BSP1140 – Tavoline xhami per verande, me strukture metalike  150x90x72cm",Ndertim,,,,,ndertim,active
"SN2050 – Pani rrjete hije, 125Gsm 90%, 2x50m",Ndertim,,,,,ndertim,active
"Mikrovale 1150W, kapaciteti 20Lt",Ndertim,,,,,ndertim,active
TC-SPD2000 – Ngrohes elektrik (kondicioner) me programim 2000 W 10 – 49 C,Ndertim,,Grohe,,,ndertim,active
"Ngrohes uji per kuzhine (Bolier) 1500 W, depozita 15 Lt me temperature deri ne 75°C",Ndertim,,Grohe,,,ndertim,active
"SN1550 – Pani rjete hije, 125Gsm 90%, 1,5x50m",Ndertim,,,,,ndertim,active
"KEWH003W – Ngrohes uji elektrik 7000 W, koha e ngrohjes 3-5 sec",Ndertim,,Grohe,,,ndertim,active
"BTW3500 – Bolier kuzhine/banjo, me ekran dixhital LED, 6Kw, IPX4, I bardhe",Ndertim,,,,,ndertim,active
"ESF5002 – Kasaforte dixhitale 52 Lt, 50*35*33cm",Ndertim,,,,,ndertim,active
Kalorifer me vaj me 3 nivele gradimi me 7 flete 1500 W,Ndertim,,,,,ndertim,active
Dollap plastik me 3 ndarje 171 x 68 x 38 cm,Ndertim,,,,,ndertim,active
Cader anesore per kopesht 3m me bazament 48 mm me cikrik,Ndertim,,3M,,,ndertim,active
Kasaforte dixhitale 43 x 38 x 20 cm,Ndertim,,,,,ndertim,active
"VC20258 – Fshese korenti pa filter me sistem cikloni, 2000 Watt",Ndertim,,,,,ndertim,active
"Fshese me bateri 20V/2.0 Ah dhe sistem cikloni, depozite 0.8 Lt",Ndertim,,,,,ndertim,active
"BFN5610 – Kondicioner 80 W / me rrota dhe telekomande, 300m3/h",Ndertim,,,,,ndertim,active
"Fshese Robotike Random Style me karikim automatik, ore pune 50-70min",Ndertim,,,,,ndertim,active
Kit Pastrimi me 2 fshesa me 2 bateri  20V/2.0Ah,Ndertim,,,,,ndertim,active
"Fshese me bateri 22.2 V, Presion ≥10 kPa, depozita 0.8 Lt",Ndertim,,,,,ndertim,active
"Mikser 600 W me ene inoxi 5 Lt, me 7 nivele shpejtesie",Ndertim,Çimento & Llaç,,,,ndertim,active
"KEEN017W – Pastruese me avull 1800 W, presioni 5 Bar me 15 aksesore",Ndertim,,,,,ndertim,active
"ESF3502 – Kasaforte dixhitale 27 Lt, 20*43*35cm",Ndertim,,,,,ndertim,active
Raft I galvanizuar 120x50x200cm,Ndertim,,,,,ndertim,active
"WVR6520 – Fshese korenti 1600W, me kontroll shpejtesie, depozite1.8Lt me filter Hepa",Ndertim,,,,,ndertim,active
"Mekanizem hidraulik per dyer paniku 40-80KG, krah 850-1100mm, me shtejtesi mbyllje te rregullueshme",Ndertim,Dyer & Dritare,,,,ndertim,active
BDA2020 – Rrjete teli e galvanizuar me saldim hapesira 1/2″x1/2″” 25m,Ndertim,,,,,ndertim,active
BPN1305 – Shtrese per tapete bari 2x50m 90gsm,Ndertim,,,,,ndertim,active
BPC4000 – Dollap plastik me 1 ndarje 92Χ68Χ38cm,Ndertim,,,,,ndertim,active
"KEJB056R – Set blenderi  me bateri 5 ne 1 16V , 100W",Ndertim,,,,,ndertim,active
"KEEN006B – Hekur me kaldaje 2250 W, me pllake qeramike, depozite uji 1.1 Lt, Avull 40g/min",Ndertim,Hekur Betoni,,,,ndertim,active
BPN1202 – Rrjete dekorative me gjethe me baze druri ”UCINDUM” 2x1m,Ndertim,,,,,ndertim,active
"KEMG027R – Perpunues ushqimi me bateri 250W , 16V",Ndertim,,,,,ndertim,active
"KEMX023R – Mikser me bateri 16V , 100W",Ndertim,Çimento & Llaç,,,,ndertim,active
"Barbekju me qymyr, raft dhe rrota 50 x 26 cm",Ndertim,,,,,ndertim,active
"BFN9015 – Ventilator tavoline inoxi 90W, diameter 45cm",Ndertim,,,,,ndertim,active
Shtrydhese agrumesh profesionale,Ndertim,Rrjetë Metalike,,,,ndertim,active
BDA2025 – Rrjete teli e galvanizuar me saldim hapesira 3/4″x3/4″ 25m,Ndertim,,,,,ndertim,active
"ESF2502 – Kasaforte dixhitale 19 Lt, 25*35*25cm",Ndertim,,,,,ndertim,active
"BFN4015 – Freskuese e bardhe me shume helika 45W,me telekomande, 120cm",Ndertim,,,,,ndertim,active
Toster 2000w pjata 30x24cm,Ndertim,,,,,ndertim,active
Cader per kopesht pa bazament 3 m,Ndertim,,,,,ndertim,active
"Kokore biciklete me Led/ M” 54-58cm me ventilim dhe kundra insekteve, e zeze",Ndertim,,,,,ndertim,active
"Kokore biciklete me Led / L” 58-61cm me ventilim dhe kundra insekteve, e zeze",Ndertim,,,,,ndertim,active
"Kokore biciklete me Led / L” 58-61cm me ventilim dhe kundra insekteve, e bardhe",Ndertim,,,,,ndertim,active
"Kokore biciklete me Led / M” 54-58cm me ventilim dhe kundra insekteve, e bardhe",Ndertim,,,,,ndertim,active
"Fshese korenti 1200W, me kapacitet qese pluhuri 2Lt, me 4 m kabell",Ndertim,,,,,ndertim,active
BSP1150 – Set tavoline dhe 4 karrike alumini portative,Ndertim,,,,,ndertim,active
"BFN8115 – Ventilator industrial 80W, 50cm me 3 helika dhe 3 nivele shpejtesie",Ndertim,,,,,ndertim,active
"CMPV003W – Fshese portative me bateri 11.1 V, motor pa karboncina me 2 koka perfshire dhe karikues me fishe Usb",Ndertim,,,,,ndertim,active
"KMMG005B – Perpunues ushqimesh me bateri 11.1V, me 3 funksione dhe tehe inoxi",Ndertim,Rrjetë Metalike,,,,ndertim,active
"KEER041M – Tenxhere presioni Multi Cooker  900W, me 9 funksione dhe kapacitet 5 Lt",Ndertim,,,,,ndertim,active
"KMMX006B – Mikser me bateri 11.1V, me 7 nivele shpejtesie dhe 5 aksesore",Ndertim,Çimento & Llaç,,,,ndertim,active
"CMPV003B – Fshese portative me bateri 11.1 V, motor pa karboncina me 2 koka perfshire dhe karikues me fishe Usb",Ndertim,,,,,ndertim,active
Kasaforte dixhitale 31 x 20 x 20 cm,Ndertim,,,,,ndertim,active
"BSP1160 – Tavoline xhami me palosje e rrumbullaket, ngjyre gri Φ60x72cm",Ndertim,,,,,ndertim,active
Raft I galvanizuar 90x40x180cm,Ndertim,,,,,ndertim,active
Kosh Mbeturinash CityBac® klasik 120L i kaltërt,Ndertim,,,,,ndertim,active
Kokore biciklete Pro Led per femije/ M” 50-55cm me ventilim/ Blu Sharky,Ndertim,,,,,ndertim,active
Kokore biciklete Pro Led per femije/ S” 45-50cm me ventilim/ Blu Sharky,Ndertim,,,,,ndertim,active
Dryn qepeni bronzi 722/90 S6/ 61mm me 2 celsa,Ndertim,,,,,ndertim,active
KEMG021B – Grirese mishi 600 W me kapacitet 1.5 kg/min,Ndertim,,,,,ndertim,active
99585 – Zgare BBQ me rrota dhe raft fundor 82x33x85 cm,Ndertim,,,,,ndertim,active
EIN-G – Vrases mushkonjash me stativ per ambiente te brendshme dhe te jashtme,Ndertim,,,,,ndertim,active
"Kavo sigurie biciklete forme U/ 230mm, S3 me 2 celsa, e zeze",Ndertim,,,,,ndertim,active
"Friteze 2000W, me kapacitet 3Lt",Ndertim,,,,,ndertim,active
"KEWH002W – Ngrohes uji elektrik 5500 W, koha e ngrohjes 3-5 sec, temperature 20-55°C",Ndertim,,Grohe,,,ndertim,active
"Kasaforte Dixhitale 11 Lt, 20x31x20cm",Ndertim,,,,,ndertim,active
"KMJB024B – Set blender me bateri 11.1V 4 Ne 1, me 2 nivele shpejtesie dhe 4 funksione",Ndertim,,,,,ndertim,active
104998 – Zgare portative me bombel te vogel gazi 34×25 cm,Ndertim,,,,,ndertim,active
Kasaforte dixhitale 23 x 17 x 17 cm,Ndertim,,,,,ndertim,active
CFALI2002 – Vertilator me bateri 20V (vetem trup) me 2 shpejtesi frytje,Ndertim,,,,,ndertim,active
"Zinxhir sigurie biciklete/motorciklete 110cm S2, 6mm me 2 celsa, I zi",Ndertim,,,,,ndertim,active
"Mekanizem hidraulik per dyer 40-65KG, krah 850-950mm, me shtejtesi mbyllje te rregullueshme",Ndertim,Dyer & Dritare,,,,ndertim,active
"Pastruese xhamash me bateri 18V, Brillianto set, 100ml pa karboncina (vetem trup)",Ndertim,,,,,ndertim,active
"KMJB022L – Blender me bateri 7.4V, me me 4 tehe inoxi dhe ene plastike",Ndertim,,,,,ndertim,active
KMJB042L – Set blenderi  me bateri 5 ne 1 7.4V,Ndertim,,,,,ndertim,active
"KEEC072W – Pjekese halogjene 1400W, me kapacitet 12Lt",Ndertim,,,,,ndertim,active
99580 – Zgare BBQ me rrota dhe kapak 47x47x73 cm,Ndertim,,,,,ndertim,active
Zgare portative me gaz 1.9 kW,Ndertim,,,,,ndertim,active
Raft I galvanizuar 90x40x190 cm,Ndertim,,,,,ndertim,active
Ventilator me stativ 40 Watt me 5 helika dhe programues,Ndertim,,,,,ndertim,active
Kosh Mbeturinash CityBac klasik 80L jeshil (119819),Ndertim,,,,,ndertim,active
"Barbekju me qymyr me rrota, tavoline dhe mbledhese Ø47 cm",Ndertim,,,,,ndertim,active
"BTW9050 – Kosh mbeturinash inoxi 30L,  29x65cm",Ndertim,,,,,ndertim,active
68173 – Ngrohes uji elektrik me xham 1.7 LAUNTOP 1850-2200 W,Ndertim,,Grohe,,,ndertim,active
"KEJB045L – Blender elektrik 650 W me 2 nivele shpejtesie, me tehe inoxi dhe ene plastike",Ndertim,,,,,ndertim,active
"KEWH001W – Ngrohes uji elektrik 3400 W, koha e ngrohjes 3-5 sec, prurja 3.5 L/Min",Ndertim,,Grohe,,,ndertim,active
Set kuzhine 11 cope me tenxhere/tigane + aksesore,Ndertim,,,,,ndertim,active
"Fshese portative 2 Ne 1, 600 W, kapaciteti 0.6 L, vakumi 13 kpa",Ndertim,,,,,ndertim,active
"KECF015W – Shkumues qumeshti 500 W, kapaciteti 210 Ml",Ndertim,Rrjetë Metalike,,,,ndertim,active
Mini ngrohese me pllake qeramike me dy nivele dhe mbrojtje termike 1500 W,Ndertim,,Grohe,,,ndertim,active
Mbajtese muri per TV 26-55 me profil 60 – 475 mm,Ndertim,Aksesorë Ndërtimi,,,,ndertim,active
KMGS013M – Furnelle gazi me 2 vatra 3.2+3.2KW,Ndertim,,3M,,,ndertim,active
"BSP1130 – Karrige per verande ngjyre gri, 55x78x91cm",Ndertim,,,,,ndertim,active
"Fishek brave Nikel KD6N 90mm 40/50, leve nga 1 ane, 6 kunja sigurie, 3celsa, sistem anti shpim",Ndertim,Aksesorë Ndërtimi,,,,ndertim,active
KEJC008B – Shtrydhese frutash dhe perimesh 160 W me trup inoxi,Ndertim,Rrjetë Metalike,,,,ndertim,active
Copezuesh ushqimesh 400 W me ene plastike 1.5 lt,Ndertim,Rrjetë Metalike,,,,ndertim,active
Kokore biciklete per femije/ S” 50-55cm me ventilim dhe kundra insekteve/ Lule roze,Ndertim,,,,,ndertim,active
Kokore biciklete per femije/ M” 50-55cm me ventilim dhe kundra insekteve/ Lule roze,Ndertim,,,,,ndertim,active
Kokore biciklete per femije/ S” 50-55cm me ventilim dhe kundra insekteve/ Blu oqean,Ndertim,,,,,ndertim,active
Kokore biciklete per femije/ M” 50-55cm me ventilim dhe kundra insekteve/ Blu oqean,Ndertim,,,,,ndertim,active
"BTW9044 – Raft metali me 3 kate, per lavatrice, I bardhe, 68x25x166cm",Ndertim,,,,,ndertim,active
KEEV007B – Furre elektrike 650W,Ndertim,,,,,ndertim,active
"WTS1A73 – Raft mbajtes me 5 sergjena MDF 1500x700x300mm, (175kg kapaciteti per cdo sergjen)",Ndertim,,,,,ndertim,active
BPN1200 – Rrjete dekorative me gjethe 3*1m,Ndertim,,,,,ndertim,active
Dryn zinku Silver Rock 5/50 Nano protect 55mm (6 cope),Ndertim,,,,,ndertim,active
"KEFC008B – Ventilator 3 ne 1, 60W/18” me 5 helika plastike dhe 3 nivele shpejtesie",Ndertim,,,,,ndertim,active
Tenxhere presioni alumini me kapacitet 5.5 Lt,Ndertim,,,,,ndertim,active
"Fishek brave Nikel KD6N 80mm 40/40, leve nga 1 ane, 6 kunja sigurie, 3celsa, sistem anti shpim",Ndertim,Aksesorë Ndërtimi,,,,ndertim,active
Dryn qepeni bronzi 722/70 S5/ 50mm me 2 celsa,Ndertim,,,,,ndertim,active
"Fishek brave Nikel KD6N 60mm 30/30, leve nga 1 ane, 6 kunja sigurie, 3celsa, sistem anti shpim",Ndertim,Aksesorë Ndërtimi,,,,ndertim,active
"Fishek brave Nikel D6 110mm 50/60, 6 kunja sigurie, 5 celsa. Sistem anti shpim",Ndertim,,,,,ndertim,active
"Fishek brave Nikel D6 90mm 40/50, 6 kunja sigurie, 5 celsa. Sistem anti shpim",Ndertim,,,,,ndertim,active
"Fishek brave Nikel D6 100mm 50/50, 6 kunja sigurie, 5 celsa. Sistem anti shpim (10 cope)",Ndertim,,,,,ndertim,active
"Fishek brave Nikel D6 100mm 40/60, 6 kunja sigurie, 5 celsa. Sistem anti shpim",Ndertim,,,,,ndertim,active
"Fishek brave Nikel D6 90mm 30/60, 6 kunja sigurie, 5 celsa. Sistem anti shpim",Ndertim,,,,,ndertim,active
Set me 3 drynaTitalium T26TI/40 S3/ 60.5mm & 3 celsa,Ndertim,,,,,ndertim,active
"Dryn qepeni 82TI Monobloc Titalium S7/ 70mm Blister, kyrcje automatike",Ndertim,,,,,ndertim,active
"BSR1600 – Raft metalik me 4 kate, L70xW30xH150cm, kapacitet 50KG/kat",Ndertim,,,,,ndertim,active
"53-530 – Pistolete ujitje koke dushi ERGO me 4 sprucime dhe rakoderi 1/2”, 3/4”, 1”",Ndertim,,,,,ndertim,active
BSP1164 – Karrige metali gri e palosshme per ambjente te jashtme 52x43x80cm,Ndertim,,,,,ndertim,active
KEFC009B – Ventilator 60W/18” me 5 helika plastike dhe 3 nivele shpejtesie,Ndertim,,,,,ndertim,active
BFN2025 – Ventilator tavoline 40 W I bardhe me 3 helika dhe 3 nievele shpejtesie,Ndertim,,,,,ndertim,active
Ngrohes me dy nivele ventilimi mini horizontal 2000 W,Ndertim,,Grohe,,,ndertim,active
Dryn bronzi Marine 717IB45 HB63 112mm i gjate kundra ujit 2 celsa,Ndertim,,,,,ndertim,active
Dryn bronzi 719/60 S5/ 82.5mm me 2 celsa,Ndertim,,,,,ndertim,active
Dryn bronzi me 4 kode sigurie S3/ 90mm,Ndertim,,,,,ndertim,active
KMJB047R – Blender dore me bateri 100W,Ndertim,,,,,ndertim,active
KEEC051B – Tave elektrike 1500W,Ndertim,,,,,ndertim,active
KEEN001W – Hekur me pllake telfoni 2000 – 2400W,Ndertim,Hekur Betoni,,,,ndertim,active
"Fishek brave Nikel D6 80mm 30/40, 6 kunja sigurie, 5 celsa. Sistem anti shpim",Ndertim,,,,,ndertim,active
KETS011B – Thekese buke 1400 W me 4 ane,Ndertim,,,,,ndertim,active
"KEEC052B – Tave elektrike per pica 1500 W, 320×300 mm",Ndertim,,,,,ndertim,active
"Zinxhir sigurie biciklete/motorciklete 110cm S6, 6mm me dryn, I zi",Ndertim,,,,,ndertim,active
Dryn bronzi Marine 717IB45 68mm kundra ujit me 2 celsa,Ndertim,,,,,ndertim,active
"Blender elektrik 400 W me 2 nivele shpejtesie, me tehe inoxi dhe ene plastike",Ndertim,,,,,ndertim,active
"KECF030B – Beres kafeje Tuke 500 W, kapaciteti 250 ml (1-4 filxhan)",Ndertim,,,,,ndertim,active
"Fishek brave Nikel KD45N 80mm Z40/K40/ leve nga 1 ane/ 5 kunja, sistem anti shpim/ blister",Ndertim,Aksesorë Ndërtimi,,,,ndertim,active
"Fishek brave Nikel KD45N 80mm Z30/K40/ leve nga 1 ane/ 5 kunja, sistem anti shpim/ blister",Ndertim,Aksesorë Ndërtimi,,,,ndertim,active
Dryn zinku Silver Rock 5/50 Nano protect 50mm,Ndertim,,,,,ndertim,active
"Fishek brave Nikel D6 60mm 30/30, 6 kunja sigurie, 5 celsa. Sistem anti shpim",Ndertim,,,,,ndertim,active
"BDS2000 – Kuti celsash murale me kombinim, 8,7x4x12,2cm",Ndertim,,,,,ndertim,active
KEHS011W – Tharese flokesh 2200W me 2 nivele shpejtesie dhe 3 nivele nxehtesie + koke difuzori,Ndertim,,,,,ndertim,active
"Fishek brave Nikel D45N 110mm 50/60 5kunja/ 3 celsa, sistem anti shpim/ blister",Ndertim,,,,,ndertim,active
53-340 – Pistolete ujitje koke dushi me 4 sprucime ERGO,Ndertim,,,,,ndertim,active
1059KIT Ngrohes ushqimesh mini,Ndertim,Rrjetë Metalike,Grohe,,,ndertim,active
Kuti celesash murale me kombinim 120x85x40mm (per 5 celesa,Ndertim,,,,,ndertim,active
"Fishek brave Nikel KD45N 70mm Z30/K40/ leve nga 1 ane/ 5 kunja, sistem anti shpim/ blister",Ndertim,Aksesorë Ndërtimi,,,,ndertim,active
"Fishek brave Nikel D45N 100mm 50/50 5kunja/ 3 celsa, sistem anti shpim/ blister",Ndertim,,,,,ndertim,active
"Fishek brave Nikel D45N 100mm 40/60 5kunja/ 3 celsa, sistem anti shpim/ blister",Ndertim,,,,,ndertim,active
DBBPL0902 – Dryne Bronxi 90 mm,Ndertim,,,,,ndertim,active
WXXX3502 – Kuti postare e zeze 36x32x10cm,Ndertim,,,,,ndertim,active
"Fishek brave Nikel KD45N 60mm Z30/K30/ leve nga 1 ane/ 5 kunja, sistem anti shpim/ blister",Ndertim,Aksesorë Ndërtimi,,,,ndertim,active
"Fishek brave Nikel KD45N 64mm Z28/K36/ leve nga 1 ane/ 5 kunja, sistem anti shpim/ blister",Ndertim,Aksesorë Ndërtimi,,,,ndertim,active
BPN1216 – Kompozim foliage dekorativ  jeshil “LIGUSTRO” 60x40cm,Ndertim,,,,,ndertim,active
BPN1214 – Kompozim foliage dekorativ me lule lejla 60x40cm,Ndertim,,,,,ndertim,active
BPN1210 – Kompozim foliage dekorativ GREENERY 60x40cm,Ndertim,,,,,ndertim,active
BPN1212 – Kompozim foliage dekorativ me lule te bardha “RYGHOSPERMO’ 60x40cm,Ndertim,,,,,ndertim,active
"Fishek brave Nikel D45N 90mm 40/50 5kunja/ 3 celsa, sistem anti shpim/ blister",Ndertim,,,,,ndertim,active
KEMG011B – Copezuesh ushqimesh 300 W me ene plastike 2 lt,Ndertim,Rrjetë Metalike,,,,ndertim,active
Furnelle elektrike me 2 vatra 1000+1000W me 5 nivele nxehtesie,Ndertim,,,,,ndertim,active
"Fishek brave Nikel D45N 80mm 40/40 5kunja/ 3 celsa, sistem anti shpim/ blister",Ndertim,,,,,ndertim,active
"Fishek brave Nikel D45N 80mm 30/50 5kunja/ 3 celsa, sistem anti shpim/ blister",Ndertim,,,,,ndertim,active
Dryn zinku Silver Rock 5/45 Nano protect 45mm,Ndertim,,,,,ndertim,active
Set me 2 dryna Titalium T26TI/40 S3/ 60.5mm & 2 celsa,Ndertim,,,,,ndertim,active
Dryn bronzi 719/50 S4/ 67.8mm me 2 celsa,Ndertim,,,,,ndertim,active
KEHS032L – Tharese flokesh 2200W me 2 nivele shpejtesie dhe 3 nivele nxehtesie + koke difuzori,Ndertim,,,,,ndertim,active
"KMMG008B – Copezues ushqimesh mini me bateri 3.7V, ene 300 ml me 3 tehe inoxi dhe karikues me fishe Usb (rekoma",Ndertim,Rrjetë Metalike,,,,ndertim,active
"KMMX019G – Mikser dore me bateri 3.7 W, me 3 nivele shpejtesie, depozite plastike 0.3L dhe karikues me fishe Us",Ndertim,Çimento & Llaç,,,,ndertim,active
"KEKT004W – Ngrohes uji elektrike 2200 W, depozite 1.7 Lt me depozite inoxi",Ndertim,,Grohe,,,ndertim,active
KEFH001B – Ngrohes me Quartz 1200 W me 3 nivele nxehtesie 400/800/1200 W me permase 320*260*460mm,Ndertim,,Grohe,,,ndertim,active
"KEEG003W – Zjeres vezesh 350 W, kapaciteti 7 veze",Ndertim,,,,,ndertim,active
"Toster 650 W, me pllake kunder ngjitjes 142 x 142 mm",Ndertim,,,,,ndertim,active
"KECF001B – Kafe filter 750 W me depozite 1.25L, 10 filxhane",Ndertim,,,,,ndertim,active
Mbajtese muri per TV 13-42 me profil 40 – 375 mm,Ndertim,Aksesorë Ndërtimi,,,,ndertim,active
DBBPL0802 – Dryne Bronxi 80 mm,Ndertim,,,,,ndertim,active
"Mbajtese muri per TV 26-55 me profil 49 mm, kapacitet mbajtje 45Kg",Ndertim,Aksesorë Ndërtimi,,,,ndertim,active
Dryn bronzi 50mm me kombinim,Ndertim,,,,,ndertim,active
Dryn bronzi me 3 kode sigurie S2/ 65mm,Ndertim,,,,,ndertim,active
Ngrohese elektrike 2000W me 2 nivele nxehtesie,Ndertim,,Grohe,,,ndertim,active
78432 – Kuti celesash metalike  e bardhe 200x160x78mm,Ndertim,,,,,ndertim,active
"Fishek brave Nikel D45N 70mm 35/35 5kunja/ 3 celsa, sistem anti shpim/ blister",Ndertim,,,,,ndertim,active
"Fishek brave Nikel D45N 70mm 30/40 5kunja/ 3 celsa, sistem anti shpim/ blister",Ndertim,,,,,ndertim,active
KMEP009B – Tenxhere 24x11Cm,Ndertim,,,,,ndertim,active
BLK1016 – Dryn bronzi I gjate me 3 celsa 60mm,Ndertim,,,,,ndertim,active
Ngrohes 2000 W me 3 nivele temperature dhe mbrojtes nga mbinxehja,Ndertim,,Grohe,,,ndertim,active
"Fishek brave Nikel D45N 60mm 30/30 5kunja/ 3 celsa, sistem anti shpim/ blister",Ndertim,,,,,ndertim,active
Kuti postare e zeze 360x260x80mm,Ndertim,,,,,ndertim,active
KEMX001W – Mikser dore 200 W me 6 nivele shpejtesie me turbo,Ndertim,Çimento & Llaç,,,,ndertim,active
BBQ1008 – Rregullator gazi me tub ±60cm,Ndertim,,,,,ndertim,active
MPP3201 – Pompe dore per Bicikleta φ32x580mm,Ndertim,,,,,ndertim,active
"Kavo sigurie biciklete S8, 65cm/ 12.5mm me 2 celsa, roze",Ndertim,,,,,ndertim,active
Mekanizem Hidraulik Eco per dyer 45-65kg,Ndertim,Dyer & Dritare,,,,ndertim,active
Mekanizem hidraulik per dyer 25-45kg,Ndertim,Dyer & Dritare,,,,ndertim,active
Dryn bronzi I gjate 60mm,Ndertim,,,,,ndertim,active
Dryn Titalium T26TI/50 S5 / 68mm me 2 celsa,Ndertim,,,,,ndertim,active
Dryn bronzi 719/40HB63 S3/ 101mm I gjate me 2 celsa,Ndertim,,,,,ndertim,active
Dryn bronzi me 3 kode sigurie S2/ 52.5mm,Ndertim,,,,,ndertim,active
77861 – Kavo motorri me celes sigurie i perforcuar 25MMx150CM,Ndertim,,,,,ndertim,active
BBQ1011 – Tel zgare Inoksi dysh 35x25cm me dopio mbajtese,Ndertim,,,,,ndertim,active
Kuti postare gri 300 x 200 x 50 mm,Ndertim,,,,,ndertim,active
"53-320 – Pistolete vaditje ERGO 1/2”, 3/4 ”",Ndertim,,,,,ndertim,active
Mekanizem hidraulik eco per dyer 25-45kg,Ndertim,Dyer & Dritare,,,,ndertim,active
Brave dyersh me fishek nikeli 45mm dhe 3 celsa,Ndertim,Dyer & Dritare,,,,ndertim,active
Brave dyersh me fishek nikeli 35mm dhe 3 celsa,Ndertim,Dyer & Dritare,,,,ndertim,active
"KMJB035W – Blender portabel me bateri 3.7V, ene 300 ml me 2 tehe inoxi dhe karikues me fishe Usb",Ndertim,,,,,ndertim,active
B90BS – Fishek brave satin 90mm kompjuterik me 3 celsa,Ndertim,,,,,ndertim,active
"KEEC046B – Toster 750 W me pllake kunder ngjitjes, 215×215 mm",Ndertim,,,,,ndertim,active
"KMMX018G – Mikser dore me bateri 3.7 W, me 3 nivele shpejtesie dhe karikues me fishe Usb",Ndertim,Çimento & Llaç,,,,ndertim,active
"KMJB035G – Blender portabel me bateri 3.7V, me 2 tehe inoxi dhe karikues me fishe Usb",Ndertim,,,,,ndertim,active
Thekese buke 700 W me 2 ane,Ndertim,,,,,ndertim,active
"Ngrohes uji elektrike 1800 W, depozite 1.5 Lt me depozite inoxi",Ndertim,,Grohe,,,ndertim,active
"KEJC006W – Shtrydhe frutash dhe perimesh 40 W, me depozite 0.5 Lt",Ndertim,Rrjetë Metalike,,,,ndertim,active
Kuti postare 285x200x60MM Gri,Ndertim,,,,,ndertim,active
104991 – Furnell elektrike me 1 piate 450 W,Ndertim,,,,,ndertim,active
DBBPL0702 – Dryne Bronxi 70 mm,Ndertim,,,,,ndertim,active
KMEP003B – Tigan per skuqje 28 cm me 2 shtresa kunder ngjitjes,Ndertim,,,,,ndertim,active
Dryn bronzi 60mm standart,Ndertim,,,,,ndertim,active
Dryn alumini Silver me 4 kode sigurie S3/ 77mm,Ndertim,,,,,ndertim,active
Dryn bronzi 713/50 S4/ 64mm,Ndertim,,,,,ndertim,active
KMTT024W – Termus portabel,Ndertim,,,,,ndertim,active
"B90MSK – Fishek brave, satin me leve, 90mm me 3 celsa kompjuterik",Ndertim,Aksesorë Ndërtimi,,,,ndertim,active
KMTT014P – Peshore kuzhine me ekran LCD me kapacitet 2g-5000g,Ndertim,,,,,ndertim,active
KEHS007W – Tharese flokesh me doreze te palosshme 1600W me 2 nivele shpejtesie dhe 3 nivele nxehtesie,Ndertim,,,,,ndertim,active
Dryn alumini titan me 3 kode sigurie  S2/ 65mm,Ndertim,,,,,ndertim,active
MPP3811 – Pompe dore 38×500,Ndertim,,,,,ndertim,active
106110 – Koke per furnell me bombel gazi te madhe,Ndertim,,,,,ndertim,active
50-750 – Pistolete vaditje multifunksionale koke dushi me rakoderi 1/2″ – 5/8″ VARIANT IDEAL,Ndertim,,,,,ndertim,active
B90S – Fishek brave Satin 90mm,Ndertim,,,,,ndertim,active
"Hekur 1400W, me pllake tefloni 183×100 mm, depozite uji 150 ml",Ndertim,Hekur Betoni,,,,ndertim,active
BBQ1004 – Tel zgare Inoksi dysh 35x25cm me mbajtese,Ndertim,,,,,ndertim,active
104987P – Pjate per furrnelen 104987,Ndertim,,,,,ndertim,active
DBPL0702 – Dryn bronzi profi me 3 celesa 70 mm,Ndertim,,,,,ndertim,active
Dryn Titalium 726TI/40HB63 S4/ 99mm I gjate me 2 celsa,Ndertim,,,,,ndertim,active
BBQ1001 – Tel zgare Inoksi dysh 35x25cm,Ndertim,,,,,ndertim,active
Dryn bronzi I gjate 50mm,Ndertim,,,,,ndertim,active
Dryn alumini silver me 3 kode sigurie S2/ 52.5mm,Ndertim,,,,,ndertim,active
"BPN2130 – Tapet bari artificial, 20mmx 2m x10m",Ndertim,,,,,ndertim,active
B83S – Fishek brave Satin 83mm,Ndertim,,3M,,,ndertim,active
DBPL0602 – Dryn bronzi profi me 3 celesa 60 mm,Ndertim,,,,,ndertim,active
"Kosh plerash plastik me lavjers, 18 lt, ngjyre gri dhe e zeze",Ndertim,,,,,ndertim,active
Brave qepeni 14cm ovale me 2 celsa,Ndertim,,,,,ndertim,active
Brave qepeni 14cm ovale me 2 celsa dhe 3 kunja sigurie,Ndertim,,,,,ndertim,active
52-321 – Pistolete vaditje me 3 funksione BASIC (12cope),Ndertim,,,,,ndertim,active
"BLK1085 – Fishek dere bronzi me 5 celsa, argjendi, 90mm  (40/50mm)",Ndertim,Dyer & Dritare,,,,ndertim,active
"BLK1084 – Fishek dere bronzi me 5 celsa, argjendi, 90mm  (30/60mm)",Ndertim,Dyer & Dritare,,,,ndertim,active
Dryn Titalium 726TI/40 S3/ 60.5mm me 2 celsa,Ndertim,,,,,ndertim,active
85124 – Mbulese univesale shiu 4 m x 5 m57 gsm,Ndertim,,,,,ndertim,active
Dryn bronzi 719/30 S2/ 43.5mm me 2 celsa,Ndertim,,,,,ndertim,active
"KEHS034B – Piaster flokesh 43W, temperatura maksimale 210℃",Ndertim,,,,,ndertim,active
DBBPL0602 – Dryne Bronxi 60 mm,Ndertim,,,,,ndertim,active
"WQQX2H04 – Arke lekesh me 5 ndarje 25x18x9cm, me 2 celesa",Ndertim,,,,,ndertim,active
Dryn bronzi 50mm standart,Ndertim,,,,,ndertim,active
BBQ1017 – Tel zgare Inoksi 40x30cm,Ndertim,,,,,ndertim,active
"BLK1080 – Fishek dere bronzi me 5 celsa, argjendi, 80mm (40/40mm)",Ndertim,Dyer & Dritare,,,,ndertim,active
"BLK1082 – Fishek dere bronzi me 5 celsa, argjendi, 80mm (30/50mm)",Ndertim,Dyer & Dritare,,,,ndertim,active
"BLK1060 – Fishek dere bronzi me 5 celsa, 90mm  (40/50mm",Ndertim,Dyer & Dritare,,,,ndertim,active
"BLK1059 – Fishek dere bronzi me 5 celsa, 90mm  (30/60mm)",Ndertim,Dyer & Dritare,,,,ndertim,active
Dryn bronzi 40mm me kombinim,Ndertim,,,,,ndertim,active
"BLK1078 – Fishek dere bronzi me 5 celsa, argjendi, 75mm (30/45mm)",Ndertim,Dyer & Dritare,,,,ndertim,active
"BLK1057 – Fishek dere bronzi me 5 celsa, 80mm (40/40mm",Ndertim,Dyer & Dritare,,,,ndertim,active
"BLK1058 – Fishek dere bronzi me 5 celsa, 80mm (30/50mm)",Ndertim,Dyer & Dritare,,,,ndertim,active
"B68BS – Fishek brave Satin 68mm, me 3 celsa / Blister",Ndertim,,,,,ndertim,active
"B68B – Fishek brave Bronzi 68mm, me 3 celsa / Blister",Ndertim,,,,,ndertim,active
P322 – Sode kaustike 1 kg,Ndertim,,,,,ndertim,active
"BLK1076 – Fishek dere bronzi me 5 celsa, argjendi, 70mm (30/40mm)",Ndertim,Dyer & Dritare,,,,ndertim,active
"BLK1056 – Fishek dere bronzi me 5 celsa, 75mm (30/45mm)",Ndertim,Dyer & Dritare,,,,ndertim,active
Dryn Titalium 726TI/35 S3/ 48mm me 2 celsa,Ndertim,,,,,ndertim,active
Dryn bronzi 713/40 S3/ 58mm,Ndertim,,,,,ndertim,active
BPN1300 – Shtrese per tapete bari 1x10m 90gsm,Ndertim,,,,,ndertim,active
KEMX016W – Mikser dore 120 W me 7 nivele shpejtesie,Ndertim,Çimento & Llaç,,,,ndertim,active
"BLK1074 – Fishek dere bronzi me 5 celsa, argjendi, 65mm (30/35mm)",Ndertim,Dyer & Dritare,,,,ndertim,active
"BLK1072 – Fishek dere bronzi me 5 celsa, argjendi, 60mm(30/30mm)",Ndertim,Dyer & Dritare,,,,ndertim,active
"BLK1070 – Fishek dere bronzi me 5 celsa, argjendi, 54mm(27/27mm)",Ndertim,Dyer & Dritare,,,,ndertim,active
"BLK1055 – Fishek dere bronzi me 5 celsa, 70mm (30/40mm)",Ndertim,Dyer & Dritare,,,,ndertim,active
"B68MK – Fishek brave, bronzi me leve, 68mm me 3 celsa",Ndertim,Aksesorë Ndërtimi,,,,ndertim,active
BLK1032 – Dryn bronzi me kombinim 38mm,Ndertim,,,,,ndertim,active
"KMEP007B – Tigan me kapak per skuqje me veshje me 2 shtresa qe nuk ngjit 16 x 7cm, 2 mm",Ndertim,,,,,ndertim,active
KMEP002B – Tigan per skuqje me veshje me 2 shtresa qe nuk ngjit 24 cm x 2.5 mm,Ndertim,,,,,ndertim,active
"KMCF023M – Kafetiere Moka, kapaciteti 6 filxhana/300 ml",Ndertim,,3M,,,ndertim,active
2628127 – Thares lageshtie Ceresit AERO 360° I Bardhe 450 gr,Ndertim,,Ceresit,,,ndertim,active
2628096 – Thares lageshtie Ceresit AERO 360° Blu 450 gr,Ndertim,,Ceresit,,,ndertim,active
DBPL0502 – Dryn bronzi profi me 3 celesa 50 mm,Ndertim,,,,,ndertim,active
Dryn bronzi I gjate 40mm,Ndertim,,,,,ndertim,active
Dryn Titalium 726TI/30 S2/ 45mm me 2 celsa,Ndertim,,,,,ndertim,active
77850 – Kavo biciklete me celes sigurie18MMx100CM,Ndertim,,,,,ndertim,active
B68S – Fishek brave Nikel 68mm,Ndertim,,,,,ndertim,active
B68 – Fishek brave Bronzi me 3 celesa 68mm,Ndertim,,,,,ndertim,active
BBQ1019 – Tel zgare Inoksi dysh per peshk 66x14cm,Ndertim,,,,,ndertim,active
KMEP001B – Tigan per skuqje 20cm,Ndertim,,,,,ndertim,active
WBK6125 – Kavo biciklete U me 2 celesa 200x250mm,Ndertim,,,,,ndertim,active
"77845 – Kavo biciklete me kod sigurie.10MMx1,2M",Ndertim,,,,,ndertim,active
"77840 – Kavo biciklete me celes sigurie12MMMx1,8M",Ndertim,,,,,ndertim,active
"BLK1054 – Fishek dere bronzi me 5 celsa, 65mm (30/35mm)",Ndertim,Dyer & Dritare,,,,ndertim,active
Dryn Qepeni 90mm YMK,Ndertim,,,,,ndertim,active
Dryn bronzi 40mm standart,Ndertim,,,,,ndertim,active
Dryn bronzi 713/30 S2/ 45mm,Ndertim,,,,,ndertim,active
Dryn bronzi 719/20 S2/ 33.5mm me 2 celsa,Ndertim,,,,,ndertim,active
Dryn bronzi 719/15 S1/ 32mm me 2 celsa,Ndertim,,,,,ndertim,active
DBK151201 – Kavo biciklete me celes 15×1200 mm,Ndertim,,,,,ndertim,active
"BLK1050 – Fishek dere bronzi me 5 celsa, 54mm(27/27mm)",Ndertim,Dyer & Dritare,,,,ndertim,active
"BLK1052 – Fishek dere bronzi me 5 celsa,  60mm(30/30mm)",Ndertim,Dyer & Dritare,,,,ndertim,active
"Kosh plerash plastik me lavjers, 10 lt, ngjyre gri dhe e zeze",Ndertim,,,,,ndertim,active
"WQQX2H02 – Arke lekesh me 6 ndarje 15×11.5x8cm, me 2 celesa",Ndertim,,,,,ndertim,active
Dryn bronzi I gjate 32mm,Ndertim,,,,,ndertim,active
"Kavo sigurie biciklete S12, 65cm/ 6mm me 2 celsa, jeshile",Ndertim,,,,,ndertim,active
"BPN2110 – Tapet bari artificial, 20mm x 1m x 1m",Ndertim,,,,,ndertim,active
WBK4109 – Kavo biciklete zinxhir me 2 celesa 5.3x900mm,Ndertim,,,,,ndertim,active
"BFT7030 – Furce gome pastrimi 45 cm, me diameter bishti 2,4 cm",Ndertim,,,,,ndertim,active
BLK1030 – Dryn bronzi me kombinim 28mm,Ndertim,,,,,ndertim,active
BLK1012 – Dryn bronzi I gjate me 3 celsa 40mm,Ndertim,,,,,ndertim,active
WPD1460 – Dryn bronzi 60mm me 3 celesa,Ndertim,,,,,ndertim,active
KMHS029R – Makine rroje per meshkuj me bateri 600mA,Ndertim,Rrjetë Metalike,,,,ndertim,active
Dryn Qepeni 80mm YMK,Ndertim,,,,,ndertim,active
Dryn bronzi 30mm me kombinim,Ndertim,,,,,ndertim,active
"Brave dyersh alumini, 25mm",Ndertim,Dyer & Dritare,,,,ndertim,active
"Brave dyersh alumini, 20mm",Ndertim,Dyer & Dritare,,,,ndertim,active
"Brave dyersh tualeti, 45mm, nikel",Ndertim,Dyer & Dritare,,,,ndertim,active
"Brave dyersh te brendshme, 45mm, nikel",Ndertim,Dyer & Dritare,,,,ndertim,active
"Brave dyersh te brendshme, 40mm, nikel",Ndertim,Dyer & Dritare,,,,ndertim,active
"BFT7031 – Koke fshese e ashper, per ambientet e jashte 40cm,2,4 cm",Ndertim,,,,,ndertim,active
"KMTT045B – Set ene kuzhine , najloni me shtrese kunder ngjitjes",Ndertim,,,,,ndertim,active
DBK11210 – Kavo biciklete me celes 12×1000 mm,Ndertim,,,,,ndertim,active
Dryn Qepeni 70mm YMK,Ndertim,,,,,ndertim,active
"Brave dyersh, 35mm",Ndertim,Dyer & Dritare,,,,ndertim,active
"Brave dyersh tualeti, 40mm, nikel",Ndertim,Dyer & Dritare,,,,ndertim,active
"Brave dyersh te brendshme, 35mm, nikel",Ndertim,Dyer & Dritare,,,,ndertim,active
Dryn bronzi 32mm standart,Ndertim,,,,,ndertim,active
WBK5108 – Kavo biciklete I sperdredhur me 2 celesa 18x800mm,Ndertim,,,,,ndertim,active
P306 – Detergjent pastrues 1 LT ( 1.8KG),Ndertim,,,,,ndertim,active
DBPL0402 – Dryn bronzi profi me 3 celesa 40 mm,Ndertim,,,,,ndertim,active
"Pompe dore φ30*370mm, 160Psi – WPP1C01",Ndertim,,,,,ndertim,active
DBK21012 – Kavo biciklete me kod 4 shifror 10×1200 mm,Ndertim,,,,,ndertim,active
"77830 – Kavo biciklete me celes
sigurie 8MMx65CM",Ndertim,,,,,ndertim,active
WPD2450 – Dryn bronzi me qafe te gjate 50mm me 3 celesa,Ndertim,,,,,ndertim,active
DBK11010 – Kavo biciklete me celes 10×1000 mm,Ndertim,,,,,ndertim,active
DIPL0701 – Dryn Hekuri 75mm,Ndertim,Hekur Betoni,,,,ndertim,active
"Kosh plerash plastik me lavjers, 5 lt, ngjyre gri dhe e zeze",Ndertim,,,,,ndertim,active
Dryn Qepeni 60mm YMK,Ndertim,,,,,ndertim,active
Lecke dyshemeje pambuku 380gr,Ndertim,,,,,ndertim,active
BLK1010 – Dryn bronzi I gjate me 3 celsa 30mm,Ndertim,,,,,ndertim,active
2259563 – Set 2 Tableta rezerve per thares lageshtie Ceresit AERO Arome Neutrale,Ndertim,,Ceresit,,,ndertim,active
2629139 – Set 2 Tableta rezerve per thares lageshtie Ceresit AERO Arome Livando,Ndertim,,Ceresit,,,ndertim,active
Dryn bronzi 25mm me kombinim,Ndertim,,,,,ndertim,active
KMTT085W – Prerese patatesh,Ndertim,Zhavorr & Rërë,,,,ndertim,active
Kavo biciklete me kod sigurie 8MMx65CM,Ndertim,,,,,ndertim,active
WBK2110 – Kavo biciklete me kod 4 shifror 10x1200mm,Ndertim,,,,,ndertim,active
WPDL450 – Dryn celiku 50mm me 3 celesa,Ndertim,,,,,ndertim,active
"KMEC063B – Pllake rezerve Round (per krepa) me veshje kunder ngjitjes 142 x 142 mm per KEEC058W, KUEC058W",Ndertim,,,,,ndertim,active
"KMEC062B – Pllake rezerve Ovale me veshje kunder ngjitjes 142 x 142 mm per KEEC058W, KUEC058W",Ndertim,,,,,ndertim,active
"KMEC059B – Pllake rezerve Grill me veshje kunder ngjitjes 142 x 142 mm per KEEC058W, KUEC058W",Ndertim,,,,,ndertim,active
DIPL0601 – Dryn Hekuri 63mm,Ndertim,Hekur Betoni,3M,,,ndertim,active
DBPL0302 – Dryn bronzi profi me 3 celesa 30 mm,Ndertim,,,,,ndertim,active
Dryn bronzi 20mm me kombinim,Ndertim,,,,,ndertim,active
KMTT081B – Forme pjekje keku,Ndertim,,,,,ndertim,active
KMTT069Y – Shtrydherse limoni,Ndertim,,,,,ndertim,active
WBK1112 – Kavo biciklete me 2 celesa 12x1200mm,Ndertim,,,,,ndertim,active
WPD9455 – Dryn hekuri profi 55mm me celesa dhe kunder ujit,Ndertim,Hekur Betoni,,,,ndertim,active
KMTT084W – Grirese qepe manuale me kapacitet 400 ml me tehe inoxi,Ndertim,,,,,ndertim,active
WBK2108 – Kavo biciklete me kod 4 shifror 8x1000mm,Ndertim,,,,,ndertim,active
WPD1440 – Dryn bronzi 40mm me 3 celesa,Ndertim,,,,,ndertim,active
Dryn hekuri  50mm me kombinim YMK,Ndertim,Hekur Betoni,,,,ndertim,active
Dryn  hekuri 63mm i verdhe I lyer,Ndertim,Hekur Betoni,3M,,,ndertim,active
"Shul dyersh, bronzi 210gr",Ndertim,Dyer & Dritare,,,,ndertim,active
"BFT7003 – Fshese 25mm, 27×4,7×12 cm",Ndertim,,,,,ndertim,active
DIPL0501 – Dryn Hekuri 50mm,Ndertim,Hekur Betoni,,,,ndertim,active
Dryn hekuri 63mm,Ndertim,Hekur Betoni,3M,,,ndertim,active
WPD3423 – Dryn bronzi me 3 kode 3x20mm,Ndertim,,,,,ndertim,active
Dryn hekuri  38mm me kombinim YMK,Ndertim,Hekur Betoni,,,,ndertim,active
77900 – Zinxhir sigurie per dyer,Ndertim,Dyer & Dritare,,,,ndertim,active
KMTT068B – Prerese pice,Ndertim,Zhavorr & Rërë,,,,ndertim,active
BBQ1018 – Furce pastrimi per Barbekju 21 cm,Ndertim,,,,,ndertim,active
"BFT7001 – Fshese 25mm, 21x3x18,5 cm",Ndertim,,,,,ndertim,active
77700 – Dryn bronzi I gjate me 3 celsa 40x105MM,Ndertim,,,,,ndertim,active
Dryn hekuri  32mm me kombinim YMK,Ndertim,Hekur Betoni,,,,ndertim,active
Dryn  hekuri 50mm i verdhe I lyer,Ndertim,Hekur Betoni,,,,ndertim,active
"85122 – Mbulese univesale shiu 2 m x 3 m
57 gsm",Ndertim,,,,,ndertim,active
"BFT7007 – Furce pastrimi dore 13,5x6x3,5 cm",Ndertim,,,,,ndertim,active
DBPL0202 – Dryn bronzi profi me 3 celesa 20 mm,Ndertim,,,,,ndertim,active
DIPL0401 – Dryne Bronxi 38 mm me 3 celesa,Ndertim,,,,,ndertim,active
Dryn hekuri 25mm me kombinim YMK,Ndertim,Hekur Betoni,,,,ndertim,active
Dryn hekuri 50mm,Ndertim,Hekur Betoni,,,,ndertim,active
"Fshese 25mm, 26×3,5×10,5 cm",Ndertim,,,,,ndertim,active
WPD1420 – Dryn bronzi 20mm me 3 celesa,Ndertim,,,,,ndertim,active
"SSF842 – Bisht per fshese/lecke dyshemeje,120cm, φ2,2cm , Φ2,5cm",Ndertim,,,,,ndertim,active
DIPL0301 – Dryn Hekuri 32mm,Ndertim,Hekur Betoni,,,,ndertim,active
Dryn  hekuri 38mm i verdhe I lyer,Ndertim,Hekur Betoni,,,,ndertim,active
Dryn hekuri 38mm,Ndertim,Hekur Betoni,,,,ndertim,active
KMTT071R – Spatul silikoni,Ndertim,,,,,ndertim,active
77930 – Etiketa mbajtese celesi,Ndertim,,,,,ndertim,active
KMTT064M – Rrahese inoxi per gatime te ndryshme,Ndertim,,,,,ndertim,active
Dryn  hekuri 32mm i verdhe I lyer,Ndertim,Hekur Betoni,,,,ndertim,active
Dryn hekuri 32mm,Ndertim,Hekur Betoni,,,,ndertim,active
"SSF836 – Bisht per fshese/lecke dyshemeje, bojeqielli, 120cm, Φ2,5cm",Ndertim,,,,,ndertim,active
Dryn hekuri 20mm i verdhe I lyer,Ndertim,Hekur Betoni,,,,ndertim,active
Dryn hekuri 20mm,Ndertim,Hekur Betoni,,,,ndertim,active
Set me 48 tapa ngjitese kafe per mobilje Ø22mm – WPAS1114,Ndertim,,,,,ndertim,active
Set me 24 tapa ngjitese kafe per mobilje Ø28mm – WPAS1116,Ndertim,,,,,ndertim,active
640 – Bullon i zi DIN 931 10.9 10×50 (100 cope),Ndertim,Aksesorë Ndërtimi,,,,ndertim,active
5878085-30 – Vaj mishele 2T HP-20 Lt,Bojera,,,,,bojera,active
Hidroizolues HYPERDESMO-CLASSIC  I bardhe (25 KG),Bojera,,,,,bojera,active
003025120 – Spraj Multifunksional WD-40 5L + Sperkates,Bojera,,,,,bojera,active
5056980-00 – Bidon Mishele HQ me dy ndarje 6 +2.5 Lt,Bojera,,,,,bojera,active
531.002.004.700 – Astar MICROSEALER – 50 (4LT),Bojera,,,,,bojera,active
101.007.006.700 – Hidroizolues HYPERDESMO-CLASSIC I bardhe ( 6 KG),Bojera,,,,,bojera,active
LB1200 – Vaj zinxhiri NAKAYAMA PRO 5L,Bojera,,,,,bojera,active
5976870-04 – Vaj kambio me 4 kohe 10W-30 4 Lt,Bojera,,,,,bojera,active
660.002.004.700 – Hollues SOLVENT-01 (4KG),Bojera,,,,,bojera,active
Bidon benzine HQ 6 Lt,Bojera,,,,,bojera,active
5310092-48 – Vaj per filtrat e ajrit 1 Lt,Bojera,,,,,bojera,active
FT2200 – Bidon plastik per karburant 20L,Bojera,,,,,bojera,active
PA1925 – Biadeziv I dyanshem per riparime elektrike gjysme transparent 19mm x 25m,Bojera,,,,,bojera,active
G016 – Graso per kuzhineta 900 gr (1 lt.),Bojera,,,,,bojera,active
5976870-01 – Vaj kambio me 4 kohe 10W-30 1 Lt,Bojera,,,,,bojera,active
P308 – Paste duarsh me Lanolin 4000 ml,Bojera,,,,,bojera,active
Graso multifunksionale 900 gr (1 lt.),Bojera,,,,,bojera,active
5888148-01 – Graso per kupat e freksionit 400 gr,Bojera,,,,,bojera,active
IC1920 – Set izolant elektrik mix 19mm x 20m,Bojera,,,,,bojera,active
MA106 – Krem pastrimi duarsh Margherite I bardhe 4L,Bojera,,,,,bojera,active
5780370-02 – Vaj mishele 2T LS- 1Lt,Bojera,,,,,bojera,active
Ngjites universal Pattex Transparent 800ml – 1430133,Bojera,,Pattex,,,bojera,active
Vaj special per makineri pneumatike 0.5 L,Bojera,,,,,bojera,active
5774197-04 – Vaj per motora me 4 kohe 10W-40 1 Lt,Bojera,,,,,bojera,active
577616433 – Kit aksesoresh motokosash (Vaj 2T 100ml+syze+bidon perzjerje+ fije2.0mm),Bojera,,,,,bojera,active
Spraj Multifunksional WD-40 600 ml me pipe fleksibel (6 cope),Bojera,,,,,bojera,active
"DA1225 – Biadeziv I dyanshem I trashe, 3mm per fasada te jashtme ngjyre qymyr, 12 mm x 25 m",Bojera,,3M,,,bojera,active
SZ2503 – Izolues transparent 25mm x 3m,Bojera,,3M,,,bojera,active
Paste pastrimi duarsh Margherite 5L (4 cope),Bojera,,,,,bojera,active
519.002.001.700 – Astar Silikoni Primer PU Transparent 1LT,Bojera,Primer & Baza,,,,bojera,active
5878085-11 – Vaj mishele 2T HP- 1 Lt,Bojera,,,,,bojera,active
Spraj teknik pastrues grasoje WD-40 per biciklete 500ml,Bojera,,,,,bojera,active
Spraj Multifunksional WD-40 400 ml me pipe fleksibel (6 cope),Bojera,,,,,bojera,active
Spraj Teknik Graso Litiumi WD-40 400 ML (12 cope),Bojera,,,,,bojera,active
5355600-01 – Graso ingranazhesh per kokat e motokoses,Bojera,,,,,bojera,active
5039764-01 – Graso per koken e motokosave,Bojera,,,,,bojera,active
MA103 – Paste pastrimi duarsh Margherite 4L,Bojera,,,,,bojera,active
102.007.001.700 – Hidroizolues HYPERDESMO-LV I bardhe ( 1 KG) Me viskozitet te ulet,Bojera,,,,,bojera,active
Spraj teknik lubrifikues zinxhiri biciklete universal WD-40 250ml,Bojera,,,,,bojera,active
Spraj Multifunksional WD-40 SMART STRAW 500ML (24 cope),Bojera,,,,,bojera,active
SI2503 – Shirit ngjites rezistent ndaj nxehtesise transparent 25mm x 3m,Bojera,,3M,,,bojera,active
SF1910 – Izolant elektrik 5200 I Zi 19mmΧ10m vet shkrires per pompa uji,Bojera,,,,,bojera,active
HT1905 – Biadeziv MAXPOWER transparent per riparime out/indoor 19mm x 5m,Bojera,,,,,bojera,active
2923728 – Silikon Neutral Transparent Pattex 280ml,Bojera,,Pattex,,,bojera,active
2789293 – Shkume ngjitese PU 6ne1 Pro Pattex 750ml me pistolete,Bojera,,Pattex,,,bojera,active
Ngjites universal Pattex One for All Crystal ultra clear 290Gr (12 cope),Bojera,,Pattex,,,bojera,active
SB2505 – Tenie abrazive antirreshqitese e Zeze 25mm x 5m (3),Bojera,,,,,bojera,active
CY5025 – Tenie rrobe ngjitese per riparime 6200 e Verdhe 48mm x 25M,Bojera,,,,,bojera,active
CR5025 – Tenie rrobe ngjitese per riparime 6200 e Kuqe 48mm x 25M,Bojera,,,,,bojera,active
Tenie rrobe ngjitese per riparime 6200 e Zeze 48mm x 25M,Bojera,,,,,bojera,active
DP0026 – Tenie rrobe ngjitese per riparime 6200 Gri 48mm x 25M,Bojera,,,,,bojera,active
Spraj Teknik kontakti elektrik WD-40 400 ML,Bojera,,,,,bojera,active
002500120 – Spraj Multifunksional WD-40 SMART STRAW 500ML,Bojera,,,,,bojera,active
81460002 – Spray per sistemin e frenimit dhe friksionit 500 ml,Bojera,,,,,bojera,active
Vaj zinxhiri 1 Lt,Bojera,,,,,bojera,active
714833 – Graso per ingranazhe 100 gr,Bojera,,,,,bojera,active
Vaj Zinxhiri I biodegradueshem 1 Lt,Bojera,,,,,bojera,active
Vaj Mishele i kuq 2T me dozim 1Lt,Bojera,,,,,bojera,active
Ngjitës Multifunksional Transparent FT101 – Pattex Polimer 280ml,Bojera,,Pattex,,,bojera,active
201040120 – Spraj Teknik Silikoni WD-40 400 ML,Bojera,,,,,bojera,active
CT5025 – Shirit ngjites I dyanshem per mokete/linoleum I bardhe 48mmx25m,Bojera,,,,,bojera,active
2789291 – Shkume per mbushje Universal 700ml Pattex me pistolete,Bojera,,Pattex,,,bojera,active
2690778 – Ngjites universal Pattex One for All Universal 389gr,Bojera,,Pattex,,,bojera,active
1438656 – Ngjites per dru standart Pattex 750g D2,Bojera,,Pattex,,,bojera,active
Ngjites universal Pattex One For All High Tack 440gr,Bojera,,Pattex,,,bojera,active
Shkume Low expansion Pro Pattex 700ml me pistolete,Bojera,,Pattex,,,bojera,active
ZF2001 – Shirit vetngjites ZIP FIX (M+F) I Zi 2 x 20mm x 1m,Bojera,,,,,bojera,active
2928673 – Silikon temperature I kuq Pattex 280ml,Bojera,,Pattex,,,bojera,active
160963 – Silikon Sallam Tekasil T142 600ml per xhama I Zi,Bojera,,,,,bojera,active
V400TEMP.8 – Spraj boje temperature I Kuq 400ml,Bojera,,,,,bojera,active
I256 – Spraj per heqje boje 400 ml,Bojera,,,,,bojera,active
Spraj Multifunksional WD-40 400ML (24 cope),Bojera,,,,,bojera,active
5774192-01 – Vaj per motora me 4 kohe SAE30 – 0.6 Lt,Bojera,,,,,bojera,active
Spraj teknik kontakti elektrik WD-40 400ml (12 cope),Bojera,,,,,bojera,active
2933843 – Silikon xhami dhe pasqyre transparent Pattex 280ml,Bojera,,Pattex,,,bojera,active
2789292 – Shkume per mbushje Universale 650ml Pattex me pipe,Bojera,,Pattex,,,bojera,active
158660 – Shkume per mbushje dhe izolime Pu-fix per tjegulla 750ml,Bojera,,,,,bojera,active
158703 – Shkume per mbushje dhe izolime Pu-fix 750ml me pistolete,Bojera,,,,,bojera,active
158702 – Shkume per mbushje dhe izolime Pu-fix 750ml,Bojera,,,,,bojera,active
34908 – Shkume per mbushje 750ml/900gr kundra nxehtesise me pistolete,Bojera,,,,,bojera,active
M203N – Spraj per izolime nga rrjedhjet e ujit 500ml e zeze,Bojera,,,,,bojera,active
163439 – Injeksion Kimik Tekafix PE-1 300ml,Bojera,,,,,bojera,active
Graso premium per motokosa 125 ml (display me 24 cope),Bojera,,,,,bojera,active
DM1910 – Biadeziv I dyanshem per riparime I zi 19mm x 10m,Bojera,,,,,bojera,active
DC5050 – Shirit izolues DUCT TAPE gri 48mm x 50m,Bojera,,,,,bojera,active
Ngjites universal Pattex FIX Express 375g x 25 cope,Bojera,,Pattex,,,bojera,active
ZC04 – Biadeziv per autovetura I Zi 12mm x 10m,Bojera,,,,,bojera,active
159550 – Silikon Universal Tekafix per pasqyra 300ml,Bojera,,,,,bojera,active
163296 – Silikon Sanitar Tekasil per Fuga – Manhattan/Kaf ne portokall 300ml,Bojera,,,,,bojera,active
163294 – Silikon Sanitar Tekasil per Fuga – Karamel 300ml,Bojera,,,,,bojera,active
"163301 – Silikon Sanitar Tekasil per Fuga – Beli, I bardhe 300ml",Bojera,,,,,bojera,active
163293 – Silikon Sanitar Tekasil per Fuga – Bahama Bezhe 300ml,Bojera,,,,,bojera,active
163292 – Silikon Sanitar Tekasil me ngjyra – Antracit/qymyr  300ml,Bojera,,,,,bojera,active
159768 – Shkume Low Expansion ngjitje e shpejte Pu-fix M 750 ml,Bojera,,,,,bojera,active
"158709 – Shkume Low Expansion 750ml Dyer dhe dritare, me pistolete",Bojera,,,,,bojera,active
34907 – Shkume per mbushje 750ml/900gr kundra nxehtesise dore,Bojera,,,,,bojera,active
V400TEMP.6 – Spraj boje temperature Gri 400ml,Bojera,,,,,bojera,active
5025127-01 – Graso Universale 225 gr,Bojera,,,,,bojera,active
V400TEMP.3 – Spraj boje temperature i Kuq 400ml,Bojera,,,,,bojera,active
V400TEMP.4 – Spraj boje temperature i Bardhe 400ml,Bojera,,,,,bojera,active
Shenjues spraj me valvul 360grade e bardhe 500ml,Bojera,,,,,bojera,active
UM1910 – Biadeziv transparent per montim 19mm x 10m,Bojera,,,,,bojera,active
P309 – Paste duarsh me Lanolin 1000 ml,Bojera,,,,,bojera,active
Spraj Zinku 98% 500 ml,Bojera,,,,,bojera,active
OL108 – Spraj kundra ujit per kepuce/xhaketa 500ml transparent,Bojera,,,,,bojera,active
Spraj Multifunksional WD-40 SMART STRAW 250ML,Bojera,,,,,bojera,active
029839 – Shkume me pistolete per Low Expasion 750 ml (Paketimi 12 cope),Bojera,,,,,bojera,active
3222 – Bllokues Vidash 50 ml,Bojera,,,,,bojera,active
3542 – Bllokues Hidraulik 50 ml,Bojera,,,,,bojera,active
3270 – Bllokues Fileto per testata 50 ml,Bojera,,,,,bojera,active
3243 – Bllokues Dadosh 50 ml,Bojera,,,,,bojera,active
602075 – Tenie alumini 48 mm x 100 m rezistente ndaj nxehtesise -30 – 200 ° (1 cp),Bojera,,,,,bojera,active
G007 – Spraj Graso temperature PFTE 400 ml,Bojera,,,,,bojera,active
Spraj ngjites temperature permanent multifunksional 400 ml,Bojera,,,,,bojera,active
PA1205 – Biadeziv I dyanshem per riparime elektrike gjysme transparent 12mm x 5 m,Bojera,,,,,bojera,active
EL5050 – Tenie Alumini 50mm x 50m,Bojera,,,,,bojera,active
2921524 – Silikon Sanitar Premium Pattex I Bardhe280ML,Bojera,,Pattex,,,bojera,active
DG1000 – Shirit fiksues I dyfishte I Zi 25mm x 25mm,Bojera,,,,,bojera,active
43894 – Shkume Low Expasion 750 ml dore,Bojera,,,,,bojera,active
V400CAR.1 – Spraj Antiruxho per disje alumini 400 ml,Bojera,,,,,bojera,active
V400FAS.3 – Spraj boje makinash metalizato Gri e erret 400 ml,Bojera,,,,,bojera,active
V400FAS.2 – Spraj boje makinash metalizato Gri e hapur 400 ml,Bojera,,,,,bojera,active
V400FAS.1 – Spraj boje makinash metalizato E Zeze 400 ml,Bojera,,,,,bojera,active
V400FLUOR.6 – Spraj boje zmalto me efekt fluoreshente e Kuqe 400ml,Bojera,,,,,bojera,active
V400FLUOR.5 – Spraj boje zmalto me efekt fluoreshente Blu 400ml,Bojera,,,,,bojera,active
V400FLUOR.3 – Spraj boje zmalto me efekt fluoreshente Roze e thelle 400ml,Bojera,,,,,bojera,active
V400FLUOR.2 – Spraj boje zmalto me efekt fluoreshente e Verdhe 400ml,Bojera,,,,,bojera,active
V400FLUOR.1 – Spraj boje zmalto me efekt fluoreshente Portokalli 400ml,Bojera,,,,,bojera,active
I276 – Spraj ruajtes druri kundra moles 400 ml,Bojera,,,,,bojera,active
39002 – Qese presioni me ajer per hapje dyersh 130x270mm,Bojera,,,,,bojera,active
G002 – Spraj Graso Silikoni 400 ml,Bojera,,,,,bojera,active
V400FLUOR.4 – Spraj boje zmalto me efekt fosforeshent Jeshil 400ml,Bojera,,,,,bojera,active
V400TEMP.2 – Spraj boje temperature Alumini Mat 400ml,Bojera,,,,,bojera,active
DS2505S – Biadeziv per montimin e pasqyrave e bardhe 25mm x 5m,Bojera,,,,,bojera,active
2925565 – Silikon Premium Universal I bardhe Pattex 280ML,Bojera,,Pattex,,,bojera,active
2921243 – Silikon Premium Universal Transparent Pattex 280ML,Bojera,,Pattex,,,bojera,active
1438873 – Ngjites per dru kunder lageshtires Pattex 250gr D3,Bojera,,Pattex,,,bojera,active
V400RAD.2OP – RAL 9010 Spraj boje akrilik e Bardhe Opak ( Per elektroshtepiake) 400 ml,Bojera,,,,,bojera,active
V400RAD.2 – RAL 9010 Spraj boje akrilik e Bardhe e Paster (Per elektroshtepiake) 400 ml,Bojera,,,,,bojera,active
V400MIC.3 – Spraj boje smalto me efekt Enamel Gri me shkelqim 400ml,Bojera,,,,,bojera,active
V400DIAM.6 – Spraj boje Smalto me efekt Diamanti e Kuqe 400 ml,Bojera,,,,,bojera,active
V400DIAM.5 – Spraj boje Smalto me efekt Diamanti Jeshile 400 ml,Bojera,,,,,bojera,active
V400DIAM.4 – Spraj boje Smalto me efekt Diamanti e Verdhe 400 ml,Bojera,,,,,bojera,active
V400DIAM.3 – Spraj boje Smalto me efekt Diamanti e Zeze 400 ml,Bojera,,,,,bojera,active
V400DIAM.2 – Spraj boje Smalto me efekt Diamanti Blu e erret 400 ml,Bojera,,,,,bojera,active
V400DIAM.1 – Spraj boje Smalto me efekt Diamanti Gri 400 ml,Bojera,,,,,bojera,active
G008 – Lubrifikant zinxhirash 400 ml,Bojera,,,,,bojera,active
G006 – Sprak Graso Bakri 400 ml,Bojera,,,,,bojera,active
G004 – Spraj Graso Vaseline 400 ml,Bojera,,,,,bojera,active
28047 – Super atak MDF 400 ml,Bojera,,,,,bojera,active
2644 – Shkume per mbushje per pistolete 750 ml / 750 Gr,Bojera,,,,,bojera,active
Z361 – Spraj Zinku 400 ml,Bojera,,,,,bojera,active
A450 – Spraj Lucidues dhe Aromatizues kroskoti 400 ml,Bojera,,,,,bojera,active
V400TEMP.1 – Spraj boje temperature i Zi Mat 400ml,Bojera,,,,,bojera,active
V400MET.3 – Spraj boje metalizato Argjend 400ml,Bojera,,,,,bojera,active
V400MET.5 – Spraj boje Gold pasqyre 400ml,Bojera,,,,,bojera,active
S159 – Lubrifikant Universal XT 10 400 ml HQ,Bojera,,,,,bojera,active
OT2502 – Biadeziv MAXPOWER I zi per riparime outdoor 25mm x 1.5m,Bojera,,,,,bojera,active
EF3645 – Shirit ngjites per riparime Gold/Portokalli 36mm x 45m,Bojera,,,,,bojera,active
EF4845 – Shirit ngjites HPX per riparime Gold/Portokalli 48mm x 45m,Bojera,,,,,bojera,active
Silikon Sanitar Premium Pattex Transparent 280ML,Bojera,,Pattex,,,bojera,active
CE5025 – Shirit ngjites I dyanshem per tapete I Bardhe 48mm x 25m,Bojera,,,,,bojera,active
MA107 – Krem pastrimi duarsh Margherite I bardhe 1L,Bojera,,,,,bojera,active
158712 – Shkume per mbushje Tekapur 600 ml me pistolete,Bojera,,,,,bojera,active
P303 – Pastrues pluhrash me presion te larte (Air Duster) 400 ml,Bojera,,,,,bojera,active
YT-8156 – Set me 10 izolant elektrik mix 12mmx10m,Bojera,,,,,bojera,active
5017114 – Silikon Llamarine i zi 50 Shore 300 ml,Bojera,,,,,bojera,active
5017120 – Silikon Llamarine i bardhe 50 Shore 300 ml,Bojera,,,,,bojera,active
5017118 – Silikon Llamarine Gri 50 Shore 280 ml,Bojera,,,,,bojera,active
OL105 – Vaj lubrifikues per Armet 400 ml,Bojera,,,,,bojera,active
A460 – Spraj per Nxirje dhe Shkelqim gomash 400 ml,Bojera,,,,,bojera,active
V400MET.2 – Spraj boje metalizato Gold 400ml,Bojera,,,,,bojera,active
P302 – Solucion pastrues per Pistoleta Shkume 500 ml,Bojera,,,,,bojera,active
V400PAST.10 – Primer Antiruxho I bardhe 400ml,Bojera,Primer & Baza,,,,bojera,active
330.012.615.700 – Silikon Sallam Kaf HYPERSEAL 600ml,Bojera,,,,,bojera,active
330.008.615.700 – Silikon Sallam I ZI HYPERSEAL 600ml,Bojera,,,,,bojera,active
330.007.615.700 – Silikon Sallam I Bardhe HYPERSEAL 600ml,Bojera,,,,,bojera,active
330.740.615.700 – Silikon Sallam Gri HYPERSEAL 600ml,Bojera,,,,,bojera,active
330.115.615.700 – Silikon Sallam Bezhe HYPERSEAL 600ml,Bojera,,,,,bojera,active
Spraj pastrues & dezinfektues per kondicioner 400ml – A461,Bojera,,,,,bojera,active
1438361 – Ngjites per dru standart Express Pattex 250g D2,Bojera,,Pattex,,,bojera,active
DS1905 – Biadeziv per montimin e pasqyrave I bardhe 19mm x 5m,Bojera,,,,,bojera,active
PE5025 – Shirit izolues DUCT TAPE 1900 Gri 48mm x 25m,Bojera,,,,,bojera,active
CB5010 – Tenie rrobe ngjitese per riparime 6200 e Zeze 48mm x 10M,Bojera,,,,,bojera,active
CS5010 – Tenie rrobe ngjitese per riparime 6200 Gri 48mm x 10M,Bojera,,,,,bojera,active
W507 – Spraj Sinjalizues per rrjedhje gazi 400 ml,Bojera,,,,,bojera,active
OL104 – Vaj per prerje Spraj 400 ml,Bojera,,,,,bojera,active
OL101 – Spray Vaseline 400 ml,Bojera,,,,,bojera,active
A466 – Spraj starteri 200 ml,Bojera,,,,,bojera,active
A462 – Pastrues Frenash 500ml,Bojera,,,,,bojera,active
Spraj Saldimi 400 ml( 12 cope ),Bojera,,,,,bojera,active
158711 – Shkume per mbushje Tekapur 600 ml,Bojera,,,,,bojera,active
Spraj Multifunksional WD-40 200ML,Bojera,,,,,bojera,active
000067 – Spraj Graso 500 ml (Paketimi 24 cope),Bojera,,,,,bojera,active
26425 – Solucion per pastrimin e pistoletave te shkumes 500 ml,Bojera,,,,,bojera,active
Shkume per mbushje 750 ml / 750 Gr  (Paketimi 16 cope),Bojera,,,,,bojera,active
5036212-01 – Graso kuzhinetash 40 gr,Bojera,,,,,bojera,active
A473 – Spraj Motorri 400 ml,Bojera,,,,,bojera,active
A470 – Spraj Karburatori 400 ml,Bojera,,,,,bojera,active
G001 – Spraj Graso Universale 400 ml,Bojera,,,,,bojera,active
V400PAST.1/ECO – Primer Antiruxho Gri ECO 400m,Bojera,Primer & Baza,,,,bojera,active
IW5020 – Izolant elektrik I bardhe 50mm x 20m,Bojera,,,,,bojera,active
IB5020 – Izolant elektrik I zi 50mm x 20m,Bojera,,,,,bojera,active
1438647 – Ngjites per dru standart Pattex 250g D2,Bojera,,Pattex,,,bojera,active
577616435 – Stabilizator karburanti 200ml 2T/4T,Bojera,,,,,bojera,active
MA100 – Paste pastrimi duarsh Margherite 1L,Bojera,,,,,bojera,active
159622 – Silikon Sanitar Tekasil I bardhe 280ml,Bojera,,,,,bojera,active
V400PAST.7 – Spraj Boje akrilik Transparent Varnish me shkelqim 400ml,Bojera,,,,,bojera,active
"V400PAST.5 – RAL 9005, Spraj boje akrilik I Zi me shkelqim 400ml",Bojera,,,,,bojera,active
"V4008012 – RAL 8012, Spraj boje akrilik E Kuqe Kafe 400ml",Bojera,,,,,bojera,active
V4007048 – RAL 7048 Spraj boje akrilik Gri e erret ( Miu) 400 ml,Bojera,,,,,bojera,active
"V4007038 – RAL 7038, Spraj boje akrilik Gri Dritare 400ml",Bojera,,,,,bojera,active
V4007011 – RAL 7011 Spraj boje akrilik Gri Hekuri 400 ml,Bojera,,,,,bojera,active
V4007001 – RAL 7001 Spraj boje akrilik Gri Argjendi 400 ml,Bojera,,,,,bojera,active
V4006024 – RAL 6024  Spraj boje akrilik Jeshile Trafiku 400 ml,Bojera,,,,,bojera,active
V4006019 – RAL 6019 Spraj boje akrilik Jeshile e hapur 400 ml,Bojera,,,,,bojera,active
"V4005018 – RAL 5018, Spraj boje akrilik Blue Oazi ( Turquoise) 400ml",Bojera,,,,,bojera,active
V4005002 – RAL 5002 Spraj boje akrilik Blue e thelle ULTRAMARINE 400 ml,Bojera,,,,,bojera,active
"V4004006 – RAL 4006, Spraj boje akrilik Lejla 400ml",Bojera,,,,,bojera,active
V4004005 – RAL 4005 Spraj boje akrilik Blu Lilac ( Jargavani) 400 ml,Bojera,,,,,bojera,active
V4003007 – RAL 3007 Spraj boje akrilik e Kuqe e zeze 400 ml,Bojera,,,,,bojera,active
V4003005 – RAL 3005 Spraj boje akrilik e Kuqe e erret 400 ml,Bojera,,,,,bojera,active
V4003001 – RAL 3001 Spraj boje akrilik e Kuqe Sinjali 400 ml,Bojera,,,,,bojera,active
"V4002009 – RAL 2009, Spraj boje akrilik Portokalli Trafiku 400ml",Bojera,,,,,bojera,active
"V4001023 – RAL 1023, Spraj boje akrilik e Verdhe Trafiku 400ml",Bojera,,,,,bojera,active
V4001018 – RAL 1018 Spraj boje akrilik Fildish e Verdhe Zincu 400 ml,Bojera,,,,,bojera,active
"V4001016 – RAL 1016, Spraj boje akrilik e Verdhe Squfuri 400ml",Bojera,,,,,bojera,active
V4001015 – RAL 1015 Spraj boje akrilik Fildish e hapur 400 ml,Bojera,,,,,bojera,active
V4001014 – RAL 1014  Spraj boje akrilik Fildish 400 ml,Bojera,,,,,bojera,active
V4001002OP – RAL 1002 Spraj boje akrilik E verdhe Matt 400 ml,Bojera,,,,,bojera,active
V4001001 – RAL 1001 Spraj boje akrilik Bezhe 400 ml,Bojera,,,,,bojera,active
P313 – Spraj pastimi xhamash 400 ml,Bojera,,,,,bojera,active
G009 – Spraj Graso Universale 200 ml,Bojera,,,,,bojera,active
000029 – Spraj Universal All in one 400 ml (Paketimi 24 cope),Bojera,,,,,bojera,active
000036 – Spraj kundra ndryshkut Rust Remover 400 ml (Paketimi 24 cope),Bojera,,,,,bojera,active
000128 – Spraj Kontakti 500 ml,Bojera,,,,,bojera,active
132614 – Silikon Testatash 85G i Gri,Bojera,,,,,bojera,active
EPOXY – Adeziv qeramike Epoxy 5 Min 28 Gr,Bojera,,,,,bojera,active
47024 – Adeziv per plastik MMA 28 Gr,Bojera,,,,,bojera,active
METAL – Adeziv per metal 28 Gr,Bojera,,,,,bojera,active
602101 – Tenie letre blu 50 mm x 35 m rezistente ndaj nxehtesise dhe rrezeve UV (6 cp),Bojera,,,,,bojera,active
602074 – Tenie alumini 48 mm x 50 m rezistente ndaj nxehtesise -30 – 200 ° (6 cp),Bojera,,,,,bojera,active
S152 – Spraj Zhbllokues Universal 400 ml,Bojera,,,,,bojera,active
P301 – Spraj per heqje Silikoni 400 ml,Bojera,,,,,bojera,active
"V4009016 – RAL 9016, Spraj boje akrilik e Badhe Trafiku 400ml",Bojera,,,,,bojera,active
"V400PAST.3 – RAL 9010, Spraj boje akrilik e Bardhe me Shkelqim 400ml",Bojera,,,,,bojera,active
"V400PAST.4 – RAL 9010, Spraj boje akrilik e Bardhe Mat 400ml",Bojera,,,,,bojera,active
"V4009006 – RAL 9006, Spraj boje akrilik Alumini 400ml",Bojera,,,,,bojera,active
"V400PAST.6 – RAL 9005, Spraj boje akrilik e Zeze Mat 400ml",Bojera,,,,,bojera,active
"V4009003 – RAL 9003, Spraj boje akrilik i Bardhe 400ml",Bojera,,,,,bojera,active
"V4009001 – RAL 9001, Spraj boje akrilik e Bardhe Krem 400ml",Bojera,,,,,bojera,active
"V4008019 – RAL 8019, Spraj boje akrilik Kafe gri 400ml",Bojera,,,,,bojera,active
"V4008014 – RAL 8014, Spraj boje akrilik Kafe e zene 400ml",Bojera,,,,,bojera,active
"V4008004 – RAL 8004, Spraj boje akrilik Kafe e hapur 400ml",Bojera,,,,,bojera,active
"V4007042 – RAL 7042, Spraj boje akrilik Gri e Zene 400ml",Bojera,,,,,bojera,active
"V4007035 – RAL 7035, Spraj boje akrilik Gri e lehte 400ml",Bojera,,,,,bojera,active
"V4007004 – RAL 7004, Spraj boje akrilik Gri 400ml",Bojera,,,,,bojera,active
"V4006029 – RAL 6029, Spraj boje akrilik Jeshile Mente 400ml",Bojera,,,,,bojera,active
"V4006018 – RAL 6018, Spraj boje akrilik e Gjelbert 400ml",Bojera,,,,,bojera,active
"V4006005 – RAL 6005, Spraj boje akrilik Jeshile Myshku 400ml",Bojera,,,,,bojera,active
"V4006001 – RAL 6001, Spraj boje akrilik Jeshile Emeraldi 400ml",Bojera,,,,,bojera,active
"V4005022 – RAL 5022, Spraj boje akrilik Blu e erret 400ml",Bojera,,,,,bojera,active
"V4005017 – RAL 5017, Spraj boje akrilik Blu e thelle 400ml",Bojera,,,,,bojera,active
"V4005015 – RAL 5015, Spraj boje akrilik Bojeqielli 400ml",Bojera,,,,,bojera,active
"V4005012 – RAL 5012, Spraj boje akrilik Blu e lehte 400ml",Bojera,,,,,bojera,active
"V4005005 – RAL 5005, Spraj boje akrilik Blu 400ml",Bojera,,,,,bojera,active
"V4005003 – RAL 5003, Spraj boje akrilik Blu Safir 400ml",Bojera,,,,,bojera,active
"V4004003 – RAL 4003, Spraj boje akrilik Roze 400ml",Bojera,,,,,bojera,active
"V4003020 – RAL 3020, Spraj boje akrilik Kuqe 400ml",Bojera,,,,,bojera,active
"V4003015 – RAL 3015, Spraj boje akrilik Roze e lehte 400ml",Bojera,,,,,bojera,active
"V4003009 – RAL 3009, Spraj boje akrilik Vishnje 400ml",Bojera,,,,,bojera,active
"V4002004 – RAL 2004, Spraj boje akrilik Portokalli 400ml",Bojera,,,,,bojera,active
"V4001013 – RAL 1013, Spraj boje akrilik i Bardhe Perle 400ml",Bojera,,,,,bojera,active
M200 – Spraj Elektrik 400 ml,Bojera,,,,,bojera,active
Ngjites universal tubet Pattex FIX Express 75g – 2960032,Bojera,,Pattex,,,bojera,active
Shkume per mbushje Low Expansion Pro quality 2 ne 1 pistolet+pipe 750ml,Bojera,,,,,bojera,active
Spraj pastrues & dezinfektues ONE-SHOT per kondicionere makine 150ml,Bojera,,,,,bojera,active
EF2445 – Shirit ngjites per riparime Gold/Portokalli 24mm x 45m,Bojera,,,,,bojera,active
2922706 – Silikon Akrilik Pattex I Bardhe 310ml,Bojera,,Pattex,,,bojera,active
Shirit ngjites gri (duck tape) 25mx48mm,Bojera,,,,,bojera,active
DS1205S – Biadeziv per montimin e pasqyrave I bardhe 12mm x 5m,Bojera,,,,,bojera,active
159614 – Silikon Sanitar Tekasil Transparent 280ml,Bojera,,,,,bojera,active
TAB442 – Spraj zinku 400ml (3),Bojera,,,,,bojera,active
000203 – Spraj kunder mykut me silikon 400 ml,Bojera,,,,,bojera,active
A471 – Spraj shkume pastrues per sedilje makine 400 ml,Bojera,,,,,bojera,active
A455 – Spraj per heqje akulli 250 ml,Bojera,,,,,bojera,active
2802 – Super atak MDF 200 ml,Bojera,,,,,bojera,active
000043 – Spraj Karburatori 500 ml (Paketimi 24 cope),Bojera,,,,,bojera,active
000012 – Spraj Frenash Brake Cleaner 500 ml (Paketimi 24 cope),Bojera,,,,,bojera,active
173 – Spraj Bitumi Tar&Pitch 500 ml,Bojera,,,,,bojera,active
26326 – Shkume per mbushje 500 ml / 535 Gr,Bojera,,,,,bojera,active
Spraj pastrimi per Inox 400 ml ( 12 cope ),Bojera,,,,,bojera,active
34896 – Shkume per mbushje 750 ml / 600 Gr,Bojera,,,,,bojera,active
Tenie antirreshqitese e zeze/verdhe 5mx50mm,Bojera,,,,,bojera,active
159514 – Silikon Universal Tekadom Parket- Oak/ Lis 300ml,Bojera,,,,,bojera,active
159509 – Silikon Universal Tekadom Parket- Beech/ Ahu 300ml,Bojera,,,,,bojera,active
159533 – Silikon Universal Tekadom Parket- Ash/ Frasher 300ml,Bojera,,,,,bojera,active
Silikon Sanitar Transparent 280 ml,Bojera,,,,,bojera,active
YT-81501 – Izolant rrobe I zi 25M 19MM,Bojera,,,,,bojera,active
000302 – Spraj Universal All in one 200 ml (Paketimi 36 cope),Bojera,,,,,bojera,active
000135 – Spraj Saldimi 400 ml (Paketimi 24 cope),Bojera,,,,,bojera,active
000180 – Spraj per nxirje gomash Tyre Shiner 500 ml (Paketimi 24 cope),Bojera,,,,,bojera,active
602100 – Tenie letre blu 36 mm x 35 m rezistente ndaj nxehtesise dhe rrezeve UV (8 cp),Bojera,,,,,bojera,active
602078 – Tenie antirreshqitese transparente 25 mm x 15 m (1 cp),Bojera,,,,,bojera,active
602079 – Tenie antirreshqitese e zeze 25 mm x 15 m (1 cp),Bojera,,,,,bojera,active
P300 – Spraj pstrimi Universal 400 ml,Bojera,,,,,bojera,active
M202 – Spraj Elektrik 200 ml,Bojera,,,,,bojera,active
VT5066 – Shirit Ngjites Transparent 50mm x 66m,Bojera,,,,,bojera,active
AL5010 – Tenie alumini 50mmx10m,Bojera,,,,,bojera,active
159676 – Silikon Universal Transparent Tekasil 260ml,Bojera,,,,,bojera,active
OL100 – Spray Vaseline 200 ml,Bojera,,,,,bojera,active
000319 – Spraj kundra ndryshkut Rust Remover 200 ml (Paketimi 36 cope),Bojera,,,,,bojera,active
019069 – Silikon Testatash 85G i Kuq,Bojera,,,,,bojera,active
25565 – Ngjites PVC P12 125 Gr,Bojera,,,,,bojera,active
Ngjites universal Pattex Transparent 50ml – 1429587,Bojera,,Pattex,,,bojera,active
Silikon Universal Gri Multi-Purpose 280 ml,Bojera,,,,,bojera,active
17126 – Silikon Sanitar antimyk transparent 50 ML,Bojera,,,,,bojera,active
2925852 – Ngjites kepuces Pattex tubet 50ml,Bojera,,Pattex,,,bojera,active
Vaj i kuq 100ml Nakayama,Bojera,,,,,bojera,active
8939158 – Silikon Universal Trasparent Multi-Purpose 280 Gr,Bojera,,,,,bojera,active
SP0001 – Paste pastrimi per shume perdorime (500 gr),Bojera,,,,,bojera,active
9089246 – Silikon Universal i Zi Multi-Purpose 280 Gr,Bojera,,,,,bojera,active
8921555 – Silikon Universal i Bardhe Multi-Purpose 280 Gr,Bojera,,,,,bojera,active
602096 – Tenie letre portokalli (6 cp),Bojera,,,,,bojera,active
602073 – Tenie alumini 48 mm x 25 m rezistente ndaj nxehtesise -30 – 200 ° (1 cp),Bojera,,,,,bojera,active
5878085-01 – Vaj mishele 2T HP- 100 Ml,Bojera,,,,,bojera,active
8939111 – Silikon Universal Trasparent Multi-Purpose 280 Gr,Bojera,,,,,bojera,active
602099 – Tenie letre blu 24 mm x 35 m rezistente ndaj nxehtesise dhe rrezeve UV (12 cp),Bojera,,,,,bojera,active
602094 – Tenie letre portokalli 36 mm x 35 m rezistente ndaj nxehtesise dhe rrezeve UV (8 cp),Bojera,,,,,bojera,active
Tenie letre e bardhe 48 mm x 35 m rezistente ndaj rrezeve UV (36 cope),Bojera,,,,,bojera,active
Silikon universal Transparent 280ml,Bojera,,,,,bojera,active
YT-81500 – Izolant rrobe I zi 15M 19mm,Bojera,,,,,bojera,active
IG1920 – Izolant elektrik 52100 Gri 19mm x 20m,Bojera,,,,,bojera,active
IR1920 – Izolant elektrik 52100 i Kuq 19mm x 20m,Bojera,,,,,bojera,active
IW1920 – Izolant elektrik 52100 i Bardhe 19mm x 20m,Bojera,,,,,bojera,active
IB1920 – Izolant elektrik 52100 i Zi 19mm x 20m,Bojera,,,,,bojera,active
602098 – Tenie letre blu 18 mm x 35 m rezistente ndaj nxehtesise dhe rrezeve UV (16 cp),Bojera,,,,,bojera,active
ME2445 – Tenie industriale per mobileri krem 24mm x 45m,Bojera,,,,,bojera,active
YT-81655 – Izolant elektrik 19mmx20m I Verdhe/Jeshile,Bojera,,,,,bojera,active
Silikon Tekadom Akrilik Universal  I Bardhe 260ml (20 cope),Bojera,,,,,bojera,active
25527 – Ngjites PVC P12 50 Gr,Bojera,,,,,bojera,active
602095 – Tenie letre e bardhe 36 mm x 35 m rezistente ndaj nxehtesise dhe rrezeve UV (8 cp),Bojera,,,,,bojera,active
602089 – Skoc paketimi transparent 45 mm x 100 m (6 cp),Bojera,,,,,bojera,active
602088 – Skoc paketimi kaf 45 mm x 100 m (6 cp),Bojera,,,,,bojera,active
HSGU3122 – Super atak,Bojera,,,,,bojera,active
YT-81593 – Izolant elektrik 15mmx10m I Verdhe/Jeshile,Bojera,,,,,bojera,active
Tenie letre portokalli 24 mm x 35 m rezistente ndaj rrezeve UV (72 cope),Bojera,,,,,bojera,active
ME1945 – Tenie industriale per mobileri krem 19mm x 45m,Bojera,,,,,bojera,active
32367 – Silikon Mbushes Acrylic Ngjites i Silikonizuar i bardhe 310 ml / 450 Gr,Bojera,,,,,bojera,active
Silikon Mbushes Acrylic Ngjites i bardhe 280 ml / 516 Gr,Bojera,,,,,bojera,active
602087 – Tenie me PVC gri 48 mm x 10 m e perforcuar me fibra qelqi (1 cp),Bojera,,,,,bojera,active
1409563 – Super ngjites universal I lengshem Loctite 3g,Bojera,,,,,bojera,active
1409568 – Super ngjites fleksibel xhel Loctite 2 g,Bojera,,,,,bojera,active
602090 – Tenie letre portokalli 18 mm x 35 m rezistente ndaj nxehtesise dhe rrezeve UV (16 cp),Bojera,,,,,bojera,active
602093 – Tenie letre e bardhe 24 mm x 35 m rezistente ndaj nxehtesise dhe rrezeve UV (12 cp),Bojera,,,,,bojera,active
602091 – Tenie letre e bardhe 18 mm x 35 m rezistente ndaj nxehtesise dhe rrezeve UV (16 cp),Bojera,,,,,bojera,active
HPET1103 – Izolant elektrik I zi 9.15m,Bojera,,,,,bojera,active
"9676288-02 – Rider RC 320TSAWD, 656.0 cm³, gjeresi prerje 103-112",Bojera,,,,,bojera,active
"9678473-01 – Rider R320XAWD me motor B&S, 500 cm³ dhe gjeresi prerje 94-112 cm",Bojera,,,,,bojera,active
"9605101-93 – Traktor me benzine TC 242TX 14.1kw/ 2600rpm, 108cm / kosh 320Lt sistem automatik",Bojera,,,,,bojera,active
"9706223-01 – Traktor per korrjen e barit TC114, 452 cm³, 9 Kw, 95 cm",Bojera,,,,,bojera,active
"MB9300 – Multikultivator/Traktor me nafte, 11Hp,ndezje elektrike, thellesi 1050mm,me 4 marsha 3+1, goma 5×12 dhe 4×8, set rrotash metalike dhe set thikash 16+16",Bojera,,,,,bojera,active
"2T2000481/ST3 – Traktor STIGA ESTATE 384M, 352cc",Bojera,,,,,bojera,active
"9706544-11 – Korrese bari robotike AM310E, 1000m2, 22cm, prerje 20-55mm, pa tela",Bojera,,,,,bojera,active
"Freze toke me nafte 10 Hp, gjeresi prerje 120 cm",Bojera,,,,,bojera,active
"9666290-04 – Motokose me benzine 555RXT / 53.3 cm³, 2.8 Kw, 9.2 kg",Bojera,,,,,bojera,active
9704931-24 -592XP Motosharre 24 24″ X-TOUGH,Bojera,,,,,bojera,active
"9667331-18 – Motosharre  Husqvarna 572XP / 70.6 cm³, 4.3 Kw 45cm 3/8” 1.3mm",Bojera,,Husqvarna,,,bojera,active
"MB9000CLASSIC – Freze toke me nafte, 10HP, 418cc, 110cm, 3 marshe, ndezje elektrike me bateri",Bojera,,,,,bojera,active
"9657029-18 – Motosharre 372XP /70 cm³, 3.9Kw, 45 cm, 3/8” 1.5 mm",Bojera,,,,,bojera,active
"Fryrese Gjethesh Shpine me Benzine 570BTS 65.6 cm³, 21.8 m³/min",Bojera,,,,,bojera,active
"MB6510 – Multikultivator 2 NE 1 me bezine 4-kohe ,7ΗΡ 212cc, 2 marsha 1 para 1 pas, 58CM (me 12 thika)",Bojera,,,,,bojera,active
"9664283-18 – Motosharre 365 X-Torq / 70.7 cm³, 3.6Kw, 45 cm, 3/8” 1.5 mm",Bojera,,,,,bojera,active
"Freze Toke me me Nafte me 2 marshe 4.5Kw/5.2Hp, gjeresi punimi 120cm, thellesi punimi 15-30cm",Bojera,,,,,bojera,active
"MB7100 – Freze toke me bezine 7.5HP, 4 marshe 2+1, 100cm",Bojera,,,,,bojera,active
"SM9800 – Korrese lendinash me benzine 196cc, 6.5Hp, 100cm ,4000rpm, ndezje me litar 1.6km/h, lartesi pune 1-8cm, me 2 marshe",Bojera,,,,,bojera,active
9676908-38 – Motosharre 550 XP Mark II / 50.1 cm³ 3.0 Kw 45 cm 0.325 1.3 mm,Bojera,,,,,bojera,active
9676906-38 – Motosharre 545 Mark II / 50.1 cm³ 2.7 Kw 45 cm 0.325 1.3 mm,Bojera,,,,,bojera,active
"9679888-01 – Korrese bari me benzine me rrota aktive LC356VP/ 166 cm³, 56 cm motor Honda GCVX-170",Bojera,,Honda,,,bojera,active
"9678506-07 – Motokose me bateri 535IRXT, 36V, me koke me fije dhe disk (vetem trup)",Bojera,,,,,bojera,active
9705500-18 – Motosharre 460 RANCHER / 60.3 cm³ 2.7Kw 45 cm 3/8” 1.5mm,Bojera,,,,,bojera,active
"9676584-01 – Krasitese ligustrash me benzine 522HDR75X / 21.7 cm³, 0.6 Kw, 75 cm",Bojera,,,,,bojera,active
"9704884-01 – Korrese bari me benzine me rrota aktive LC 151S, 166 cm³, 2.7kw,51cm, kosh 65L, 3 funksione",Bojera,,,,,bojera,active
"2L0485808/ST1 – Korrese bari me bateri 48 V COLLECTOR 548 AE 1 bateri 48 V / 4.0 Ah, Koshi 60 lt",Bojera,,,,,bojera,active
"9705499-15 – Motosharre 455  Rancher/ 55.5 cm³, 2.6 Kw, 38 cm, 0.325 1.3 mm",Bojera,,,,,bojera,active
"9667800-02 – Motokose me benzine 553RS / 50.6 cm³, 2.3 Kw",Bojera,,,,,bojera,active
"9673294-01 – Krasitese me benzine 525P4S / 25.4 cm³, 1 Kw, 240 cm",Bojera,,,,,bojera,active
"GC12001 – Freze Toke me benzine me 2 marshe 5.1kW(7.0HP), gjeresi prerje 1200 mm",Bojera,,,,,bojera,active
"15202-32 – Korrese bari Robotike SILENO minimo, per siperfaqe deri 500 m2",Bojera,,,,,bojera,active
"9705412-01 – Korrese bari me benzine me rrota aktive LC 247S me motor B&S 125 cm³, 1.8 Kw, 47 cm, koshi 55 Lt",Bojera,,,,,bojera,active
5856395-01 – Zinxhir top X-CUT S35G 0.325 1.5mm 924D (Made in Sweeden),Bojera,,,,,bojera,active
5033054-01 – HUSQVARNA ZINXHIR 100FT 1/4” mini/1.3 mm,Bojera,,Husqvarna,,,bojera,active
"9705419-02 – Korrese bari me bateri LC142IS dhe rrota aktive, 42 cm, me 1 bateri 36V/4Ah dhe karikues",Bojera,,,,,bojera,active
"9707173-12 – Motosharre me bateri 535IXP, 36V, 30cm, SP11G 1/4” mini 1.1mm (vetem trup)",Bojera,,,,,bojera,active
"9707174-12 – Motosharre krasitje me bateri T535IXP, 30cm, SP11G 1/4” mini 1.1mm (vetem trup)",Bojera,,,,,bojera,active
5855491-01 – Zinxhir top S85 3/8” 1.5 mm 820D me hark,Bojera,,,,,bojera,active
"PM5860 – KORRESE BARI ME BENZINE 196cc , 56cm , 65l",Bojera,,,,,bojera,active
"294426068/ST2 – Korrese bari me bateri COMBI 344e, 1 bateri 48 V / 5.0 Ah, gjeresi prerje 42 cm, Koshi 50 lt",Bojera,,,,,bojera,active
5816266-01 – Zinxhir top C85 3-8” 1.5 mm (Made in Sweeden),Bojera,,,,,bojera,active
"9671936-03 – Motokose me benzine Combi LK129 / 27.6 cm³, 0.85 Kw,43 cm",Bojera,,,,,bojera,active
9672842-01 – Fryrese gjethesh me benxine 525BX/ 86 m-s,Bojera,,,,,bojera,active
"Korrese bari me benzine LC 151 166 cm³, 2.7 Kw, 51 cm, koshi 65 Lt",Bojera,,,,,bojera,active
"9679162-03 – Motokose me bateri 520IRX, 36V, me koke me fije dhe disk (vetem trup)",Bojera,,,,,bojera,active
"15201-32 – SILENO minimo, per siperfaqe deri 250 m2",Bojera,,,,,bojera,active
"15103-32 – SILENO Life, per siperfaqe deri 1250 m2",Bojera,,,,,bojera,active
5855499-01 – Zinxhir top C83 3-8” 1.3 mm profesional 820D (Made in Sweeden),Bojera,,,,,bojera,active
"9705475-05 – Motosharre me bateri 225I, 36V, 30cm, 3.8″ mini, me 1 bateri 36V/4Ah, dhe karikues 40-C80",Bojera,,,,,bojera,active
5816431-01 – Zinxhir top X-CUT SP33G 0.325 1.3mm (Made in Sweeden),Bojera,,3M,,,bojera,active
"9705411-01 – Korrese bari me benzine LC 247 motor 125 cm³, 1.8 Kw, Gjeresia e prerjes 47 cm, koshi 55 Lt",Bojera,,,,,bojera,active
Freze toke NAKAYAMA me bezine 6.5HP – MB7000classic,Bojera,,,,,bojera,active
113796 – Korrese Bari me benzine me rrota aktive EASY 5.10 SP-S / 2.3 kW 51 cm,Bojera,,,,,bojera,active
Trailer bujqesie 500 kg per motofrezat me nafte,Bojera,,,,,bojera,active
Kultivator me benzine 4.8 Kw (6.5 HP) 90 cm,Bojera,,,,,bojera,active
73EXL100R – Zinxhir me kend 3/8” – 1.5 mm – 816 Dh,Bojera,,,,,bojera,active
5854042-01 – Zinxhir top X-CUT S93G 3/8” mini 1.3mm (Made in Sweeden),Bojera,,3M,,,bojera,active
"Kultivator me Benzine 4.8Kw/6.5Hp, gjeresi punimi 90cm, thellesi punimi 15-30cm",Bojera,,,,,bojera,active
"9707373-10 – Motosharre krasitese T525 / 27 cm3, 1.1 Kw, 25 cm",Bojera,,,,,bojera,active
MB6000 – Kultivator me benzine 2 ne 1 6.5Hp,Bojera,,,,,bojera,active
72LPX100R – Zinxhir me kend 3/8”” – 1.3 mm – 820 Dh,Bojera,,,,,bojera,active
75EXL100R – Zinxhir me kend 3/8” 1.6 mm – 816 Dh,Bojera,,,,,bojera,active
21LPX100R – Zinxhir me kend 0.325″ 1.5 mm – 924 Dh,Bojera,,,,,bojera,active
20LPX100R – Zinxhir me kend 0.325 1.3 mm – 924 Dh,Bojera,,,,,bojera,active
75LPX100R – Zinxhir me kend 3/8” 1.6 mm – 820 Dh,Bojera,,,,,bojera,active
73LPX100R – Zinxhir me kend 3/8” – 1.5 mm – 820 Dh,Bojera,,,,,bojera,active
"Shkundese ulliri SIK324x4 12V, tub alumini 2.3m, koke iriq karboni, 14m kabull, 2.8kg – SIK32-4X4/AL",Bojera,,3M,,,bojera,active
"9705009-04 – Korrese bari me bateri LC 137I, 37.5cm, me 1 bateri 36V/4Ah dhe karikues",Bojera,,,,,bojera,active
"9705365-02 – Krasitese ligustrash me bateri 215IHD45, me 1 bateri 36V/4Ah, dhe karikues 40-C80, 45cm",Bojera,,,,,bojera,active
"2L0482048/ST1 – Korrese bari me benzine COLLECTOR 48S, 1.9 kW, Gjeresi prerje 46 cm /Koshi 60 lt",Bojera,,,,,bojera,active
"294346068/ST2 – Korrese bari me bateri COMBI 336e, 1 bateri 48 V / 2.0 Ah, gjeresi prerje 34 cm, Koshi 35 lt",Bojera,,,,,bojera,active
"920001 – Shkundese ulliri Gold Carbon 4×4 , 12 V/24 V , 2.4m tub dhe 15m kabell 2x3mm",Bojera,,3M,,,bojera,active
"9669972-12 – Motosharre krasitese T435 / 35.2 cm³, 1.5 Kw, 30 cm",Bojera,,,,,bojera,active
"9705600-35 – Motosharre 440 II / 40.9 cm³, 1.8 Kw, 38 cm, 0.325 1.3 mm",Bojera,,,,,bojera,active
"9665324-01 – Krasitese ligustrash me benzine 122HD60 / 21.7 cm³, 0.6 Kw, 59 cm",Bojera,,,,,bojera,active
"9704882-01 – Korrese bari me benzine me rrota aktive LC 140SP, 123 cm³, 1.95 KW, 40 cm, koshi 50 Lt",Bojera,,,,,bojera,active
"Krasitese degesh ne distance me bat 120ITK4-P, me 1 bateri 36V/2Ah dhe karikue",Bojera,,,,,bojera,active
"PM5810 – Korrese bari me benzine 6.5HP ,196cc, 53cm, me rrota aktive , koshi 65L",Bojera,,,,,bojera,active
277430008/ST1 – MOTOSHARRE ME BATERI CS 700e 48 V Shpata 35 cm Vetem trup Zinxhiri 3/8”.050”,Bojera,,,,,bojera,active
"9705159-05 – Krasitese ligustrash ne distance me bat 120ITK4-H, me 1 bateri 36V/2Ah dhe karikues",Bojera,,,,,bojera,active
"278502108/ST3 – Fryrese gjethesh me bateri BL 500e kit 48 V, vfryrjes 55 m/s",Bojera,,,,,bojera,active
"PM5310 – KORRESE BARI ME BENZINE 170cc , 51cm , 65l",Bojera,,,,,bojera,active
90PX100R – Zinxhir pa kend 3/8” 1.1 mm – 820 Dh,Bojera,,,,,bojera,active
"113795 – Korrese Bari Easy 4.6 SP-S me benzine me rrota aktive/ 2.0 kW 46 cm, 60L",Bojera,,,,,bojera,active
"Korrese bari me benzine STIGA COLLECTOR 43 / 1,9 Kw, 41 cm",Bojera,,,,,bojera,active
Zinxhiri Oregon me kend 91VXL100R 3/8” mini – 1.3 mm – 820 Dh,Bojera,,,,,bojera,active
"14620-20 – Korrese bari dore me bateri Gardena 18V 2.5Ah, 22cm, lartesi 30-50mm / 50m2",Bojera,,,,,bojera,active
"9706498-04 – Fryrese/ thithese gjethesh me bateri 120IBV, me 1 bateri 36V/4Ah, dhe karikues 40-C80",Bojera,,,,,bojera,active
"287421002/ST1 – Motokose me benzine STIGA BC 555 B, Motori 51.7 cm3 / 1.55 kW /me disk dhe fije",Bojera,,,,,bojera,active
"278420008/ST3 – MOTOSHARRE ME BATERI PR 700e, 48 V, Shpata 30 cm Zinxhiri 3/8”.050” vetem trup",Bojera,,,,,bojera,active
"278102108/ST3 – Motokose me bateri, GT 500e kit, 1 bateri 48 V / 2.0 Ah, Prerja me fije 1.6 mm, Prerja me disk 30 cm",Bojera,,,,,bojera,active
"PM4830 – Korrese bari me benzine 145cc, 3HP,rrota aktive, 25-75mm, gjeresi prerje 46cm, koshi 65lt, ndezje me litar",Bojera,,,,,bojera,active
"9679084-03 – Motokose me benzine 325R / 27.5cm³ , 0.9Kw, 1.2HP",Bojera,,,,,bojera,active
"252421008/ST2 – Krasitese ligustrash me benzine HT 525, 0.65 kW, Gjatesia e lames 46 cm, Doreze e rrotullueshme 1800 ne 3 pozicione",Bojera,,,,,bojera,active
"Korrese Bari me benzine me rrota aktive Easy 5.16 SP-D / 3.0 kW 51 cm, 60L 4ne1 funksione – 114123",Bojera,,,,,bojera,active
"GH6724 – Tub uji vaditje petashuk 3″, 50m, 7bar",Bojera,,,,,bojera,active
"LMLI20186 – Korrese bari me bateri 40V, 46cm /pa karboncina me 2 bateri 5.0Ah / kosh 60L/ 3 funksione",Bojera,,,,,bojera,active
"291342068/ST2 – Korrese bari me bateri COLLECTOR 136e kit 2 bateri 20 V / 2.0 Ah, gjeresi prerje 34 cm, Koshi 35 lt",Bojera,,,,,bojera,active
"287321002/ST1 – Motokose me benzineSTIGA BC 545 B, Motori 42.7 cm3 / 1.25 kW /me disk dhe fije",Bojera,,,,,bojera,active
113794 – Korrese Bari me benzine Easy 4.20 PS Gjeresi prerje 42 cm,Bojera,,,,,bojera,active
91P100R – Zinxhir me kend 3/8” mini – 1.3 mm – 820 Dh,Bojera,,,,,bojera,active
"LV50Z4 – Korrese bari me benzine me rrota aktive me motor GKV170FE- 175CC, gjeresi prerje 50 cm, kosh 70Lt me",Bojera,,,,,bojera,active
"Motosharre 135 MARK II / 38 cm³, 1,6 Kw, 40 cm, 3/8” 1.3 mm",Bojera,,,,,bojera,active
"9704881-01 – Korrese bari me benzine LC 140P me motor HS 123A 123 cm³, 1.95 Kw, 40 cm, koshi 50 Lt",Bojera,,,,,bojera,active
5371966-06 – Aksesor krasitese ligustrash HA850,Bojera,,,,,bojera,active
"9705312-02 – Motokose me bateri 110IL EU, me 1 bateri 36V/2,0Ah dhe karikues 40-C80",Bojera,,,,,bojera,active
"Freze toke me bezine, 4ΗΡ 139cc, 1 marsh,  gjeresi 60CM (12+12 thika)",Bojera,,,,,bojera,active
18620-20 – Karrukull uji automatike RollUp L 25m,Bojera,,,,,bojera,active
"GH6712 – Tub thithje spiral 3″, 30m, 75/82mm",Bojera,,,,,bojera,active
"Motokose me benzine 333R  MARK II /32.6 cm3, 1.0 Kw, me koke me fije",Bojera,,,,,bojera,active
5042-20 – Korrese Bari Elektrike PowerMax 1800 W / 42 cm,Bojera,,,,,bojera,active
15020-20 – Garazhi i korreseve Robotike Sileno,Bojera,,,,,bojera,active
"Korrese Bari me benzine me rrota aktive Easy 4.6 SP-S / 2.0 kW 46 cm, 60L – 114122",Bojera,,,,,bojera,active
"9706204-04 – Fryrese gjethesh me 1 bateri 18V/4Ah B8X-P4A2PKIT, fryrja 10 m³/min, shpejtesia 40 m/s",Bojera,,,,,bojera,active
"9671933-05 – Motokose me fije dhe disk 129R / 28 cm³, 0.8 Kw",Bojera,,,,,bojera,active
34.114.00 – Shkundese ulliri me bateri GE-FS18/53 Li-Solo + Bateri dhe Karikues,Bojera,,,,,bojera,active
"GLM171200 – Korrese bari me benzine me motor 4 kohesh 196CC, 3.5 Kw, 4.8 Hp",Bojera,,,,,bojera,active
287221002/ST1 – Motokose me benzine STIGA BC 535 B,Bojera,,,,,bojera,active
5371966-05 – Krasitese ligustrash e shkurter HA110,Bojera,,,,,bojera,active
"9706203-04 – Krasitese ligustrash me bateri 1 18V/2.5Ah H50-P4A1, tehu 50cm, prerja 23mm, pesha 3.1kg",Bojera,,3M,,,bojera,active
"GJB570 -Motokose Krasitese Force Pro 25.4CC, 0.75kw  Lame 55 cm, e lëvizshme kënd 90",Bojera,,,,,bojera,active
"DZ64S – Turrjelë toke me benzinë 63.3 cc, 2.2 kW",Bojera,,,,,bojera,active
"14637-20 – Korrese bari elektrike PowerMax 1800W, 37cm",Bojera,,,,,bojera,active
"CGSLI401682 – Motosharre me 2 bateri  40V/2.0 Ah, motor pa karboncina dhe shpate 40 cm",Bojera,,,,,bojera,active
"CM-2.0D – Bluarse per kalli misri 2200W me kambalec, 2.2 Kw/3.0 Hp, 600 kg/Ore",Bojera,,,,,bojera,active
"WX168F1-30A – Sperkates ilaçi me motorr Honda 168F, 6.5HP, 35 l/min",Bojera,,Honda,,,bojera,active
"PM4820 – Korrese bari me benzine 145cc, 3.9HP, lartesi 25-75mm, gjeresi prerje 46cm, koshi 65lt, ndezje me litar",Bojera,,,,,bojera,active
34.306.20 – Grirese degesh 2500W max 40mm,Bojera,,,,,bojera,active
"WX-SM5104B – Korrese bari me benzine me rrota aktive 4 HP, 51 cm",Bojera,,,,,bojera,active
"Motosharre 130 / 38 cm³, 1.5 Kw, 40 cm, 3/8” 1.3 mm",Bojera,,,,,bojera,active
"EB975 – Fryrës gjethesh shpine me benzine 32.6 CC, 0.9 kW, 7000 rpm",Bojera,,,,,bojera,active
PB6310 – Motokose me benzine 62CC 3HP me sistem antivibrimi,Bojera,,,,,bojera,active
"577616901 – Trajler bujqesie 150kg, goma 16”",Bojera,,,,,bojera,active
"Korrese Bari me benzine Easy 4.6 SP-S / 2.0 kW 46 cm, 60L – 114121",Bojera,,,,,bojera,active
"Krasitese dore me bateri 18V P5-P4A51PKIT, me 1 bateri 18V/2.5Ah & karikues",Bojera,,,,,bojera,active
"9706202-04 – Motokose me fije me 1 bateri 18V/2.5Ah, T28-P4A1PKIT, 28cm, kontroll dixhital, trup I palosshem, 2.6kg",Bojera,,,,,bojera,active
"PD5230 – Turrjelë toke me benzinë 52 cc, 1.49 kW",Bojera,,,,,bojera,active
CHTLI400282 – Krasitese ligustrash me bateri 20V / 2.0 Ah 65cm 3600rpm,Bojera,,,,,bojera,active
"Motosharre me benzine CS50S 168” 50cc, 2.1Kw – 967300301",Bojera,,,,,bojera,active
"967865601 – Motokose multifunksionale 4 ne 1 B33PS, 0.9Kw, 33cc",Bojera,,,,,bojera,active
"PH2570 – Krasitese ligustrash me benzine 25,4cc, 1,2 Hp, lame dysh lazer-cut 70cm",Bojera,,,,,bojera,active
"MT260 – Motokose multifunksionale Force Pro 4 ne1 25.4CC, 0.75KW",Bojera,,,,,bojera,active
GLM141180 – Korrese Bari /141 cc/ Gjeresi prerjes 46 cm / 7 nivele prerje / koshi 55 L,Bojera,,,,,bojera,active
"DZ52S – Turrjele toke me benzine Force Pro 51.7CC, 1.4kw",Bojera,,,,,bojera,active
CSTLI202522 – Motokose krahu me 2 bateri 40V/4.0 Ahnme 2 funksione,Bojera,,,,,bojera,active
604419 – Elektrosharre CS1500 me vetemprehje Oregon,Bojera,,,,,bojera,active
"Motosharre 120 MARK II / 38.2 cm³, 1.4 Kw, 35 cm, 3/8” 1.3 mm",Bojera,,,,,bojera,active
5371833-23 – Krasitese e zgjatueshme PA1100,Bojera,,,,,bojera,active
18600-20 – Karrukull uji automatike 15m Roll up M,Bojera,,,,,bojera,active
Motokose me benzine BC 500 B / 50 cc me fije dhe disk – 113785,Bojera,,,,,bojera,active
"Motkose me banzine 52 cc, 2.3 Hp, Euro 5",Bojera,,,,,bojera,active
"YT-84963 – Zinxhir top 0,325 1.5mm/ 0.058′ / 923 dhembe",Bojera,,,,,bojera,active
"FELCO22 – Gershere krasitje me dy duar “Ergonomic”,  840mm, Ø 45mm",Bojera,,,,,bojera,active
"GCS5602411 – Motosharre me benzine 62 cc, 2.4 Kw, shpate 60 cm",Bojera,,,,,bojera,active
34.370.00 – Turrjele toke 2ne1 me bateri 18V (vetem trup),Bojera,,,,,bojera,active
9835-20 – Krasitese Ligustrash PowerCut 700/65 – 700 W 65 cm,Bojera,,,,,bojera,active
CPTS201681 – Krasitese multifunksionale 2 ne 1 me,Bojera,,,,,bojera,active
"CGSLI201286 – Motosharre me dy bateri 20V / 4.0Ah, motor pa karboncina shpate 30cm",Bojera,,,,,bojera,active
"WG430 – Kultivator me benzine me 2 kohe 42.7 CC, 320 mm, me 4 thika",Bojera,,,,,bojera,active
"Motosharre me benzine CS380TL 16″ 38cc, 1.4Kw",Bojera,,,,,bojera,active
"MT330 – Krasitëse multifunksionale 2ne1 me benzinë 32.6 CC, 0.9 kW",Bojera,,,,,bojera,active
113784 – Motokose me benzine BC 400 B / 40 cc me fije dhe disk,Bojera,,,,,bojera,active
"Motokose Multifunksionale 4Ne1 52CC, 1.4Kw, gjeresi prerje 420mm, me fije dhe disk – WGM4552",Bojera,,,,,bojera,active
"292614008/ST2 – Elektrosharre CS 118, 1800 W, Shpata 35 cm, Shpejtesia e zinxhirit 10 m/s",Bojera,,,,,bojera,active
"GBC53144141 – GBC53144141nMotokose menbenzinenme 4 kohe 31cc,n0.7 Kw / 1.1 HPnme fije dhe disk",Bojera,,,,,bojera,active
113758 – Motokose me benzine BC 330 B / 33 cm me fije dhe disk,Bojera,,,,,bojera,active
Bluarese dritherash 1100 Watt me kapacitet 240 kg/ore,Bojera,,,,,bojera,active
Motosharre me benzine 45 cc 2.4 HP 45 cm,Bojera,,,,,bojera,active
"BIN1056 – Inkubator vezesh automatik, 80W per 56 veze, permasa 54*25*51cm",Bojera,,,,,bojera,active
"DZ52 – Turrjelë toke me benzinë 51.7 cc, 1.4 kW",Bojera,,,,,bojera,active
"Korrese bari me benzine KM127 / 2.1Kw gjeresi prerje 41cm, kosh 40L Lartesi prerje 25-76mm – Km128",Bojera,,,,,bojera,active
"EC1500 – Sharre mini me 1 bateri 16.8V/2.0Ah, me vaj shpate 13cm, zinxh 1/4″/ 1.1mm",Bojera,,,,,bojera,active
12222-20 – Gershere Krasitese me bateri 3.6V AssistCut,Bojera,,,,,bojera,active
113692 – Motokose me benzine BC 223 B / 23 cc me fije dhe disk,Bojera,,,,,bojera,active
Elektrosharre 2400 W 450 mm,Bojera,,,,,bojera,active
YT-84960 – Zinxhir top 3/8” 1.3mm / 816 dhembe,Bojera,,3M,,,bojera,active
"Sharre mini me 2bateri 21V, 2.0Ah, shpate 20cm 1/4″ 1.1mm vajisje zinxhiri automatike, pa karboncina",Bojera,,,,,bojera,active
"Gershere krastije me 1 bateri 16.8V, 2.0Ah, 22-28mm pa karboncina",Bojera,,,,,bojera,active
Korrese bari elektrike PowerMax 1200W – 14633-20,Bojera,,,,,bojera,active
"Motosharre me benzine CS 35, 14” 35cc ,1.4Kw",Bojera,,,,,bojera,active
"CGET33 – Motokose me 4 Kohe Force Pro, Motori me 4 kohe,  33.5CC, 0.95 kw me fije dhe disk",Bojera,,,,,bojera,active
"255260002/ST1 – Fryrese gjethesh elektrike BL130C V, 2600 W, Volumi ajrit 92 m/s, Max fryrjes 7 m³/min",Bojera,,,,,bojera,active
24549B – Percinuese zinxhiri,Bojera,,,,,bojera,active
24548B – Çpercinuese zinxhiri,Bojera,,,,,bojera,active
"CGSLI20128 – Motosharre me bateri 20V, shpate 12” motor pa karboncina (vetem trup)",Bojera,,,,,bojera,active
"9667797-01 – Motokose me fije 122C / 21.7 cm³, 0.8 Hp",Bojera,,,,,bojera,active
"EB260 – Fryrës gjethesh me benzinë 25.4 CC, 0.75 kW, 10 m3/ore",Bojera,,,,,bojera,active
"Mprehese zinxhiri 230W, diametri i diskut Ø 145×22.2 mm",Bojera,,,,,bojera,active
"Motosharre me benzine 50cc, 2.6 Hp, shpate 50 cm, zinxhiri 0,325” 1,5",Bojera,,,,,bojera,active
YT-84959 – Zinxhir top 3/8″ 1.1mm / 816 dhembe,Bojera,,,,,bojera,active
"620370 – Elektrosharre CS1200 1800 Watt, shpata 35cm,zinxhir 3/8 x 0.050”",Bojera,,,,,bojera,active
CEALI208011-Turrjele Toke me bateri 20V/4.0 Ah me motor pa karboncina (perfshire turrjele 80 cm),Bojera,,,,,bojera,active
"CSSLI203083 – Gershere krasitese me bateri , Diametri 30 mm",Bojera,,,,,bojera,active
"Motosharre krasitese me benzine 25.4cc, 1.1 Hp, shpate 25 cm, zinxhir 3/8”, 1.3mm",Bojera,,3M,,,bojera,active
"967057401 – Motokose me benzine B33 B, 33cc me disk dhe koke me fije",Bojera,,,,,bojera,active
"256050002/ST1 – Krasitese Ligustrash Elektrike HT 105c, Fuqia 500 W, Gjatesia e lames 45 cm, Dimensioni max i prerjes 16 mm",Bojera,,,,,bojera,active
"DZ43 – Turrjelë toke me benzinë 42.7 cc, 1.25 kW",Bojera,,,,,bojera,active
"SLP510 – Krasitëse ligustrash me benzinë 25.4 CC, 0.9 kW, 510 mm",Bojera,,,,,bojera,active
"GH6720 – Tub uji vaditje petashuk 2″, 50m, 6bar",Bojera,,,,,bojera,active
PB6210 – Motokose me benzine 62CC 3HP,Bojera,,,,,bojera,active
"293380064/A14 – Korrese bari elektrike ALPINA BL380E, 1400 W, koshi 40 L, gjeresi prerje : 38 cm",Bojera,,,,,bojera,active
18055-20 – Tub uji Flex 3/4” 50m,Bojera,,,,,bojera,active
5031-20 – Korrese Bari Elektrike PowerMax 1100 W / 32 cm,Bojera,,,,,bojera,active
"CG640 – Motokose me benzine Force Pro, 63.3CC 2.2 kw me fije dhe disk",Bojera,,,,,bojera,active
9832-20 – Krasitese Ligustrash EasyCut 500 W / 55 cm,Bojera,,,,,bojera,active
18520-20 – Karoce me rrota dhe doreze te zgjatueshme / per 100 m tub,Bojera,,,,,bojera,active
"GCS5261011 – Motosharre Krasitese me benzine 25.4 cc, 0.7 Kw, 25 cm",Bojera,,,,,bojera,active
"Gershere delesh profesionale 350W, 2400rpm dhe 5m kabllo ne valixhe",Bojera,,,,,bojera,active
76196.30650.59 – Tub Uji Jeans 3/4” 50 m NTS,Bojera,,,,,bojera,active
Krasitese Ligustrash EasyCut 450 W/ 50 cm plus Doreza kopshtarie,Bojera,,,,,bojera,active
5966911-84 – Palle 60 cm 3/8” 1.5 mm,Bojera,,,,,bojera,active
"Motokose me Benzine 52CC, 1.4Kw, 2.2Hp me fije dhe fisk, ndezje te lehte",Bojera,,,,,bojera,active
CSTLI20018 – Motokose me  bateri 20V/4.0 Ah me 2 funksione (krasitje dhe kositje) me motor pa karboncina (vetem trup),Bojera,,,,,bojera,active
"GCS5451811 – Motosharre me Benzine 46 cc, 1.8 kW, 45 cm",Bojera,,,,,bojera,active
"Korrese bari elektrike me motor me induksion 1600W, gjeresi prerje 38 cm, koshi 50 Lt",Bojera,,,,,bojera,active
"Gershere krastije me 2 bateri 21V, 2×2.0Ah, 22-28mm pa karboncina, me aksesore",Bojera,,,,,bojera,active
09831-20 – Krasitese Ligustrash EasyCut 450 W/ 50 cm,Bojera,,,,,bojera,active
18541-20 – Karroce metalike me rrota per 100 m tub,Bojera,,,,,bojera,active
"CGTB52 – Motokose me benzine PROLINE, 52cc me fije dhe disk",Bojera,,,,,bojera,active
"Korrese Bari Elektrike  3.82 SE / 1400 W, gjeresi prerje 38 cm",Bojera,,,,,bojera,active
"LM383 – Korrese bari elektrike me motor me induksion 1600W, gjeresi prerje 38 cmerje 38 cm, koshi 45 Lt",Bojera,,,,,bojera,active
"GBC5434421 – Motokose me benzine 42.7 cc, 1.25 Kw",Bojera,,,,,bojera,active
71017.42950.59 – Tub Uji FITT MINT  1″ 50 m,Bojera,,,,,bojera,active
71300.42950.59 – Tub Uji FITT MIMOSA 1″ 50m*,Bojera,,,,,bojera,active
18025-20 – Tub uji Classic 3/4″ 50m,Bojera,,,,,bojera,active
Krasitese Ligustrash EasyCut 420 W / 45 cm,Bojera,,,,,bojera,active
"WX-CG300 – Krasitese multifuksionale me motorr 1E34F me 2 kohe, 25.4cc , 0.7 KW",Bojera,,,,,bojera,active
76199.30650.59 – Tub Uji Orange 3/4” 50 m NTS,Bojera,,,,,bojera,active
"Motokose me benzine 52 cc, 2 HP",Bojera,,,,,bojera,active
"252060002/ST1 – Elektrokose elektrike GT 106C 600 W, Gjeresia e prerjes 30 cm, Fije Tap & Go 1.5 mm",Bojera,,,,,bojera,active
"Motokose me Benzine 62CC, 2.4Kw, gjeresi prerje 420mm, me fije dhe disk, ndezje te lehte – WGM2562",Bojera,,,,,bojera,active
"CGTC52 – Motokose me benzine Force Pro 52CC, 1.4 kw me fije dhe disk",Bojera,,,,,bojera,active
"CGTB43 – Motokose me benzine PROLINE 42.7CC, 1.25 kW (CGTN43)",Bojera,,,,,bojera,active
5966911-68 – Palle 45cm X-TOUGH 3/8” 1.5mm,Bojera,,,,,bojera,active
"Elektrosharre 1800W, Lame 35cm 3/8″ LP 1.3mm Rpm: 7500",Bojera,,3M,,,bojera,active
"EC1100 – Sharre mini me 2 bateri 21V/2.0Ah, shpate 15cm 1/4″ 1.1mm me pompacine vaji manuale pa karboncina",Bojera,,,,,bojera,active
"Sperkatese Shpine me bateri 20V/2.0 Ah, depozite 16Lt, presion 5 bar, 2 nivele sprucimi",Bojera,,,,,bojera,active
"MG10040 – Tub uji Color Elastic Standard 1” 50m, 0.320gr/m , 25mm 1 shtrese PVC super rezistente",Bojera,,,,,bojera,active
"CGTC43 – Motokose me benzine Force Pro 42.7CC, 1.25 kw me fije dhe disk",Bojera,,,,,bojera,active
113864 – Korrese bari Manuale 28.1 HM Easy,Bojera,,,,,bojera,active
"HGP-60 – Shtrydhese rrushi elektrike 550W/0.75 Hp, 280 Kg/Ore",Bojera,,,,,bojera,active
9249 – Sharre krasitese me hark dhe bisht teleskopik 6 m / 360-BH,Bojera,,,,,bojera,active
9872-20 – Elektrokose ComfortCut 550 W / 28 cm,Bojera,,,,,bojera,active
77042.30650.59 – Tub Uji FLORA 3/4”50 m,Bojera,,,,,bojera,active
"Sperkates me bateri 5Lt + 1Lt, 6V",Bojera,,,,,bojera,active
"Fryrese/Aspirator Gjethesh me bateri 40V (2x20V),  fryrja 10m³/min (vetem trup)",Bojera,,,,,bojera,active
188ATMD009 – Palle lazer 45 cm 3/8” 1.5 mm 68 Dh,Bojera,,,,,bojera,active
18511-20 – Karroce me rrota AquaRo / per 60 m tub,Bojera,,,,,bojera,active
"CGTB33 – Motokose me benzine PROLINE 32.6 CC, 0.9 kW (CGTN33)",Bojera,,,,,bojera,active
"EH7750 – Krasitese ligustrash elektrike 710W, 71cm",Bojera,,,,,bojera,active
"34.153.02 – Ngjeshes toke metalik diam 32cm, gjeresi 57cm, 46L",Bojera,,,,,bojera,active
"CGSLI20851 – Motosharre me motorr pa karboncina, me",Bojera,,,,,bojera,active
"MF30143 – Tub uji Idro Lili 1” 50m, 0.110gr/m 25mm 3 shtresa",Bojera,,,,,bojera,active
"CGTC33 – Motokose me benzine Force Pro 32.6 CC, 0.9 kw me fije dhe disk",Bojera,,,,,bojera,active
79984 – Tub uji petashuq blu 3″ 50m,Bojera,,,,,bojera,active
YT-84870 – Elektrosharre 2000w 16” 40cm/ Zinxhir 56DH 3/8”,Bojera,,,,,bojera,active
9870-20 – Elektrokose EasyCut 450 W / 25 cm,Bojera,,,,,bojera,active
112805 Korrese Bari Elektrike AL-KO,Bojera,,,,,bojera,active
"Bluarse Drithrash 1100W me kambalec, 1.1 Kw/1.5 Hp, 240 kg/Ore, 3900 r/min",Bojera,,,,,bojera,active
5976689-41 – Fije motokose Opti Quadra 4.0mm x  240m,Bojera,,,,,bojera,active
71039.42950.59 – Tub Uji IDRO – COLOR jeshile 1″ 50 m,Bojera,,,,,bojera,active
34.083.00 – Gershere krasitese degesh me bateri 18V GE-LS 18 Li-Solo (vetem trup),Bojera,,,,,bojera,active
Rrjete per ullinj 90gsm 8x14m,Bojera,,,,,bojera,active
76196.42925.59 – Tub Uji Jeans 1” 25 m NTS,Bojera,,,,,bojera,active
76196.20650.59 – Tub Uji Jeans 5/8” 50 m NTS,Bojera,,,,,bojera,active
18039-20 – Tub uji Flex 1/2” 50m,Bojera,,,,,bojera,active
Karroce me 20 m tub 1/2″ dhe rakorderi,Bojera,,,,,bojera,active
77042.42925.59 – Tub Uji FLORA 1″ 25 m,Bojera,,,,,bojera,active
"FELCO7 – Gershere krasitje “Standart model”, 210 mm, Ø25 mm",Bojera,,,,,bojera,active
"CGTB26 – Motokose me benzine PROLINE 25.4 CC, 0.75 kW (CGTN26)",Bojera,,,,,bojera,active
112929 – Elektrokose GTE 450 W me fije 30 cm,Bojera,,,,,bojera,active
18502-20 – Karroce me rrota CleverRoll S me tub 20 m 1/2 dhe set rakorderie me pistolete vaditje,Bojera,,,,,bojera,active
Rrjete per ullinj 90gsm 8x12m,Bojera,,,,,bojera,active
Rrjete per ullinj 90gsm 7x14m,Bojera,,,,,bojera,active
"Motokose me Benzine 52CC, 1.4Kw, gjeresi prerje 420mm, me fije dhe disk, ndezje te lehte – WGM2552",Bojera,,,,,bojera,active
"GH6700 – Tub thithje spiral 3/4″, 50m, 19/23mm",Bojera,,3M,,,bojera,active
"34.002.57 – Korrese bari elektrike 1000W 32CM GC-EM 1032, koshi 30L",Bojera,,,,,bojera,active
"MF30040 – Tub uji Doris 1” 50m, 0.280Gr/m, 25mm 3 shtresa",Bojera,,,,,bojera,active
"CGTC26 – Motokose me benzine Force Pro 25.4 CC, 0.75 kw me fije dhe disk",Bojera,,,,,bojera,active
4088-60 – Tel shtrimi i perforcuar 150 m per korreset Robotike Sileno,Bojera,,,,,bojera,active
CHTLI20461 – Krasitese ligustrash me bateri 20 V / 2.0 Ah,Bojera,,,,,bojera,active
1890-29 – Ore kompiuterike per kontrollin e vaditjes,Bojera,,,,,bojera,active
8509 – Sharre krasitese me hark dhe bisht teleskopik 3 m / 330-BH,Bojera,,,,,bojera,active
FELCO13 – Gershere krasitje “Basic model” 270mm Ø 25 mm,Bojera,,,,,bojera,active
"LM385 – Korrese bari elektrike 1600 W, gjeresi prerje 38 cm, koshi 45 Lt",Bojera,,,,,bojera,active
"GH6714 – Tub uji vaditje petashuk 1″, 50m, 8bar",Bojera,,,,,bojera,active
76196.16650.59 – Tub Uji Jeans 1/2” 50 m NTS,Bojera,,,,,bojera,active
"YT-84971 – Cpercinuese Zinxhiri 1/4, 0.325, 3/8, 0.404, 90-91P",Bojera,,,,,bojera,active
K35 – Koke shkundese ulliri per motokosa multifunksionale,Bojera,,,,,bojera,active
77042.20650.59 – Tub Uji FLORA 5/8″ 50 m,Bojera,,,,,bojera,active
71021.42950.59 – Tub Uji IDRO – YELLOW 1″ 50 m,Bojera,,,,,bojera,active
CGTLI20301 – Motokose me bateri 20V/2.0 Ah,Bojera,,,,,bojera,active
"5STY-50-90 – Shkermoqese per kalli misri 750W, 0.75 Kw/1.0 Hp, 240kg/Ore",Bojera,,,,,bojera,active
90205 – Litar starti 5.5 mm x 100 m,Bojera,,,,,bojera,active
18010-20 – Tub uji Classic 1/2″ 50m,Bojera,,,,,bojera,active
"FELCO11 – Gershere krasitje “Ergonomic-Compact”, 195 mm, Ø20 mm",Bojera,,,,,bojera,active
DB300 – Turrjele Ø 300 mm,Bojera,,,,,bojera,active
"Motokose me benzine me 2 kohe, 52 cc me disk",Bojera,,,,,bojera,active
"Gershere krasitje , 200 mm, Ø20 mm",Bojera,,,,,bojera,active
"Shkermoqese per kalli misri 550W, 0.55 Kw/0.75 Hp, 180 kg/Ore",Bojera,,,,,bojera,active
"Gershere Krasitese me bisht teleskopik TeleCut Pro S 55 mm, 52 cm",Bojera,,,,,bojera,active
"BTW9053 – Kosh plastik mbeturinash, me rrota 55x47x96cm, GRI",Bojera,,,,,bojera,active
WVZ1515 – Karrukull uji 1/2″ 15 M,Bojera,,,,,bojera,active
CGSLI20581 – Sharre krasitese me bateri 20V /,Bojera,,,,,bojera,active
71300.30650.59 – Tub Uji FITT MIMOSA 3/4” 50 M,Bojera,,,,,bojera,active
"MG10030 – Tub uji Color Elastic Standard 3/4” 50m, 0.200gr/m , 19mm 1 shtrese PVC super rezistente",Bojera,,,,,bojera,active
CABLI203235 – Fryrese Gjethesh me bateri 20V ( bateri 2.0ah+karikues),Bojera,,,,,bojera,active
90204 – Litar starti 5.0 mm x 100 m,Bojera,,,,,bojera,active
5976691-42 – Fije motokose Whisper Twist 3.0 x 210 m,Bojera,,,,,bojera,active
Karroce me 15 m tub 1/2″ dhe rakorderi,Bojera,,,,,bojera,active
12304-20 – Gershere Ligustrash TeleCut me bisht teleskopik,Bojera,,,,,bojera,active
12303-20 – Gershere Ligustrash me ingranazhe / 60 cm,Bojera,,,,,bojera,active
WX-103 – Tub sperkatje me presion Ø 8.5 mm x 100 m,Bojera,,,,,bojera,active
"FELCO630 – Sharre krasitese me lama te drejta 496 mm, Ø 120mm",Bojera,,,,,bojera,active
"FELCO8 – Gershere krasitje “Basic model”, 225 mm, Ø25 mm",Bojera,,,,,bojera,active
SN7100 – Rrjete per ullinj 90gsm 7x12m,Bojera,,,,,bojera,active
Elektrokose GTE 350 W me fije 25 cm,Bojera,,,,,bojera,active
5389208-72 – Palle 50 cm 3/8” 1.5 mm LM,Bojera,,,,,bojera,active
"Sharre mini me 2 bateri 21V 2x2Ah, Zinxhir 1/4″1.1mm 18.5dh’, shpate 15cm, pa karboncina, me aksesor",Bojera,,,,,bojera,active
COSLI240998 – Combo Kit me bateri 20V/2.0 Ah (Fryrese gjethesh me bateri CABLI20028 + Apirator makine CVLI201261),Bojera,,,,,bojera,active
76196.30625.59 – Tub Uji Jeans 3/4” 25 m NTS,Bojera,,,,,bojera,active
"MF30142 – Tub uji Idro Lili 3/4” 50m, 0.110gr/m 19mm 3 shtresa",Bojera,,,,,bojera,active
EH4510 – Krasitese ligustrash elektrike 450W 50cm,Bojera,,,,,bojera,active
90203 – Litar starti 4.5 mm x 100 m,Bojera,,,,,bojera,active
"Fije per motokosa ne karrukull per profil Twist 4,30mm-113m",Bojera,,3M,,,bojera,active
8798-20 – Gershere Krasitese alumini me kriket Comfort 25 mm,Bojera,,,,,bojera,active
5859434-68 – Palle 45 cm 3/8” 1.5 mm,Bojera,,,,,bojera,active
5822076-56 – Palle X-Force 40 cm 3/8″ mini 1.3 mm,Bojera,,,,,bojera,active
76199.16650.59 – Tub Uji Orange 1/2” 50 m NTS,Bojera,,,,,bojera,active
"FELCO4 – Gershere krasitje “Classic model”, 215 mm, Ø25 mm",Bojera,,,,,bojera,active
Rrjete per ullinj 90gsm 6x12m,Bojera,,,,,bojera,active
SN7000 – Rrjete per ullinj 90gsm 6x10m,Bojera,,,,,bojera,active
5389208-68 – Palle 45 cm 3/8” 1.5 mm,Bojera,,,,,bojera,active
"AB8038 – Fryrese Gjethesh/Aspirator thithes 800W, fryrja 0-4.5m³/min, me shpejtesi te ndryshueshme",Bojera,,,,,bojera,active
"CSPLI2016 – Sperkatese Shpine me bateri 20V, depozite 16Lt, presion 5 bar, 2 nivele sprucimi (vetem trup)",Bojera,,,,,bojera,active
71017.42925.59 – Tub Uji FITT MINT  1″ 25 m,Bojera,,,,,bojera,active
71300.42925.59 – Tub Uji FITT MIMOSA 1″ 25m*,Bojera,,,,,bojera,active
YT-84970 – Percinuese Zinxhiri 2.1mm 1/4 Metalike A3,Bojera,,,,,bojera,active
79983 – Tub uji petashuq blu 2″ 50m,Bojera,,,,,bojera,active
34.020.22 – GC-ET 4530 Set Elektrokose 450W me 3 koka rezerve,Bojera,,,,,bojera,active
CABLI20428 – Fryrese Gjethesh me bateri 20V motor pa karboncina (vetem trup),Bojera,,,,,bojera,active
5820869-72 – Palle 45 cm 0.325 1.5 mm,Bojera,,,,,bojera,active
5822076-52 – Palle 35.56 cm 3/8″ mini 1.3 mm,Bojera,,,,,bojera,active
5784470-01 – Koke filispanje T55 x M12,Bojera,,,,,bojera,active
Gershere Ligustrash EasyCut 20 cm,Bojera,,,,,bojera,active
8702-20 – Gershere Krasitese Hardhie Inoxi B/L 22 mm,Bojera,,,,,bojera,active
77042.16650.59 – Tub Uji FLORA 1/2″ 50 m,Bojera,,,,,bojera,active
"FELCO611 – Sharre krasitese me lama te drejta 500 mm, Ø 100mm",Bojera,,,,,bojera,active
"FELCO6 – Gershere krasitje “Anvil model”, 210 mm, Ø25 mm",Bojera,,,,,bojera,active
8842 – Gershere ligustrash alumini 40 cm KM-37,Bojera,,,,,bojera,active
76199.30625.59 – Tub Uji Orange 3/4” 25 m NTS,Bojera,,,,,bojera,active
5784001-72 – Palle 45 cm 0.325 1.3 mm,Bojera,,,,,bojera,active
"WEN3205 – Korrese bari elektrike 1300W, gjeresi prerje 33cm, koshi 30 Lt",Bojera,,,,,bojera,active
8743-20 – Sharre Krasitese me palosje 200 mm,Bojera,,,,,bojera,active
"34.252.40 – Sperkates dore me bateri 18V, 1GE-WS 1.3Bar depozite 1L (vetem trup)",Bojera,,,,,bojera,active
"MF30030 – Tub uji Doris 3/4” 50m, 0.180Gr/m, 19mm 3 shtresa",Bojera,,,,,bojera,active
90202 – Litar starti 4.0 mm x 100 m,Bojera,,,,,bojera,active
18034-20 – Tub uji Flex 1/2” 20m me rakorderi,Bojera,,,,,bojera,active
8745-20 – Sharre krasitese 400 mm,Bojera,,,,,bojera,active
9805-20 – Elektrokose SmallCut 300 W / 23 cm,Bojera,,,,,bojera,active
77042.30625.59 – Tub Uji FLORA 3/4″ 25 m,Bojera,,,,,bojera,active
DB250 – Turrjele Ø 250 mm,Bojera,,,,,bojera,active
"LM321 – Korrese Bari Elektrike 1200W, gjeresi prerje 32cm, kosh 28Lt, lartesi prerje 28/48/68mm",Bojera,,,,,bojera,active
CABLI200181 – Fryrese Gjethesh me bateri 20 V / 2.0 Ah,Bojera,,,,,bojera,active
5859508-60 – Palle 40 cm 3/8″ 1.5 mm,Bojera,,,,,bojera,active
"WEN3201 – Korrese bari elektrike 1200W, gjeresi prerje 32cm, koshi 30 Lt",Bojera,,,,,bojera,active
"WBLP521 – Fryrese gjethesh me bateri 20V , 2.0Ah",Bojera,,,,,bojera,active
5820869-66 – Palle 40 cm 0.325 1.5 mm,Bojera,,,,,bojera,active
5784001-64 – Palle 38 cm 0.325 1.3 mm,Bojera,,,,,bojera,active
461742 – Thike rezerve majtas per Traktorin 18-103.2HD,Bojera,,,,,bojera,active
461743 – Thike rezerve djathtas per Traktorin 18-103.2HD,Bojera,,,,,bojera,active
71300.20650.59 – Tub Uji FITT MIMOSA 5/8″ 50m*,Bojera,,,,,bojera,active
"Gershere krasitje “Ergonomic”, 210 mm, Ø25 mm",Bojera,,,,,bojera,active
5820753-66 – Palle 40 cm 0.325 1.3 mm,Bojera,,,,,bojera,active
5976692-40 – Fije motokose Corecut 3.3 mm x 120m,Bojera,,,,,bojera,active
Tub uji Flex 1/2” 30m,Bojera,,,,,bojera,active
"Sharre krasitese me lama te Kthyer 437 mm, Ø 100mm",Bojera,,,,,bojera,active
DB200 – Turrjele Ø 200 mm,Bojera,,,,,bojera,active
203VXLHD025 – Palle 50 cm 3/8” 1.6 mm 72 Dh,Bojera,,,,,bojera,active
"5985627-01 – Thike per LC 356VP, 56cm",Bojera,,,,,bojera,active
"5985626-01 – Thike per LC 151, 51cm",Bojera,,,,,bojera,active
5784468-01 – Koke filispanje T45 x M12,Bojera,,,,,bojera,active
Fije per motokosa ne karrukull per profil Katror4.00mm x 80m,Bojera,,,,,bojera,active
Fije per motokosa ne karrukull per profil Katror3.00mm x 140m,Bojera,,,,,bojera,active
PD1150 – Turrjele Ø 150 mm per PD5230,Bojera,,,,,bojera,active
5784001-56 – Palle 33 cm 0.325 1.3 mm,Bojera,,,,,bojera,active
34.370.10 – Turrjele rezerve 120mm per turrjelen 2 ne 1,Bojera,,,,,bojera,active
76196.20625.59 – Tub Uji Jeans 5/8” 25 m NTS,Bojera,,,,,bojera,active
76199.16620.59 – Tub Uji Orange 1/2” 20 m NTS KIT,Bojera,,,,,bojera,active
HGP-50 – Shtrydhese rrushi mekanike 180 kg/Ore,Bojera,,,,,bojera,active
90201 – Litar starti 3.5 mm x 100 m,Bojera,,,,,bojera,active
5976688-32 – Fije motokose ROUND 2.7 mm x 240 m,Bojera,,,,,bojera,active
"5976692-50 – Fije motokose Corecut 4,0x80m",Bojera,,,,,bojera,active
8203-29 – Vadites I fshehur T200 / 80-200 m²,Bojera,,,,,bojera,active
8906-20 – Gershere Krasitese Hardhie Alumini B/L 25 mm,Bojera,,,,,bojera,active
DB150 – Turrjele Ø 150 mm,Bojera,,,,,bojera,active
71021.30650.59 – Tub Uji IDRO – YELLOW 3/4″ 50 m,Bojera,,,,,bojera,active
"Fije per motokosa ne karrukull per profil Twist 4,30mm-70m",Bojera,,,,,bojera,active
"Fije per motokosa ne karrukull per profil Twist 4,00mm-80m",Bojera,,,,,bojera,active
"5293407-60 – Palle 25cm 10” mini 1/4” , 1.1mm",Bojera,,,,,bojera,active
492209 – Thike per Korrese Bari Easy 5.10 SP-S,Bojera,,,,,bojera,active
571039 – Zinxhir 3/8 1.3mm + Gur vetemprehes per motosharren CS1500,Bojera,,3M,,,bojera,active
8742-20 – Sharre Krasitese me palosje 135 mm,Bojera,,,,,bojera,active
"FELCO160S – Gershere krasitje , 220 mm, Ø25 mm",Bojera,,,,,bojera,active
"Gershere krasitje “Classic New generation”, 210 mm, Ø25 mm",Bojera,,,,,bojera,active
Gershere Ligustrash Nature Cut me bisht druri 535 mm,Bojera,,,,,bojera,active
492208 – Thike per Korrese Bari Easy 4.6 SP-S,Bojera,,,,,bojera,active
HHR20124 – Karrukull Plastike me Tub Uji 1/2″x20m + rakorderi/pistolete (montohet edhe ne mur),Bojera,,,,,bojera,active
"5321993-77 – Thike per LC153, 53cm",Bojera,,,,,bojera,active
71021.42925.59 – Tub Uji IDRO – YELLOW 1″ 25 m,Bojera,,,,,bojera,active
71017.20650.59 – Tub uji FITT MINT 5/8″ 50 m,Bojera,,,,,bojera,active
76196.16625.59 – Tub Uji Jeans 1/2” 25 m NTS,Bojera,,,,,bojera,active
GT3512 – Elektrokose GTE 350 W me fije 25 cm,Bojera,,,,,bojera,active
"WBLP511 – Fryrese gjethesh me bateri 20V/1.5 Ah, 2.5m3/min",Bojera,,,,,bojera,active
71300.16650.59 – Tub Uji FITT MIMOSA 1/2″ 50m*,Bojera,,,,,bojera,active
MG10011 – Tub uji Color Elastic Standard 1/2” 50m.,Bojera,,,,,bojera,active
DB100 – Turrjele Ø 100 mm,Bojera,,,,,bojera,active
90200 – Litar starti 3.0 mm x 100 m,Bojera,,,,,bojera,active
6577 – Gershere krasitje 60 cm CH-61,Bojera,,,,,bojera,active
8205-29 – Vadites i fshehur T380 / 380 m²,Bojera,,,,,bojera,active
18013-26 – Tub uji Classic 5/8″ 20m,Bojera,,,,,bojera,active
18009-20 – Tub uji Classic 1/2″ 30m,Bojera,,,,,bojera,active
12302-20 – Gershere ligustrash 180mm me shtrese kunder ngjitjes,Bojera,,,,,bojera,active
"FELCO5 – Gershere krasitje , 600 mm, Ø35 mm",Bojera,,,,,bojera,active
11130-30 – Sperkatese Mekanike me depozite 5 L,Bojera,,,,,bojera,active
6067 – Gershere krasitje alumini me teh SK5,Bojera,,,,,bojera,active
"5882755-10 – Thike per LC 247P, 47cm",Bojera,,,,,bojera,active
5784444-01 – Disk motokose me 3 tehe 350,Bojera,,,,,bojera,active
71300.30625.59 – Tub Uji FITT MIMOSA 3/4″ 25m*,Bojera,,,,,bojera,active
8737-20 – Sharre krasitje CombiSystem 325 mm,Bojera,,,,,bojera,active
4017-20 – Thike per PowerMax 42E,Bojera,,,,,bojera,active
5816266-84E – Zinxhir i gatshem C85 3/8” 1.5 mm (Made in Sweeden) 42 DH,Bojera,,,,,bojera,active
CS1500 – Mbajtese metalike per dru motosharre 800mm,Bojera,,,,,bojera,active
"WQC5534 – Ore vaditje dixhitale 3/4”, 4 Bar, 50 Lt/min",Bojera,,,,,bojera,active
MF30141 – Tub uji Idro Lili 1/2” 50m,Bojera,,,,,bojera,active
Sharre dore me hark S-330-H me mbrojtese 330 mm,Bojera,,,,,bojera,active
2977 – Sharre dore e drejte S-300-H me mbrojtese 300 mm,Bojera,,,,,bojera,active
10930 – Gershere Krasitje me teh By-pass,Bojera,,,,,bojera,active
5019592-56 – Palle 40 cm 3/8” mini 1.3 mm,Bojera,,,,,bojera,active
18305-20 – Pistolete Ujitje Premium me 2 sperkatje,Bojera,,,,,bojera,active
76199.16625.59 – Tub Uji Orange 1/2” 25 m NTS,Bojera,,,,,bojera,active
71017.30625.59 – Tub Uji FITT MINT 3/4″ 25 m,Bojera,,,,,bojera,active
DB80 – Turrjele Ø 80 mm,Bojera,,,,,bojera,active
474544 – Thike per 1400W,Bojera,,,,,bojera,active
Tub Uji FITT MINT  1/2″ 50 m,Bojera,,,,,bojera,active
Gershere krasitje alumini me teh SK-4 plus mbajtese magnetike,Bojera,,,,,bojera,active
"Set me 4 gershere kopshti (1x krasitje 220mm, 1x krasitje 225mm, 1x ligustrash 710mm, 1x krasitje te",Bojera,,,,,bojera,active
Sperkatese dore me bateri 18L/ 02-0.4bar,Bojera,,,,,bojera,active
180MLBK095 – Palle 45 cm 0.325″ 1.3 mm 72 Dh,Bojera,,,,,bojera,active
"5873863-10 – Thike per LC 140P, 40cm",Bojera,,,,,bojera,active
5974689-01 – Disk motokorrse 225mm / 24 dhemb,Bojera,,,,,bojera,active
4016-20 – Thike per Powermax 37E,Bojera,,,,,bojera,active
WXDD-16D – Sperkatese dore me bateri 16L/ 02-0.4bar,Bojera,,,,,bojera,active
18313-20 – Pistolete Ujitje ne forme dushi/ 3 lloje sprucimesh,Bojera,,,,,bojera,active
20LPX076E – Zinxhir i gatshem me kend 0.325 1.3 mm – 38 Dh,Bojera,,,,,bojera,active
188SFHD009 – Palle 45 cm 3/8” 1.5 mm 68 Dh,Bojera,,,,,bojera,active
77042.16625.59 – Tub Uji FLORA 1/2″ 25 m,Bojera,,,,,bojera,active
Set pistolete vaditje me koke dushi me 15m zorre spirale dhe aksesore te shpejte – GH9244,Bojera,,,,,bojera,active
5784447-01 – Disk motokose me 4 tehe 275,Bojera,,,,,bojera,active
5816266-72E – Zinxhir i gatshem C85 3/8” 1.5 mm (Made in Sweeden) 36 DH,Bojera,,,,,bojera,active
NC1037 – Fije per motokosa ne karrukull me profil te rrumbullaket 3.00mm-168m,Bojera,,,,,bojera,active
HSPP42002 – Sperkatese mekanike Depozita 20 L,Bojera,,,,,bojera,active
"MF30011 – Tub uji Doris 1/2” 50m, 0.110Gr/m, 12.5mm 3 shtresa",Bojera,,,,,bojera,active
492242 – Thike per Korrese Bari Easy 4.2 P-S,Bojera,,,,,bojera,active
Tub uji Classic 1/2″ 20m,Bojera,,,,,bojera,active
"AGSB52401 – Shate motosharre 60cm, 24”",Bojera,,,,,bojera,active
20LPX074E – Zinxhir i gatshem me kend 0.325 1.3 mm – 37 Dh,Bojera,,,,,bojera,active
160MLBK095 – Palle 40 cm 0.325″ 1.3 mm 66 Dh,Bojera,,,,,bojera,active
2970 – Sharre dore e drejte S-240-H me mbrojtese 240 mm,Bojera,,,,,bojera,active
5019592-45 – Palle 30 cm 3/8” mini 1.3 mm,Bojera,,,,,bojera,active
5784449-01 – Disk motokose me tre dhembe 255 x 25.4 mm 3T,Bojera,,,,,bojera,active
4080-20 – Thike per PowerMax 32 E,Bojera,,,,,bojera,active
WXDD-20D – Sperkatese dore me bateri 20L/ 02-0.4bar,Bojera,,,,,bojera,active
5816266-68E – Zinxhir i gatshem C85 3/8” 1.5 mm (Made in Sweeden) 34 DH,Bojera,,,,,bojera,active
WXM3502 – Elektrokose GTE 350 W me fije 25 cm,Bojera,,,,,bojera,active
"AB6038 – Fryrese Gjethesh 650 W,fryrja 0-4.0m³/min",Bojera,,,,,bojera,active
4059-60 – Kit (Kunja + tel + lidhese shtrimi per korreseve Robotike Sileno,Bojera,,,,,bojera,active
P31939 – Perçina /325 LH 25 cope,Bojera,,,,,bojera,active
203SFHD025 – Palle 50 cm 3/8” 1.6 mm 72 Dh (Stihl),Bojera,,Stihl,,,bojera,active
160SXEA074 – Palle 40 cm 3/8” 1.3mm 55 Dh,Bojera,,3M,,,bojera,active
5784437-01 – Thike motokose me 4 dhembe 250 x 25.4 mm,Bojera,,,,,bojera,active
18330-20 – Pistolete vaditje me steke,Bojera,,,,,bojera,active
474260 – Thika per Clasic 3.22 40cm,Bojera,,,,,bojera,active
Steke sperkatje metalike 60 mm,Bojera,,,,,bojera,active
5784451-01 – Disk motokose me 2 tehe 250,Bojera,,,,,bojera,active
8201-29 – Vadites i fshehur T100 / 50-100 m²,Bojera,,,,,bojera,active
20LPX072E – Zinxhir i gatshem me kend 0.325 1.3 mm – 36 Dh,Bojera,,,,,bojera,active
20LPX068E – Zinxhir i gatshem me kend 0.325 1.3 mm – 34 Dh,Bojera,,,,,bojera,active
180SDEA041 – Palle 45 cm 3/8” 1.3 mm 62 Dh,Bojera,,,,,bojera,active
5816431-78E – Zinxhir i gatshem X-CUT SP33G 0.325 1.3mm (Made in Sweeden) 39 D,Bojera,,3M,,,bojera,active
20LPX066E – Zinxhir i gatshem me kend 0.325 1.3 mm – 33 Dh,Bojera,,,,,bojera,active
150MLBK095 – Palle 38 cm 325 1.3 mm 64 Dh,Bojera,,,,,bojera,active
8731-30 – Gershere Bari Classic me maje te rrotullueshme,Bojera,,,,,bojera,active
"577614355 – Palle 45cm 0,325” 1.3mm K095/36dh (Stihl)",Bojera,,Stihl,,,bojera,active
5816431-76E – Zinxhir i gatshem X-CUT SP33G 0.325 1.3mm (Made in Sweeden) 38 D,Bojera,,3M,,,bojera,active
183SFHD025 – Palle 45 cm 3/8” 1.6 mm 66 Dh (Stihl),Bojera,,Stihl,,,bojera,active
163SFGD025 – Palle 40 cm 00.325″ 1.6 mm 67 Dh (Stihl),Bojera,,Stihl,,,bojera,active
HSPP41602 – Sperkatese Mekanike 16 Lt 4.5 Bar,Bojera,,,,,bojera,active
73LPX072E – Zinxhir i gatshem me kend mini 3/8” – 1.5 mm -36 Dh,Bojera,,,,,bojera,active
69-261-0 – Thike universale per korrese bari 52 cm,Bojera,,,,,bojera,active
140SXEA074 – Palle 35 cm 3/8” 1.3 mm 50 Dh (Stihl),Bojera,,Stihl,,,bojera,active
"5976688-60 – Fije motokose Opti Round 4,0mmx80m",Bojera,,,,,bojera,active
Tub Uji IDRO – YELLOW 5/8″ 50 m,Bojera,,,,,bojera,active
AGSC52401 – Zinxhir 24” per motosharre GCS5451811,Bojera,,,,,bojera,active
69-260-0 – Thike universale per korrese bari 50 cm,Bojera,,,,,bojera,active
5784464-01 – Koke filispanje T35 x M12,Bojera,,,,,bojera,active
NS1602 – Sperkatese shpine mekanike 16L,Bojera,,,,,bojera,active
"Mprehese zinxhiri X-Cut 93, S93G",Bojera,,,,,bojera,active
"WKS1516 – Sperkates shpine 16 Lt, 4.5 Bar",Bojera,,,,,bojera,active
71300.20625.59 – Tub Uji FITT MIMOSA 5/8″ 25m*,Bojera,,,,,bojera,active
73LPX068E – Zinxhir i gatshem me kend mini 3/8” – 1.5 mm -34 Dh,Bojera,,,,,bojera,active
73LPX066E – Zinxhir i gatshem me kend mini 3/8” – 1.5 mm -33 Dh,Bojera,,,,,bojera,active
20LPX064E – Zinxhir i gatshem me kend 0.325 1.3 mm – 32 Dh,Bojera,,,,,bojera,active
183SFGD025 – Palle 45 cm 00.325 1.6 mm 74 Dh (Stihl),Bojera,,Stihl,,,bojera,active
153SFGD025 – Palle 38 cm 0.325 1.6 mm 60 (Stihl),Bojera,,Stihl,,,bojera,active
5816431-72E – Zinxhir i gatshem X-CUT SP33G 0.325 1.3mm (Made in Sweeden) 36 D,Bojera,,3M,,,bojera,active
"HLT76033 – Set gersheresh (1×220 mm  gershere krasitje,1×557 mm gershere ligustrash,1×725 mm gershere hardhish)",Bojera,,,,,bojera,active
CABLI20018 – Fryrese Gjethesh me bateri 20 V (vetem trup),Bojera,,,,,bojera,active
90PX058E – Zinxhir i gatshem pa kend 3/8” 1.1 mm – 29 Dh,Bojera,,,,,bojera,active
PB100 – Rrip per motokosa dopio veshje I plote me mbrojtese,Bojera,,,,,bojera,active
69-259-0 – Thike universale per korrese bari 48 cm,Bojera,,,,,bojera,active
160SDEA318 – Palle 40 cm 3/8” 1.3mm 54 Dh,Bojera,,3M,,,bojera,active
Gershere Bari GARDENA Classic – 8730-30,Bojera,,,,,bojera,active
Sharre e palosshme krasitje e drejte E-180-H 180 mm,Bojera,,,,,bojera,active
5341618-02 – Koke me fije per motokose 122C,Bojera,,,,,bojera,active
"577614376 – Palle 38cm 0,325” 1.3mm K095/32dh",Bojera,,3M,,,bojera,active
73LPX064E – Zinxhir i gatshem me kend mini 3/8” – 1.5 mm -32 Dh,Bojera,,,,,bojera,active
5816431-68E – Zinxhir i gatshem X-CUT SP33G 0.325 1.3mm (Made in Sweeden) 34 D,Bojera,,3M,,,bojera,active
160SDEA074 – Palle 40 cm 3/8”“ 1.3 mm 55 Dh (Stihl),Bojera,,Stihl,,,bojera,active
18299-34 – Set Pistolete Ujitjeje me rakorderi te shpejte,Bojera,,,,,bojera,active
73LPX060E – Zinxhir i gatshem me kend mini 3/8” – 1.5 mm -30 Dh,Bojera,,,,,bojera,active
20LPX060E – Zinxhir i gatshem me kend 0.325 1.3 mm – 30 Dh,Bojera,,,,,bojera,active
69-258-0 – Thike universale per korrese bari 45 cm,Bojera,,,,,bojera,active
160SDEA041 – Palle 40 cm 3/8” 1.3 mm 56 Dh,Bojera,,,,,bojera,active
18291-20 – Set Pistolete Vaditje me rakorderi,Bojera,,,,,bojera,active
18303-20 – Pistolete Ujitje Comfort dhe funksion pastrimi,Bojera,,,,,bojera,active
5816431-66E – Zinxhir i gatshem X-CUT SP33G 0.325 1.3mm (Made in Sweeden) 33 D,Bojera,,3M,,,bojera,active
71017.20625.59 – Tub uji FITT MINT 5/8″ 25 m,Bojera,,,,,bojera,active
5816431-64E – Zinxhir i gatshem X-CUT SP33G 0.325 1.3mm (Made in Sweeden) 32 D,Bojera,,3M,,,bojera,active
"5976689-30 – Fije motokose Opti Quadra 3,3mmx65m",Bojera,,3M,,,bojera,active
90PX057E – Zinxhir i gatshem pa kend 3/8” 1.1 mm – 28.5 Dh,Bojera,,,,,bojera,active
34.370.11 – Shufer perzjerese kolli per turrjelen 2 ne 1,Bojera,,,,,bojera,active
71021.30625.59 – Tub Uji IDRO – YELLOW 3/4″ 25 m,Bojera,,,,,bojera,active
69-249-0 – Thike universale per korrese bari 42 cm,Bojera,,,,,bojera,active
140SDEA041 – Palle 35 cm 3/8” 1.3 mm 52 Dh,Bojera,,,,,bojera,active
91P072E – Zinxhir i gatshem 3/8 1.3 mm Picco 36 Dh,Bojera,,,,,bojera,active
"5976688-50 – Fije motokose Opti Round 3,3mmx75m",Bojera,,3M,,,bojera,active
S7 – Rrip per mbajtjen e motokoses,Bojera,,,,,bojera,active
HEPS25281 – Sharre me hark per krasitje me bisht teleskopik 280 cm,Bojera,,,,,bojera,active
90PX055E – Zinxhir i gatshem pa kend 3/8” 1.1 mm – 27.5 Dh,Bojera,,,,,bojera,active
20LPX050E – Zinxhir i gatshem me kend 0.325 1.3 mm – 25 Dh,Bojera,,,,,bojera,active
69-248-0 – Thike universale per korrese bari 40 cm,Bojera,,,,,bojera,active
P23843 – Perçina /325 LH 25 cope,Bojera,,,,,bojera,active
140SDEA318 – Palle 35 cm 3/8”” 1.3 mm 49 Dh,Bojera,,,,,bojera,active
5816431-60E – Zinxhir i gatshem X-CUT SP33G 0.325 1.3mm (Made in Sweeden) 30 D,Bojera,,3M,,,bojera,active
18311-20 – Pistolete uji ne forme dushi,Bojera,,,,,bojera,active
Steke sperkatje turbo e gjate 60 cm,Bojera,,,,,bojera,active
91P068E – Zinxhir i gatshem 3/8 1.3 mm Picco 34 Dh,Bojera,,,,,bojera,active
5784461-01 – Koke filispanje T25 x M10,Bojera,,,,,bojera,active
12240-20 – Gershere Krasitese Hardhie 22 mm per kercenj te thate,Bojera,,,,,bojera,active
5816431-58E – Zinxhir i gatshem X-CUT SP33G 0.325 1.3mm (Made in Sweeden) 29 D,Bojera,,3M,,,bojera,active
5854042-58E – Zinxhir i gateshem X-CUT S93G 3/8” mini 1.3mm (Made in Sweeden) 29D,Bojera,,3M,,,bojera,active
"Ore vaditje mekanike 2h, 3/4″ & 1″ – GH9190",Bojera,,,,,bojera,active
12241-20 – Gershere Krasitese Hardhie 20 mm,Bojera,,,,,bojera,active
"5033054-60E – Zinxhir i gateshem Micro H100R , 1/4 – 0.50” 30 Dh",Bojera,,,,,bojera,active
HHR40122 – Karrukull Plastike per Tub Uji 1/2″x40m (montohet edhe ne mur),Bojera,,,,,bojera,active
"636778 – Fije motokosashTERRAMAX, 3.0MM, 44M Blister",Bojera,,,,,bojera,active
"Fije motokosash TERRAMAX, 4.5MM, 17M Blister",Bojera,,,,,bojera,active
"636776 – Fije motokosash TERRAMAX, 4.0MM, 26M Blister",Bojera,,,,,bojera,active
"636777 – Fije motokosash TERRAMAX, 3.5MM, 36M Blister",Bojera,,,,,bojera,active
"636779 – Fije motokosash TERRAMAX, 2.7MM, 56M Blister",Bojera,,,,,bojera,active
YT-8823 – Gershere ligustrash 625MM 10”x4.0mm,Bojera,,,,,bojera,active
FC-8107 – Lidhese rrushi e zeze profi line,Bojera,,,,,bojera,active
FC-8105 – Lidhese rrushi e kuqe,Bojera,,,,,bojera,active
FC-8104 – Lidhese rrushi me thike + suste rezerve,Bojera,,,,,bojera,active
91P064E – Zinxhir i gatshem 3/8 1.3 mm Picco 32 Dh,Bojera,,,,,bojera,active
"P23910 – Perçina 3/8” 72/73, 25 cope",Bojera,,,,,bojera,active
140SDEA074 – Palle 35 cm 3/8”” 1.3 mm 50 Dh (Stihl),Bojera,,Stihl,,,bojera,active
144MLEA041 – Palle 35 cm 3/8” 1.1 mm 52 Dh,Bojera,,,,,bojera,active
5854042-56E – Zinxhir i gateshem X-CUT S93G 3/8” mini 1.3mm (Made in Sweeden) 28D,Bojera,,3M,,,bojera,active
71021.16650.59 – Tub Uji IDRO – YELLOW 1/2″ 50 m,Bojera,,,,,bojera,active
HLT7608 – Gershere krasitese ligustrash 760 mm,Bojera,,,,,bojera,active
Gershere krasitje alumini me teh inoxi KM-12,Bojera,,,,,bojera,active
"Gershere Krasitje Teleskopike 655-890mm, diametri i prerjes 40mm",Bojera,,,,,bojera,active
144MLEA074 – Palle 35 cm 3/8”” 1.1 mm 50 Dh,Bojera,,,,,bojera,active
5854042-55E – Zinxhir i gateshem X-CUT S93G 3/8” mini 1.3mm (Made in Sweeden) 27.5D,Bojera,,3M,,,bojera,active
Koke per motokose,Bojera,,,,,bojera,active
HLTS7401 – Gershere krasitje me bisht teleskopik 660-860 mm,Bojera,,,,,bojera,active
34.370.12 – Zgjatues per turrjele toke 1m,Bojera,,,,,bojera,active
CABLI20028 – Fryrese gjethesh me bateri 20V (vetem trup),Bojera,,,,,bojera,active
71300.16625.59 – Tub Uji FITT MIMOSA 1/2″ 25m*,Bojera,,,,,bojera,active
MG10010 – Tub uji Color Elastic Standard 1/2” 25m,Bojera,,,,,bojera,active
"MF30140 – Tub uji Idro Lili 1/2” 25m, 0.110gr/m 12.5mm 3 shtresa BLU",Bojera,,,,,bojera,active
K25 – Koke kultivatori Jonxhe per motokosa,Bojera,,,,,bojera,active
4090-20 – Kunja per korreseve Robotike Sileno,Bojera,,,,,bojera,active
4087-20 – Thika prerje per korrese Robotike Sileno,Bojera,,,,,bojera,active
120SDEA041 – Palle 30 cm 3/8”” 1.3 mm 45 Dh,Bojera,,,,,bojera,active
5854042-52E – Zinxhir i gateshem X-CUT S93G 3/8” mini 1.3mm (Made in Sweeden) 26 D,Bojera,,3M,,,bojera,active
Nakayama-Sperkates shpine 8 Lt,Bojera,,,,,bojera,active
Sperkates shpine 5 Lt,Bojera,,,,,bojera,active
Pistolete vaditje me koke dushi klasike set me 2 rakorderi dhe adaptor,Bojera,,,,,bojera,active
"5976691-31 – Fije motokose Whisper Twist 2,7mmx60m",Bojera,,,,,bojera,active
"5976691-41 – Fije motokose Whisper Twist 3,0mmx48m",Bojera,,,,,bojera,active
"5033054-56E – Zinxhir i gateshem Micro H100R , 1/4 – 0.50” 28 Dh",Bojera,,,,,bojera,active
91P062E – Zinxhir i gatshem 3/8 1.3 mm Picco 31 Dh,Bojera,,,,,bojera,active
89373 – Tub pikimi vadites plastik 30M/ 16mm me adaptor te shpejte,Bojera,,,,,bojera,active
FC-8102 – Lidhese rrusi e verdhe me rrip plastik,Bojera,,,,,bojera,active
120SDEA074 – Palle 30 cm 3/8” 1.3 mm 44 Dh (Stihl),Bojera,,Stihl,,,bojera,active
5816431-50E – Zinxhir i gatshem X-CUT SP33G 0.325 1.3mm (Made in Sweeden) 25 D,Bojera,,3M,,,bojera,active
5854042-50E – Zinxhir i gateshem X-CUT S93G 3/8” mini 1.3mm (Made in Sweeden) 25D,Bojera,,3M,,,bojera,active
"5033054-55E – Zinxhir i gateshem Micro H100R , 1/4 – 0.50” 27.5 Dh",Bojera,,,,,bojera,active
90PX052E – Zinxhir i gatshem pa kend 3/8” 1.1 mm – 26 Dh,Bojera,,,,,bojera,active
91P060E – Zinxhir i gatshem 3/8 1.3 mm Picco 30 Dh,Bojera,,,,,bojera,active
Steke sperkatje turbo e shkurter 30 cm,Bojera,,,,,bojera,active
5854042-48E – Zinxhir i gateshem X-CUT S93G 3/8” mini 1.3mm (Made in Sweeden) 24D,Bojera,,3M,,,bojera,active
"5033054-52E – Zinxhir i gateshem Micro H100R , 1/4 – 0.50” 26 Dh",Bojera,,,,,bojera,active
90PX050E – Zinxhir i gatshem pa kend 3/8” 1.1 mm – 25 Dh,Bojera,,,,,bojera,active
91P058E – Zinxhir i gatshem 3/8 1.3 mm Picco 29 Dh,Bojera,,,,,bojera,active
124MLEA041 – Palle 30 cm 3/8” 1.1 mm 45 Dh,Bojera,,,,,bojera,active
S3 – Rrip per mbajtjen e motokoses,Bojera,,,,,bojera,active
12230-20 – Gershere Krasitese Hardhie 20 mm,Bojera,,,,,bojera,active
"MF30010 – Tub uji Doris 1/2” 25m, 0.110Gr/m, 12.5mm 3 shtresa",Bojera,,,,,bojera,active
71017.16625.59 – Tub Uji FITT MINT 1/2″ 25 m,Bojera,,,,,bojera,active
18301-20 – Pistolete Ujitje Classic me 2 sperkatje,Bojera,,,,,bojera,active
"5293406-60 – Zinxhir SP11G 1/4” mini 1.1mm, 30D",Bojera,,,,,bojera,active
90PX045E – Zinxhir i gatshem pa kend 3/8” 1.1 mm – 22.5 Dh,Bojera,,,,,bojera,active
"577615134 – Zinxhir I gatshem 0,325” 1.3mm 64dh / 38cm",Bojera,,3M,,,bojera,active
HSPP30802 – Sperkatese Mekanike 8 Lt 2.5 Bar,Bojera,,,,,bojera,active
577614348 – Palle 45cm 3/8” 1.3mm A041/31dh,Bojera,,3M,,,bojera,active
91P057E – Zinxhir i gatshem 3/8 1.3 mm Picco 28.5 Dh,Bojera,,,,,bojera,active
91P056E – Zinxhir i gatshem 3/8 1.3 mm Picco 28 Dh,Bojera,,,,,bojera,active
SSF500 – Gershere krasitje me doreze metalike dhe tel celik te forte,Bojera,,,,,bojera,active
Steke sperkatje bronzi 60 cm,Bojera,,,,,bojera,active
"Gershere Ligustrash 29″/725mm, diametri i prerjes 23mm",Bojera,,3M,,,bojera,active
AGSC51801 – Zinxhir 18” per motosharren,Bojera,,,,,bojera,active
AGSB51801 – Shpate motosharre 18″,Bojera,,,,,bojera,active
HLT7401 – Gershere krasitje 30″(760mm) prerja max 25 mm,Bojera,,,,,bojera,active
"5033054-50E – Zinxhir i gateshem Micro H100R , 1/4 – 0.50” 25 Dh",Bojera,,,,,bojera,active
5854042-45E – Zinxhir i gateshem X-CUT S93G 3/8” mini 1.3mm (Made in Sweeden) 22.5D,Bojera,,3M,,,bojera,active
5854042-44E – Zinxhir i gateshem X-CUT S93G 3/8” mini 1.3mm (Made in Sweeden) 22 D,Bojera,,3M,,,bojera,active
"577615153 – Zinxhir I gatshem 0,325” 1.5mm 64dh / 38cm (Stihl)",Bojera,,Stihl,,,bojera,active
"577615148 – Zinxhir I gatshem 0,325” 1.3mm 66dh / 40cm",Bojera,,3M,,,bojera,active
577615127 – Zinxhir I gatshem  3/8” 1.3mm 56dh / 40cm,Bojera,,3M,,,bojera,active
GLM196201-SP-B3 – Thike per GLM196201 51cm,Bojera,,,,,bojera,active
90PX044E – Zinxhir i gatshem pa kend 3/8” 1.1 mm – 22 Dh,Bojera,,,,,bojera,active
N8 – Koke per fije najloni me zinxhir,Bojera,,,,,bojera,active
Fije per motokosa me blister per profil Katror4.00mm x 24m,Bojera,,,,,bojera,active
Fije per motokosa me blister per profil Katror3.50mm x 35m,Bojera,,,,,bojera,active
Fije per motokosa me blister per profil Katror3.00mm x 48m,Bojera,,,,,bojera,active
577615126 – Zinxhir I gatshem  3/8” 1.3mm 55dh / 40cm (Stihl),Bojera,,Stihl,,,bojera,active
577614371 – Palle 45cm 3/8” 1.3mm T318/30dh (Stihl),Bojera,,Stihl,,,bojera,active
"AGSC51603 – Zinxhir motosharre 3/8’’, 0.043’’, 56 DH, 40cm",Bojera,,,,,bojera,active
91P055E – Zinxhir i gatshem 3/8 1.3 mm Picco 27.5 Dh,Bojera,,,,,bojera,active
FELCO932 – Xhep lekure per gershere felco,Bojera,,,,,bojera,active
35835 – Lopate metalike me bisht fibre 120CM,Bojera,,,,,bojera,active
"4089-20 – Kit per mirembajtjen, pastrimin e korreseve Robotike Sileno",Bojera,,,,,bojera,active
5816431-40E – Zinxhir i gatshem X-CUT SP33G 0.325 1.3mm (Made in Sweeden) 20 D,Bojera,,3M,,,bojera,active
"Sharre krastije e drejte 250mm, teh SK5 7TPI doreze 2 komponente",Bojera,,,,,bojera,active
GH6736 – Adaptor alumini Mashkull 3″ me filetim femer,Bojera,,,,,bojera,active
91P054E – Zinxhir i gatshem 3/8 1.3 mm Picco 27 Dh,Bojera,,,,,bojera,active
AGSB51603 – Shpate 16″ per motosharra CGSLI401682/UCGSLI401682/CGSLI40168,Bojera,,,,,bojera,active
90PX040E – Zinxhir i gatshem pa kend 3/8” 1.1 mm – 20 Dh,Bojera,,,,,bojera,active
100SDEA041 – Palle 25 cm 3/8” mini x 1.3 mm,Bojera,,,,,bojera,active
"5976688-31 – Fije motokose Opti Round 2,7mmx70m",Bojera,,,,,bojera,active
5976688-41 – Fije motokose e kuqe ROUND 3 mm x 56 m,Bojera,,,,,bojera,active
5976688-21 – Fije motokose 2.4 mm x 90 m,Bojera,,,,,bojera,active
"Fije per motokosa me blister per profil Twist 4,70mm-19m",Bojera,,,,,bojera,active
"Fije per motokosa me blister per profil Twist 4,30mm-23m",Bojera,,3M,,,bojera,active
"Fije per motokosa me blister per profil Twist 4,00mm-28m",Bojera,,,,,bojera,active
"Fije per motokosa me blister per profil Twist 3,50mm-36m",Bojera,,,,,bojera,active
577615122 – Zinxhir I gatshem  3/8” 1.3mm 52dh / 35cm,Bojera,,3M,,,bojera,active
577614370 – Palle 40cm 3/8” 1.3mm T318/27.5dh (Stihl),Bojera,,Stihl,,,bojera,active
577615902 – Koke motokosash automatike P35,Bojera,,,,,bojera,active
577615901 – Koke motokosash automatike P25,Bojera,,,,,bojera,active
"AGSC51201 – Zinxhir rezerve per motosharren 20v, 30cm",Bojera,,,,,bojera,active
Pistolete vaditje Neo me koke dushi me 6 funksione – GH9206,Bojera,,,,,bojera,active
"5976689-01 – Fije motokose Opti Quadra 2,4mmx70m",Bojera,,,,,bojera,active
"5976689-20 – Fije motokose Opti Quadra 3,0mmx48m",Bojera,,,,,bojera,active
"5976689-10 – Fije motokose Opti Quadra 2,7mm x 55m",Bojera,,,,,bojera,active
577615121 – Zinxhir I gatshem  3/8” 1.3mm 50dh / 35cm (Stihl),Bojera,,Stihl,,,bojera,active
GLM141181-SP-B3 – Thike per GLM141181 46cm,Bojera,,,,,bojera,active
91P052E – Zinxhir i gatshem 3/8 1.3 mm Picco 26 Dh,Bojera,,,,,bojera,active
"5033054-38E – Zinxhir i gateshem Micro H100R , 1/4 – 0.50” 19 Dh",Bojera,,,,,bojera,active
577615120 – Zinxhir I gatshem  3/8” 1.3mm 49dh / 35cm,Bojera,,3M,,,bojera,active
577615119 – Zinxhir I gatshem  3/8” 1.3mm 49dh / 30cm,Bojera,,3M,,,bojera,active
HSPP30502 – Sperkatese Mekanike 5 Lt 2.5 Bar,Bojera,,,,,bojera,active
577614334 – Palle 40cm  3/8” 1.3mm K095/28dh,Bojera,,3M,,,bojera,active
577614378 – Palle 35cm 3/8” 1.3mm A095/26dh,Bojera,,3M,,,bojera,active
ALS2001 – Fije motokose rrumbullake 2.0mmx450gr,Bojera,,,,,bojera,active
"AGSB51201 – Shpate  per motosharren 20V, 30cm",Bojera,,,,,bojera,active
91P050E – Zinxhir i gatshem 3/8 1.3 mm Picco 25 Dh,Bojera,,,,,bojera,active
5306-20 – Koke me fije per Smallcut 300,Bojera,,,,,bojera,active
5307-20 – Koke me fije per easycut 400 powercut 450,Bojera,,,,,bojera,active
"GH6738 – Bashkues alumini per tuba petashuk / pompe, Femer 1″",Bojera,,,,,bojera,active
"NC1040 – Fije per motokosa me blister me profil Twist Vortex  3,5 x 41m",Bojera,,,,,bojera,active
71021.20625.59 – Tub Uji IDRO – YELLOW 5/8″ 25 m,Bojera,,,,,bojera,active
"NC1043 – Fije per motokosa me blister me profil Twist Vortex  4,70 x 23m",Bojera,,3M,,,bojera,active
"NC1042 – Fije per motokosa me blister me profil Twist Vortex  4,30 x 27m",Bojera,,,,,bojera,active
"NC1041 – Fije per motokosa me blister me profil Twist Vortex  4,00 x 32m",Bojera,,,,,bojera,active
91P046E – Zinxhir i gatshem 3/8 1.3 mm Picco 23 Dh,Bojera,,,,,bojera,active
"HHS6001 – Gershere ligustrash 22” 557 mm, 10 mm",Bojera,,,,,bojera,active
577614323 – Palle 35cm 3/8” 1.3mm A318 /25dh (Stihl),Bojera,,Stihl,,,bojera,active
HHS6301 – Gershere krasitese ligustrash 557 mm,Bojera,,,,,bojera,active
"Koke me 2 fije motokose M10x1,25LHF",Bojera,,,,,bojera,active
AGSC51001 – Zinxhir 25 cm per motosharre  GCS5261011,Bojera,,,,,bojera,active
N9 – Koke per fije najloni me perforcim metalik,Bojera,,,,,bojera,active
08241-20 – Vadites I fshehur SD30 / 30m²,Bojera,,,,,bojera,active
PB200 – Rrip per motokosa me mbrojtese,Bojera,,,,,bojera,active
91P045E – Zinxhir i gatshem 3/8 1.3 mm Picco 22.5 Dh,Bojera,,,,,bojera,active
"P24295 – Perçina 3/8”-91, 25 cope",Bojera,,,,,bojera,active
AGSB51001 – Shpate 25 cm per motosharre  GCS5261011,Bojera,,,,,bojera,active
HLT7101 – Gershere krasitje 29″(725mm) prerja max 20 mm,Bojera,,,,,bojera,active
Sopate me bisht druri 1250gr – WMB6312,Bojera,,,,,bojera,active
"NC1034 – Fije per motokosa najloni me blister me profil te rrumbullaket 3,00mm- 56m",Bojera,,,,,bojera,active
"NC1035 – Fije per motokosa najloni me blister me profil te rrumbullaket 3,50mm- 41m",Bojera,,,,,bojera,active
"NC1033 – Fije per motokosa najloni me blister me profil te rrumbullaket 2,40mm- 87m",Bojera,,,,,bojera,active
"YT-84933 – Palle 50cm  0,325” 1.3mm 78dh",Bojera,,3M,,,bojera,active
91P044E – Zinxhir i gatshem 3/8 1.3 mm Picco 22 Dh,Bojera,,,,,bojera,active
Gershere krastije Alumini 200mm prerja 18mm teh SK5,Bojera,,,,,bojera,active
"YT-849332 – Palle 45cm  0,325” 1.3mm 72dh",Bojera,,3M,,,bojera,active
3205/1103 – Fashete me qafore 110 x 1” PN16,Bojera,,,,,bojera,active
91P040E – Zinxhir i gatshem 3/8 1.3 mm Picco 20 Dh,Bojera,,,,,bojera,active
Set pistolete vaditje me koke dushi me 2 rakorderi 1/2” & 3/4” & adaptor – GH9216,Bojera,,,,,bojera,active
Set pistolete vaditje me 2 rakorderi 1/2” & 3/4” & adaptor – GH9214,Bojera,,,,,bojera,active
Pistolete vaditje comfort me koke dushi me 7 funksione – GH9212,Bojera,,,,,bojera,active
"EC1205 – Zinxhir 1/4″ (.043″) 1,1mm 46dh per EC1200",Bojera,,,,,bojera,active
577615105 – Zinxhir I gatshem 3/8” 1.1mm 52dh / 35cm,Bojera,,,,,bojera,active
577615103 – Zinxhir I gatshem 3/8” 1.1mm 46dh / 30cm,Bojera,,,,,bojera,active
577615101 – Zinxhir I gatshem 3/8” 1.1mm 44dh / 30cm,Bojera,,,,,bojera,active
577615114 – Zinxhir I gatshem  3/8” 1.3mm 44dh / 30cm,Bojera,,3M,,,bojera,active
LM385-SP-30 – Thike per korrese elek. 38cm,Bojera,,,,,bojera,active
LM383-SP-18 – Thike per korrese bari LM383,Bojera,,,,,bojera,active
HSPP30102 – Sperkatese mekanike Depozita 1 L,Bojera,,,,,bojera,active
577615701 – Set me 2 lima 4.0mm + lime te sheshte dhe doreze,Bojera,,,,,bojera,active
YT-849301 – Palle 40cm 3/8″ 1.3mm 55dh (Stihl),Bojera,,Stihl,,,bojera,active
"YT-849331 – Palle 40cm  0,325” 1.3mm 66dh",Bojera,,3M,,,bojera,active
71021.16625.59 – Tub Uji IDRO – YELLOW 1/2″ 25 m,Bojera,,,,,bojera,active
"AGSC50801 – Zinxhir motosharre 3/8’’, 0.043’’, 33 DH, 20cm",Bojera,,,,,bojera,active
AGSB50801 – Shpate motosharre 20Cm,Bojera,,,,,bojera,active
99054 – Lopate e palosshme kopeshti metalike,Bojera,,,,,bojera,active
"SSF645 – Koke sfurku me 4 dhembe, 217*325*445mm, I zi",Bojera,,,,,bojera,active
99250 – Gershere shartimi dhe krasitje 2 ne 1,Bojera,,,,,bojera,active
99005 – Gershere ligustrash 550MM 24mm,Bojera,,,,,bojera,active
3205/0903 – Fashete me qafore 90 x 1” PN16,Bojera,,,,,bojera,active
YT-84935 – Palle 40cm per elektrosharre YT-84935,Bojera,,,,,bojera,active
YT-8801 – Gershere krasitese Diam Prerje 1”,Bojera,,,,,bojera,active
THK1.1B – Thike komplet per bluaresen per CM-1.1B,Bojera,,,,,bojera,active
91P032E – Zinxhir i gatshem 3/8 1.3 mm Picco 16 Dh,Bojera,,,,,bojera,active
1097 – Gershere Krasitese me teh inoxi me hark,Bojera,,,,,bojera,active
18214-20 – Rakorderi e shpejte me bllokues uji 3/4″,Bojera,,,,,bojera,active
Gershere krasitje inoxi per rrush me teh te gjate,Bojera,,,,,bojera,active
Steke sperkatje me vide 90 cm,Bojera,,,,,bojera,active
Koke universale motokose,Bojera,,,,,bojera,active
ALS25405 – Koke me fije motokose,Bojera,,,,,bojera,active
YT-84930 – Palle 36cm 3/8″ 1.3mm 50dh (Stihl),Bojera,,Stihl,,,bojera,active
YT-84931 – Palle 36cm 3/8” 1.3mm 52dh,Bojera,,3M,,,bojera,active
"SSF686 – Koke shati, 170x190mm 1050gr",Bojera,,,,,bojera,active
"SSF635 – Koke kazme e sheshte 100*275mm, 0,6 kg",Bojera,,,,,bojera,active
YT-8800 – Gershere krasitese Diam Prerje 5/8”,Bojera,,,,,bojera,active
18300-20 – Pistolete Ujitje klasike me rregullim presioni,Bojera,,,,,bojera,active
Disk motokose me 40 dhembe 255 mm,Bojera,,,,,bojera,active
Disk motokose me 3 tehe F 300mm – 3mm,Bojera,,3M,,,bojera,active
Disk me 2 tehe 300×25.4 mm,Bojera,,,,,bojera,active
"EC1105 – Zinxhir 1/4″ (.043″) 1,1mm 37dh per EC1050",Bojera,,,,,bojera,active
EC1253 – Lame e siperme per EC1250,Bojera,,,,,bojera,active
"SSF620 – Koke lopate me baze te gjere, 250*270*325mm 1.1KG",Bojera,Primer & Baza,,,,bojera,active
"SSF610 – Koke lopate e harkuar, 270*300*352mm 1.2KG",Bojera,,,,,bojera,active
WPR2301 – Gershere ligustrash 22”/550mm,Bojera,,,,,bojera,active
Gershere krasitje 27”/690mm,Bojera,,,,,bojera,active
"YT-85142 – Koke metalike me furce te ashper per motokosa 200mm/25,4 MM",Bojera,Aksesorë Bojimi,,,,bojera,active
FC-8231 – Gershere shartimi metalike,Bojera,,,,,bojera,active
P5 – Mbrojtese disku per motokosa,Bojera,,,,,bojera,active
Steke sperkatje me vide 60 cm,Bojera,,,,,bojera,active
Koke motokose alumini me 4 fije 35 cm,Bojera,,,,,bojera,active
4672/4032 – Ti me reduksion 32 x 32 x 32 PN10,Bojera,,,,,bojera,active
YT-84917 – Palle 30cm 3/8″ 1.1mm 45dh,Bojera,,,,,bojera,active
"SSF615 – Koke lopate me maje, 270*295*380mm 0.95KG",Bojera,,,,,bojera,active
577614202 – Disk motokosash me 4 tehe  Ø 255mm,Bojera,,,,,bojera,active
18216-20 – Rakorderi e shpejte 3/4″,Bojera,,,,,bojera,active
B4 – Disk motokose me shume dhembe per pastrim degesh 255 x 25 mm me 40 dhembe,Bojera,,,,,bojera,active
Koke motokose me fije me dalje 4/8”,Bojera,,,,,bojera,active
"Gure mprehes zinxhirrash 145*22,2*3,2 mm",Bojera,,,,,bojera,active
HPS0308 – Gershere hardhie me doreza te verdha 8″,Bojera,,,,,bojera,active
TSB423045 – Disk motokose 230 mm x 40 T,Bojera,,,,,bojera,active
Pistolete vaditje me rregullim fuqie – GH9202,Bojera,,,,,bojera,active
Pistolete vaditje me koke dushi me 7 funskione – GH9208,Bojera,,,,,bojera,active
"AGSC50501 – Zinxhir I gatshem 1/4” 0.043, 32DH",Bojera,,,,,bojera,active
YT-849299 – Palle 30cm 3/8″ 1.3mm 44dh (Stihl),Bojera,,Stihl,,,bojera,active
YT-84916 – Palle 25cm 3/8″ 1.1mm 40dh,Bojera,,,,,bojera,active
YT-84925 – Palle 25cm  3/8″ 1.3mm 40dh,Bojera,,3M,,,bojera,active
89105 – Bashkuese bronzi per tub 3/4”,Bojera,,,,,bojera,active
AGSB50501 – Shpate motosharre 12Cm,Bojera,,,,,bojera,active
3205/0633 – Fashete me qafore 63 x 1” PN16,Bojera,,,,,bojera,active
577614206 – Disk motokosash me shume dhembe  Ø 230mm,Bojera,,,,,bojera,active
577614205 – Disk motokosash me 4 tehe  Ø 230mm,Bojera,,,,,bojera,active
577614201 – Disk motokosash me 3 tehe  Ø 255mm,Bojera,,,,,bojera,active
18213-20 – Rakorderi e shpejte me bllokues uji 1/2″,Bojera,,,,,bojera,active
N4 – Koke per fije najloni me insert metalik,Bojera,,,,,bojera,active
B8 – Disk motokose me shume dhembe per pastrim degesh 255 x 25 mm,Bojera,,,,,bojera,active
B9 – Disk motokose me shume dhembe 255 x 25 mm,Bojera,,,,,bojera,active
"GH6748 – Bashkues alumini per tuba petashuk / pompe, Mashkull 1″",Bojera,,,,,bojera,active
GH9218 – Set pistolete vaditje me 4 rakorderi 1/2” & 3/4”,Bojera,,,,,bojera,active
YT-8808 – Gershere lulesh 8” 200mm PFTE,Bojera,,,,,bojera,active
5973555-01 – Lima 3 cope – 4.5 mm,Bojera,,,,,bojera,active
B12 – Disk motokose me tre tehe 300 x 25 mm,Bojera,,,,,bojera,active
Steke sperkatje metalike VINEYARD 60 mm,Bojera,,,,,bojera,active
Gershere bari me rrotullim 340° 7″/180mm – WPA2602,Bojera,,,,,bojera,active
"ALS1602 – Set me 4 koka me fije per motokosa 1.6mm x 5mm per CGTLI20018,CGTLI20328,CGTLI20301,UCGTLI20301,CGTL",Bojera,,,,,bojera,active
B5 – Disk motokose me shume dhembe I zi 255x25mm me 40 dhembe,Bojera,,,,,bojera,active
"HPS3306 – Sharre Krasitje me hark 13″/330mm, me dhembe te 3-fishte 6Tpi, 65Mn, SK5",Bojera,,,,,bojera,active
"89164 – Vadites I fshehur 1/2” F , 25-360grade 15M",Bojera,,,,,bojera,active
Kane uji plastike 5.0Lt,Bojera,,,,,bojera,active
18215-50 – Rakorderi e shpejte 1/2″,Bojera,,,,,bojera,active
HPS0601 – Gershere Krasitje 8.5 220 mm,Bojera,,,,,bojera,active
HFSW1808 – Sharre per krasitje e palosshme 7 180 mm,Bojera,,,,,bojera,active
ABCB05 – Disk motokose me 3 tehe 255 mm,Bojera,,,,,bojera,active
NS1500 – Sperkates dore plastik me depozite 1.5L,Bojera,,,,,bojera,active
GH6728 – Adaptor alumini Mashkull 1″ me filetim femer,Bojera,,,,,bojera,active
"HPS3006 – Sharre Krasitje e drejte 12″/300mm, me dhembe te 3-fishte 7Tpi, 65Mn, SK5",Bojera,,,,,bojera,active
4672/3225 – Ti me reduksion 25 x 25 x 25 PN10,Bojera,,,,,bojera,active
89259 – Sperkates metalik 24m 45-360grade,Bojera,,,,,bojera,active
"HSPP20202 – Sperkatese dore mekanike 2 Lt, 2.5",Bojera,,,,,bojera,active
YT-85111 – Koke metalike me fije 9.5mm,Bojera,,,,,bojera,active
79566 – Disk motokose me shume 40 dhembe 250 / 25.4 mm,Bojera,,,,,bojera,active
79563 – Disk motokose me 2 tehe te kthyer 320 mm / 25.4 mm,Bojera,,,,,bojera,active
N7 – Koke per fije najloni metalike,Bojera,,,,,bojera,active
18233-20 – Bashkuese tubi uji 3/4″,Bojera,,,,,bojera,active
N2 – Koke per fije najloni,Bojera,,,,,bojera,active
ALS1601 – Set me dy koka me fije per motokosa 1.6 mm x 5 m,Bojera,,,,,bojera,active
Gershere bari 7″/180mm – WPA2601,Bojera,,,,,bojera,active
WMB6306 – Sopate me Bisht Druri 600gr,Bojera,,,,,bojera,active
LM321-SP-30 – Thike per korrese bari LM321,Bojera,,,,,bojera,active
89100 – Rakorderi e shpejte bronzi 1/2″,Bojera,,,,,bojera,active
99301 – Gershere bari 120mm thika /300MM gjatesi,Bojera,,,,,bojera,active
FC-8831 – Thike gershere shartimi metalike,Bojera,,,,,bojera,active
Gershere shartimi set,Bojera,,,,,bojera,active
99204 – Gershere krasitje Alumini 220 mm,Bojera,,,,,bojera,active
"5976691-40 – Fije motokose Whisper Twist 3,0mmx9m",Bojera,,,,,bojera,active
"5976691-30 – Fije motokose Whisper Twist 2,7mmx10m",Bojera,,,,,bojera,active
"5976691-20 – Fije motokose Whisper Twist 2,4mmx12m",Bojera,,,,,bojera,active
"5976692-30 – Fije motokose Corecut 3,0x10m",Bojera,,,,,bojera,active
"5976692-20 – Fije motokose Corecut 2,7x12m",Bojera,,,,,bojera,active
"5976692-10 – Fije motokose Corecut 2,4x15m",Bojera,,,,,bojera,active
B10 – Disk motokose me shume dhembe,Bojera,,,,,bojera,active
Steke sperkatje metalike me doreze plastike 60 mm,Bojera,,,,,bojera,active
Sharre krasitje me grep 14”/350mm – WHW8G14,Bojera,,,,,bojera,active
89211 – Pistolete uji me koke dush me 8 funksione,Bojera,,,,,bojera,active
89104 – Bashkuese bronzi per tub 1/2”,Bojera,,,,,bojera,active
79562 – Disk motokose me 8 tehe 250mm / 25.4 mm,Bojera,,,,,bojera,active
49428 – Zgjatues steke sperkatesi metalik i gjate 75 cm,Bojera,,,,,bojera,active
49439 – Steke sperkatese 50 cm me hundes te sheshte,Bojera,,,,,bojera,active
"5976688-40 – Fije motokose Opti Round 3,0mmx10m",Bojera,,,,,bojera,active
5976688-30 – Fije motokose Opti Round 2.7 x 12 m,Bojera,,,,,bojera,active
5976688-20 – Fije motokose Opti Round 2.4 x 15 m,Bojera,,,,,bojera,active
18232-20 – Bashkuese tubi uji 13 mm (1/2″) – 15 mm (5/8″),Bojera,,,,,bojera,active
4672/2520 – Ti me reduksion 20 x 20 x 20 PN10,Bojera,,,,,bojera,active
3202/1103 – Fashete me qafore 110 x 1” PN10,Bojera,,,,,bojera,active
"89162 – Vadites I fshehur 1/2” F , 25-360grade 8M",Bojera,,,,,bojera,active
"89163 – Vadites I fshehur 1/2” F , 25-360grade 10M",Bojera,,,,,bojera,active
WHW7G12 – Sharre krasitje 12”/300mm,Bojera,,,,,bojera,active
WHW5G12 – Sharre krasitje 11”/270mm,Bojera,,,,,bojera,active
89214 – Pistolete uji plastike me 3 funksone,Bojera,,,,,bojera,active
89109 – Adaptor rubineti bronzi 3/4″ & 1″,Bojera,,,,,bojera,active
HFSW18028C – Sharre krasitje e palosshme 7″/ 180mm,Bojera,,,,,bojera,active
YT-84953 – Zinxhir 54DH 3/8” 1.3mm per elektrosharren YT-84935,Bojera,,3M,,,bojera,active
99230 – Gershere krasitje me By-Pass 200mm,Bojera,,,,,bojera,active
28641 – Sharre krasitese e palosshme 180MM,Bojera,,,,,bojera,active
28640 – Sharre krasitese druri 250MM,Bojera,,,,,bojera,active
HHC1201 – Rubinet dysh per ndarjen e ujit 1/2,Bojera,,,,,bojera,active
HPS0109 – Gershere krasitje alumini 8″ 200 mm,Bojera,,,,,bojera,active
577616401 – Vaj per motora me 4 kohe SAE30 – 0.6Lt,Bojera,,,,,bojera,active
89108 – Adaptor bronzi per tub 1/2″ & 3/4″,Bojera,,,,,bojera,active
WHW4607 – Sharre e palosshme 7”/180mm,Bojera,,,,,bojera,active
99240 – Gershere rrushi dhe lulesh 190mm SK5,Bojera,,,,,bojera,active
79565 – Disk motokose me 3 tehe 2 mm / 250mm / 25.4 mm,Bojera,,,,,bojera,active
B1 – Disk motokose me dy tehe 255 x 25 mm,Bojera,,,,,bojera,active
HWSG092 – Pistolete vaditje plastike me koke dushi,Bojera,,,,,bojera,active
3651/0323 – Ti F/Mashkull 32 x 1” x 32 PN10,Bojera,,,,,bojera,active
3202/0903 – Fashete me qafore 90 x 1” PN10,Bojera,,,,,bojera,active
GH9242 – Mbajtese plastike murali,Bojera,,,,,bojera,active
WPA1E08 – Gershere krasitje 8”/200mm,Bojera,,,,,bojera,active
79560 – Disk motokose I drejte me 2 tehe 250mm,Bojera,,,,,bojera,active
FC-8201 – Gershere shartimi,Bojera,,,,,bojera,active
79564 – Disk motokose me 3 tehe te kthyer 2 mm / 250mm / 25.4 mm,Bojera,,,,,bojera,active
2931-20 – Bashkuese tubi uji per 2 lidhje,Bojera,,,,,bojera,active
2921-20 – Adaptor rubineti mashkull 3/4″,Bojera,,,,,bojera,active
18222-50 – Adaptor rubineti G1″,Bojera,,,,,bojera,active
B3 – Disk motokose me tre tehe 255 x 25 mm,Bojera,,,,,bojera,active
B2 – Disk motokose me dy tehe,Bojera,,,,,bojera,active
3671/3232 – Ti 32 x 32 x 32 PN10,Bojera,,,,,bojera,active
3262/3225 – Manikote me reduksion 32 x 25 PN10,Bojera,,,,,bojera,active
Rakorderi e shpejte uji 3/4″,Bojera,,,,,bojera,active
3651/0253 – Ti F/Mashkull 25 x 1” x 25 PN10,Bojera,,,,,bojera,active
3651/0203 – Ti F/Mashkull 20 x 1” x 20 PN10,Bojera,,,,,bojera,active
3673/3232 – TI 32x32x32mm PN16,Bojera,,,,,bojera,active
3300/3225 – Brryl me reduksion 32 x 25 PN6,Bojera,,,,,bojera,active
3299/3232 – Brryl  32 x 32 PN10,Bojera,,,,,bojera,active
3352/0604 – Reduksion plastik F/F 2” x 11/4”,Bojera,,,,,bojera,active
3352/0605 – Reduksion plastik F/F 2” x 1½”,Bojera,,,,,bojera,active
99037 – Prashites kopeshti 300mm,Bojera,,,,,bojera,active
WKW1815 – Kane uji plastike Depozita 1.5 Lt,Bojera,,,,,bojera,active
99401 – Kreher metalik me koke te rregullueshme (Pa bisht),Bojera,,,,,bojera,active
HHCS05122 – Set me 5 rakorderi uji,Bojera,,,,,bojera,active
HWSG032 – Pistolete vaditje plastike,Bojera,,,,,bojera,active
Rakorderi e shpejte uji 1/2″,Bojera,,,,,bojera,active
18220-20 – Adaptor rubineti 1/2,Bojera,,,,,bojera,active
3653/0323 – TI F/Mashkull 32 x 1” x 32 PN16,Bojera,,,,,bojera,active
3671/2525 – Ti 25 x 25 x 25 PN10,Bojera,,,,,bojera,active
3299/2525 – Brryl  25 x 25 PN10,Bojera,,,,,bojera,active
3283/0323 – Brryl F/Femer 32 x 1” PN10,Bojera,,,,,bojera,active
4283/0253 – Brryl F/Femer 25 x 1” PN10,Bojera,,,,,bojera,active
3352/0504 – Reduksion plastik F/F 1½” x 11/4”,Bojera,,,,,bojera,active
3262/2520 – Manikote me reduksion 25 x 20 PN10,Bojera,,,,,bojera,active
3262/3232 – Manikote 32 x 32 PN10,Bojera,,,,,bojera,active
3202/0633 – Fashete me qafore 63 x 1” PN10,Bojera,,,,,bojera,active
89203 – Set me 4 rakorderi plastike 3/4″ & 1″ dhe pistolete vaditje,Bojera,,,,,bojera,active
18221-50 – Adaptor rubineti 3/4″,Bojera,,,,,bojera,active
"SSF052 – Maja per lidhese perimesh, paketim 10000 PCS",Bojera,,,,,bojera,active
"NC1032 – Fije per motokosa najloni me blister me profil te rrumbullaket 2,40mm-15m",Bojera,,,,,bojera,active
3673/2525 – TI 25x25x25mm PN16,Bojera,,,,,bojera,active
89272 – Sperkates plastik 1/2” 360 grade 14m,Bojera,,,,,bojera,active
577615704 – Set me 2 lima 4.8mm,Bojera,,,,,bojera,active
89106 – Adaptor bronzi per tub 3/4″,Bojera,,,,,bojera,active
89204 – Set me 4 rakorderi plastike 1/2″ & 3/4″,Bojera,,,,,bojera,active
99033 – Mbjelles farishtesh,Bojera,,,,,bojera,active
HOS3422 – Sperkates me oshilator toke,Bojera,,,,,bojera,active
Adaptor lidhes flutur,Bojera,,,,,bojera,active
HHC1202 – Rubinet dysh per ndarjen e ujit 1,Bojera,,,,,bojera,active
Adaptor I shpejte 1/2” & 3/4”,Bojera,,,,,bojera,active
3311/0333 – Ti plastike M/M/M 1” x 1” x 1”,Bojera,,,,,bojera,active
3611/0333 – Ti plastike F/F/F 1” x 1” x 1”,Bojera,,,,,bojera,active
3291/2525 – Ti 25 x 25 x 25 PN6,Bojera,,,,,bojera,active
3673/2020 – TI 20x20x20mm PN16,Bojera,,,,,bojera,active
3671/2020 – TI 20 x 20 x 20 PN10,Bojera,,,,,bojera,active
3299/2020 – Brryl 20 x 20 PN10,Bojera,,,,,bojera,active
4283/0202 – Brryl F/Femer 20 x 3/4” PN10,Bojera,,,,,bojera,active
3282/0323 – Brryl F/Mashkull  32 x 1” PN10,Bojera,,,,,bojera,active
3298/3232 – Brryl 32 x 32 PN18,Bojera,,,,,bojera,active
WQC2E33 – Set me 3 rakorderi te shpejta 1/2”,Bojera,,,,,bojera,active
4352/0403 – Reduksion plastik F/F 1 1/4” x 1”,Bojera,,,,,bojera,active
3263/3225 – Manikote me reduksion 32 x 25mm PN16,Bojera,,,,,bojera,active
3261/3225 – Manikote me reduksion 32 x 25 PN6,Bojera,,,,,bojera,active
3261/3220 – Manikote me reduksion 32 x 20 PN6,Bojera,,,,,bojera,active
3250/0252 – Manikote F/Femer 25 x 3/4” PN6,Bojera,,,,,bojera,active
3250/0253 – Manikote F/Femer 25 x 1” PN6,Bojera,,,,,bojera,active
3250/0251 – Manikote F/Femer 25 x ½” PN6,Bojera,,,,,bojera,active
3256/0323 – Manikote F/Femer  32 x 1” PN10,Bojera,,,,,bojera,active
3263/3232 – Manikote 32 x 32mm PN16,Bojera,,,,,bojera,active
3262/2525 – Manikote 25 x 25 PN10,Bojera,,,,,bojera,active
577616831 – Litar starti I gatshem 3.5mmx2.5m,Bojera,,,,,bojera,active
03.18 – Kreher Vjelje Ulliri I drejte me 9 dhembe dhe doreze druri 30cm 114,Bojera,,,,,bojera,active
ST5 – Site 5″ per bluaresen per CM-1.1B,Bojera,,,,,bojera,active
ST4 – Site 4″ per bluaresen per CM-1.1B,Bojera,,,,,bojera,active
ST3 – Site 3″ per bluaresen per CM-1.1B,Bojera,,,,,bojera,active
ST2 – Site 2″ per bluaresen per CM-1.1B,Bojera,,,,,bojera,active
ST1 – Site 1″ per bluaresen per CM-1.1B,Bojera,,,,,bojera,active
70502 – Lima 5.5 mm,Bojera,,,,,bojera,active
70505 – Lima 5.2 mm,Bojera,,,,,bojera,active
70503 – Lima 4.8 mm,Bojera,,,,,bojera,active
70511 – Lima 4.5 mm,Bojera,,,,,bojera,active
70504 – Lima 4.0 mm,Bojera,,,,,bojera,active
105898 – Lima 3.6 mm,Bojera,,,,,bojera,active
Rakorderi e shpejte femer 1/2”,Bojera,,,,,bojera,active
HWW092 – Steke me koke dushi,Bojera,,,,,bojera,active
HHCS03122 – Set me 3 rakorderi te shpejta lidhese,Bojera,,,,,bojera,active
3653/0252 – TI F/Mashkull 25 x 3/4” x 25 PN16,Bojera,,,,,bojera,active
3653/0202 – TI F/Mashkull 20 x 3/4” x 20 PN16,Bojera,,,,,bojera,active
3653/0201 – TI F/Mashkull 20 x ½” x 20 PN16,Bojera,,,,,bojera,active
3256/0253 – Manikote F/Femer  25 x 1” PN10,Bojera,,,,,bojera,active
3202/0502 – Fashete me qafore 50 x 3/4” PN10,Bojera,,,,,bojera,active
3202/0503 – Fashete me qafore 50 x 1” PN10,Bojera,,,,,bojera,active
99180 – Gershere lulesh 170mm,Bojera,,,,,bojera,active
3311/0222 – Ti plastike M/M/M 3/4” x 3/4” x 3/4”,Bojera,,,,,bojera,active
3611/0222 – Ti plastike F/F/F 3/4” x 3/4” x 3/4”,Bojera,,,,,bojera,active
3300/2520 – Brryl me reduksion 25 x 20 PN6,Bojera,,,,,bojera,active
3300/2525 – Brryl 25 x 25 PN6,Bojera,,,,,bojera,active
3282/0253 – Brryl F/Mashkull 25 x 1” PN10,Bojera,,,,,bojera,active
3282/0202 – Brryl F/Mashkull 20 x 3/4” PN10,Bojera,,,,,bojera,active
3298/2525 – Brryl 25 x 25 PN17,Bojera,,,,,bojera,active
3302/0506 – Reduksion plastik M/M 2” x 1½”,Bojera,,,,,bojera,active
3261/2520 – Manikote me reduksion 25 x 20 PN6,Bojera,,,,,bojera,active
3252/0253 – Manikote F/Mashkull 25 x 1” PN10,Bojera,,,,,bojera,active
3250/0202 – Manikote F/Femer 20 x 3/4” PN6,Bojera,,,,,bojera,active
3250/0201 – Manikote F/Femer 20 x ½” PN6,Bojera,,,,,bojera,active
3256/0202 – Manikote F/Femer  20 x 3/4” PN10,Bojera,,,,,bojera,active
3261/2525 – Manikote bashkuese 25 x 25 PN6,Bojera,,,,,bojera,active
3262/2020 – Manikote 20 x 20 PN10,Bojera,,,,,bojera,active
3202/0403 – Fashete me qafore 40 x 1” PN10,Bojera,,,,,bojera,active
3252/0323 –  Manikote F/Mashkull 32 x 1” PN10,Bojera,,,,,bojera,active
Bashkuese tubi uji mashkull per 2 lidhje 1/2” – GH9226,Bojera,,,,,bojera,active
"NC1031 – Fije per motokosa najloni me blister me profil te rrumbullaket 2,00mm-15m",Bojera,,,,,bojera,active
3263/2525 – Manikote 25 x 25mm PN16,Bojera,,,,,bojera,active
577616314 – Fije motokosash e rrumbullaket 2.4mmx15m Portokalli,Bojera,,,,,bojera,active
88806 – Tel per lidhje rrushi me mbrojtese plastike 50M,Bojera,,,,,bojera,active
LC10000-03-732 – Lima rrethore per zinxhire 5.5 mm,Bojera,,,,,bojera,active
LC10000-03-1364 – Lima rrethore per zinxhire 5.2 mm,Bojera,,,,,bojera,active
LC10000-03-316 – Lima rrethore per zinxhire 4.8 mm,Bojera,,,,,bojera,active
LC10000-03-45 – Lima rrethore per zinxhire 4.5 mm,Bojera,,,,,bojera,active
LC10000-03-532 – Lima rrethore per zinxhire 4.0 mm,Bojera,,,,,bojera,active
LC10000-03-964 – Lima rrethore per zinxhire 3.6 mm,Bojera,,,,,bojera,active
5973561-02 – Lime 12 cope 5.5 mm,Bojera,,,,,bojera,active
5973559-02 – Lima 12 cope – 5.2 mm,Bojera,,,,,bojera,active
5973558-02 – Lima 12 cope – 4.8 mm,Bojera,,,,,bojera,active
5973548-02 – Lima 12 cope – 4.0 mm,Bojera,,,,,bojera,active
3298/2020 – Brryl 20 x 20 PN16,Bojera,,,,,bojera,active
3610/0303 – Brryl plastik F/F 1” x 1”,Bojera,,,,,bojera,active
3301/0606 – Nipel plastik 2” x 2”,Bojera,,,,,bojera,active
3263/2520 – Manikote me reduksion 25 x 20mm PN16,Bojera,,,,,bojera,active
3294/3323 – Bryll F/ Mashkull 32 x 1” PN16,Bojera,,,,,bojera,active
3202/0322 – Fashete me qafore 32 x 3/4” PN10,Bojera,,,,,bojera,active
4202/0323 – Fashete me qafore 32 x 1” PN10,Bojera,,,,,bojera,active
89424 – Fije motokose 2.4 mm x 15m profil yll,Bojera,,,,,bojera,active
577616311 – Fije motokosash e rrumbullaket 1.5mmx15m Blu,Bojera,,,,,bojera,active
Set rakorderi 1/2″+ adaptor 3/4″ – WQC6E34,Bojera,,,,,bojera,active
"NC1030 – Fije per motokosa najloni me blister me profil te rrumbullaket  1,60mm-15m",Bojera,,,,,bojera,active
577616407 – Vaj mishele 2T – 100ml,Bojera,,,,,bojera,active
3610/0202 – Brryl plastik F/F 3/4” x 3/4”,Bojera,,,,,bojera,active
3308/0303 – Brryl plastik F/M 1” x 1”,Bojera,,,,,bojera,active
3300/2020 – Brryl 20 x 20 PN6,Bojera,,,,,bojera,active
3291/2020 – Ti 20 x 20 x 20 PN6,Bojera,,,,,bojera,active
3310/0303 – Brryl plastik M/M 1” x 1”,Bojera,,,,,bojera,active
3302/0405 – Reduksion plastik M/M 1½” x 11/4”,Bojera,,,,,bojera,active
3301/0505 – Nipel plastik 1½” x 1½”,Bojera,,,,,bojera,active
3252/0202 – Manikote F/Mashkull 20 x 3/4” PN10,Bojera,,,,,bojera,active
3261/2020 – Manikote bashkuese 20 x 20 PN6,Bojera,,,,,bojera,active
3263/2020 – Manikote 20 x 20mm PN16,Bojera,,,,,bojera,active
3202/0321 – Fashete me qafore 32 x ½” PN10,Bojera,,,,,bojera,active
4202/0252 – Fashete me qafore 25 x 3/4” PN10,Bojera,,,,,bojera,active
4202/0251 – Fashete me qafore 25 x ½” PN10,Bojera,,,,,bojera,active
3294/3252 – Bryll F/Mashkull 25 x 3/4” PN16,Bojera,,,,,bojera,active
"BFT7032 – Bisht druri per fshese/lecke dyshemeje, 120cm, me diameter 2,4 cm",Bojera,,,,,bojera,active
HHCS01342 – RAKORDERI E SHPEJTE 3/4,Bojera,,,,,bojera,active
Pistolete Vaditje e drejte me bllokim 5″ – WNE1E05,Bojera,,,,,bojera,active
3253/0322 – Manikote F/Mashkull 32 x 3/4” PN16,Bojera,,,,,bojera,active
89423 – Fije motokose 2.0 mm x 15m profil yll,Bojera,,,,,bojera,active
Rakorderi uji e shpejte me bllokim 3/4″ – WQC2E34,Bojera,,,,,bojera,active
3308/0302 – Brryl plastik F/M 1” x 3/4”,Bojera,,,,,bojera,active
3308/0202 – Brryl plastik F/M 3/4” x 3/4”,Bojera,,,,,bojera,active
3310/0202 – Brryl plastik M/M 3/4” x 3/4”,Bojera,,,,,bojera,active
89233 – Rakorderi reduktuese plastike 3/4″ & 1/2″,Bojera,,,,,bojera,active
89224 – Rakorderi e shpejte plastike 3/4″ me varje,Bojera,,,,,bojera,active
3253/0323 – Manikote F/Mashkull 32 x 1” PN16,Bojera,,,,,bojera,active
3251/0252 – Manikote F/Mashkull 25 x 3/4” PN6,Bojera,,,,,bojera,active
3251/0253 – Manikote F/Mashkull 25 x 1” PN6,Bojera,,,,,bojera,active
3294/3201 – Bryll F/Mashkull 20 x ½” PN16,Bojera,,,,,bojera,active
HHCS01122 – RAKORDERI E SHPEJTE 1/2,Bojera,,,,,bojera,active
3311/0111 – Ti plastike M/M/M ½” x ½”x ½”,Bojera,,,,,bojera,active
3611/0111 – Ti plastike F/F/F ½” x ½” x ½”,Bojera,,,,,bojera,active
3610/0101 – Brryl plastik F/F ½” x ½”,Bojera,,,,,bojera,active
3308/0201 – Brryl plastik F/M 3/4” x ½”,Bojera,,,,,bojera,active
3308/0101 – Brryl plastik F/M ½” x ½”,Bojera,,,,,bojera,active
3331/0003 – Tape fundore M 1”,Bojera,,,,,bojera,active
3302/0402 – Reduksion plastik M/M 11/4” x 3/4”,Bojera,,,,,bojera,active
3302/0403 – Reduksion plastik M/M 11/4” x 1”,Bojera,,,,,bojera,active
3352/0302 – Reduksion plastik F/F 1” x 3/4”,Bojera,,,,,bojera,active
89222 – Rakorderi e shpejte plastike 1/2″ me varje,Bojera,,,,,bojera,active
89227 – Rakoderi e shpejte 3/4″ me bllokues uji,Bojera,,,,,bojera,active
3301/0404 – Nipel plastik 11/4” x 11/4”,Bojera,,,,,bojera,active
3253/0252 – Manikote F/Mashkull 25 x 3/4” PN16,Bojera,,,,,bojera,active
3253/0253 – Manikote F/Mashkull 25 x 1” PN16,Bojera,,,,,bojera,active
3351/0303 – Manikote F/F 1” x 1”,Bojera,,,,,bojera,active
89252 – Adaptor rubineti plastik 1″ & 3/4″F me varje,Bojera,,,,,bojera,active
GH9040-D – Adaptor me filetim mashkull 3/4”,Bojera,,,,,bojera,active
89422 – Fije motokose 1.6mm x 15m profil yll,Bojera,,,,,bojera,active
3331/0002 – Tape fundore M 3/4”,Bojera,,,,,bojera,active
89225 – Rakoderi e shpejte 1/2″ me bllokues uji,Bojera,,,,,bojera,active
3251/0202 – Manikote F/Mashkull 20 x 3/4” PN6,Bojera,,,,,bojera,active
3253/0202 – Manikote F/Mashkull 20 x 3/4” PN16,Bojera,,,,,bojera,active
3251/0201 – Manikote F/Mashkull 20 x ½” PN6,Bojera,,,,,bojera,active
3253/0201 – Manikote F/Mashkull 20 x ½” PN16,Bojera,,,,,bojera,active
3351/0202 – Manikote F/F 3/4” x 3/4”,Bojera,,,,,bojera,active
3351/0101 – Manikote F/F ½” x ½”,Bojera,,,,,bojera,active
89242 – Adaptor rubineti plastik 3/4″ & 1/2″F me varje,Bojera,,,,,bojera,active
3352/0301 – Reduksion plastik F/F 1” x ½”,Bojera,,,,,bojera,active
3301/0303 – Nipel plastik 1” x 1”,Bojera,,,,,bojera,active
3310/0101 – Brryl plastik M/M ½” x ½”,Bojera,,,,,bojera,active
3302/0302 – Reduksion plastik M/M 1” x 3/4”,Bojera,,,,,bojera,active
3302/0301 – Reduksion plastik M/M 1” x ½”,Bojera,,,,,bojera,active
3331/0001 – Tape fundore M ½”,Bojera,,,,,bojera,active
3302/0201 – Reduksion plastik M/M 3/4” x ½”,Bojera,,,,,bojera,active
3301/0202 – Nipel plastik 3/4” x 3/4”,Bojera,,,,,bojera,active
FC-8281 – Shirit Izolues shartimi,Bojera,,,,,bojera,active
3301/0101 – Nipel plastik ½” x ½”,Bojera,,,,,bojera,active
